date,DGS2,DGS5,DGS10,DGS30,DFII5,DFII10,DFII30,T5YIE,T10YIE,T5YIFR,DGS3MO,slope_2s10s_bps,slope_5s30s_bps
2015-01-02,0.0066,0.0161,0.0212,0.0269,0.0031,0.0040999999999999995,0.0076,0.013000000000000001,0.0171,0.0212,0.0002,146.0,108.0
2015-01-05,0.0068000000000000005,0.015700000000000002,0.0204,0.026000000000000002,0.0032,0.004,0.0070999999999999995,0.0125,0.016399999999999998,0.0203,0.0003,136.0,103.0
2015-01-06,0.006500000000000001,0.015,0.0197,0.0252,0.0034000000000000002,0.0040999999999999995,0.0068000000000000005,0.0116,0.015600000000000001,0.0196,0.0003,131.99999999999997,102.00000000000001
2015-01-07,0.0062,0.0147,0.0196,0.0252,0.0031,0.0039000000000000003,0.0068000000000000005,0.0116,0.015700000000000002,0.019799999999999998,0.0003,134.0,105.0
2015-01-08,0.0062,0.015,0.0203,0.0259,0.0029,0.0040999999999999995,0.0073,0.0121,0.016200000000000003,0.0203,0.0003,140.99999999999997,109.0
2015-01-09,0.0059,0.014499999999999999,0.019799999999999998,0.0255,0.0025,0.0036,0.0072,0.012,0.016200000000000003,0.0204,0.0002,139.0,110.0
2015-01-12,0.005600000000000001,0.0139,0.0192,0.024900000000000002,0.0023,0.0034999999999999996,0.0069,0.0116,0.015700000000000002,0.019799999999999998,0.0003,135.99999999999997,110.00000000000003
2015-01-13,0.0054,0.0137,0.0191,0.024900000000000002,0.0032,0.0037,0.0073,0.0105,0.0154,0.0203,0.0003,137.0,112.00000000000001
2015-01-14,0.0051,0.013300000000000001,0.018600000000000002,0.024700000000000003,0.0015,0.0029,0.0069,0.0118,0.015700000000000002,0.0196,0.0004,135.00000000000003,114.00000000000003
2015-01-15,0.0044,0.012199999999999999,0.0177,0.024,0.0004,0.0019,0.0060999999999999995,0.0118,0.0158,0.019799999999999998,0.0003,133.0,118.00000000000001
2015-01-16,0.0049,0.0129,0.0183,0.024399999999999998,0.001,0.0023,0.0066,0.011899999999999999,0.016,0.020099999999999996,0.0003,134.0,114.99999999999999
2015-01-20,0.0053,0.0131,0.0182,0.0239,0.0012,0.0023,0.0063,0.011899999999999999,0.0159,0.0199,0.0003,129.00000000000003,108.0
2015-01-21,0.0053,0.013500000000000002,0.0187,0.024399999999999998,0.0018,0.0026,0.0070999999999999995,0.011699999999999999,0.0161,0.020499999999999997,0.0003,134.00000000000003,108.99999999999997
2015-01-22,0.0053,0.0139,0.019,0.0246,0.002,0.0029,0.0069,0.011899999999999999,0.0161,0.0203,0.0003,137.0,107.00000000000001
2015-01-23,0.0052,0.013300000000000001,0.0181,0.023799999999999998,0.0012,0.0021,0.0060999999999999995,0.0121,0.016,0.0199,0.0002,129.00000000000003,104.99999999999997
2015-01-26,0.0054,0.013600000000000001,0.0183,0.024,0.0012,0.0022,0.0064,0.0124,0.0161,0.019799999999999998,0.0003,129.0,104.0
2015-01-27,0.0054,0.0134,0.0183,0.024,0.0005,0.0017000000000000001,0.0064,0.0129,0.0166,0.0203,0.0002,129.0,106.0
2015-01-28,0.005,0.0125,0.0173,0.0229,0.0001,0.0012,0.005600000000000001,0.0124,0.0161,0.019799999999999998,0.0002,122.99999999999999,104.0
2015-01-29,0.0051,0.0128,0.0177,0.0233,-0.0003,0.0015,0.0059,0.0131,0.016200000000000003,0.019299999999999998,0.0003,126.0,105.0
2015-01-30,0.004699999999999999,0.0118,0.0168,0.0225,-0.0011,0.0003,0.0052,0.0129,0.0165,0.020099999999999996,0.0002,121.0,107.0
2015-02-02,0.0049,0.011899999999999999,0.0168,0.0225,-0.0013,0.0003,0.0054,0.0132,0.0165,0.019799999999999998,0.0002,118.99999999999999,106.0
2015-02-03,0.0052,0.0128,0.0179,0.023700000000000002,-0.0012,0.0009,0.0062,0.013999999999999999,0.017,0.02,0.0002,127.0,109.00000000000001
2015-02-04,0.0052,0.0129,0.0181,0.0239,-0.0006,0.001,0.006,0.013500000000000002,0.0171,0.0207,0.0001,129.00000000000003,110.00000000000001
2015-02-05,0.0052,0.013000000000000001,0.0183,0.0242,-0.0008,0.0013,0.0064,0.0138,0.017,0.0202,0.0002,131.0,111.99999999999999
2015-02-06,0.006500000000000001,0.0148,0.0195,0.025099999999999997,0.0012,0.0024,0.0068000000000000005,0.013600000000000001,0.0171,0.0206,0.0002,130.0,102.99999999999997
2015-02-09,0.006500000000000001,0.0149,0.0196,0.0252,0.0013,0.0025,0.0067,0.013600000000000001,0.0171,0.0206,0.0001,131.0,103.0
2015-02-10,0.0067,0.0152,0.020099999999999996,0.0258,0.002,0.0031,0.0074,0.0132,0.017,0.0208,0.0001,133.99999999999994,106.0
2015-02-11,0.0067,0.015300000000000001,0.02,0.025699999999999997,0.0021,0.0032,0.0075,0.0132,0.0168,0.0204,0.0001,133.0,103.99999999999996
2015-02-12,0.0060999999999999995,0.015,0.0199,0.0258,0.0013,0.0033,0.0078000000000000005,0.0137,0.0166,0.0195,0.0002,138.00000000000003,108.0
2015-02-13,0.0066,0.015300000000000001,0.0202,0.0263,0.0021,0.0034000000000000002,0.008100000000000001,0.0132,0.0168,0.0204,0.0001,136.0,110.0
2015-02-17,0.006999999999999999,0.016200000000000003,0.021400000000000002,0.0273,0.0029,0.0043,0.0087,0.013300000000000001,0.0171,0.0209,0.0002,144.00000000000003,110.99999999999999
2015-02-18,0.0062,0.0152,0.0207,0.027000000000000003,0.002,0.0036,0.008199999999999999,0.0132,0.0171,0.021,0.0002,145.0,118.00000000000003
2015-02-19,0.0067,0.0158,0.021099999999999997,0.0273,0.0023,0.0037,0.0084,0.013500000000000002,0.0174,0.0213,0.0002,143.99999999999997,115.0
2015-02-20,0.0067,0.0161,0.0213,0.0273,0.0024,0.0038,0.0083,0.0137,0.0175,0.0213,0.0002,145.99999999999997,112.00000000000001
2015-02-23,0.0064,0.015600000000000001,0.0206,0.026600000000000002,0.0022,0.0034000000000000002,0.0079,0.0134,0.0172,0.021,0.0002,142.0,110.00000000000001
2015-02-24,0.006,0.0147,0.0199,0.026000000000000002,0.0014000000000000002,0.0027,0.0073,0.013300000000000001,0.0172,0.021099999999999997,0.0002,139.0,113.00000000000003
2015-02-25,0.0060999999999999995,0.0147,0.0196,0.0256,0.0011,0.0024,0.006999999999999999,0.013600000000000001,0.0172,0.0208,0.0002,135.0,109.00000000000001
2015-02-26,0.0066,0.0154,0.0203,0.0263,0.0005,0.0024,0.0072,0.0149,0.0179,0.0209,0.0003,137.0,109.0
2015-02-27,0.0063,0.015,0.02,0.026000000000000002,0.0001,0.0017000000000000001,0.0068000000000000005,0.0149,0.0183,0.0217,0.0002,137.0,110.00000000000003
2015-03-02,0.0066,0.015700000000000002,0.0208,0.0268,0.0003,0.0025,0.0075,0.0154,0.0183,0.0212,0.0002,142.0,110.99999999999999
2015-03-03,0.0068000000000000005,0.0161,0.0212,0.0271,0.0004,0.0026,0.0075,0.015700000000000002,0.018600000000000002,0.0215,0.0002,144.0,110.0
2015-03-04,0.0066,0.016,0.0212,0.027200000000000002,-0.0001,0.0025,0.0074,0.0161,0.0187,0.0213,0.0001,146.0,112.00000000000001
2015-03-05,0.006500000000000001,0.015700000000000002,0.021099999999999997,0.0271,0.0004,0.0027,0.0074,0.015300000000000001,0.0184,0.0215,0.0002,145.99999999999997,113.99999999999997
2015-03-06,0.0073,0.017,0.022400000000000003,0.028300000000000002,0.0015,0.0040999999999999995,0.0086,0.0155,0.0183,0.021099999999999997,0.0001,151.00000000000003,113.00000000000001
2015-03-09,0.006999999999999999,0.0166,0.022000000000000002,0.027999999999999997,0.0019,0.0044,0.0088,0.0147,0.0176,0.020499999999999997,0.0002,150.00000000000003,113.99999999999997
2015-03-10,0.006999999999999999,0.016200000000000003,0.021400000000000002,0.0273,0.0026,0.0040999999999999995,0.0085,0.013600000000000001,0.0173,0.021,0.0002,144.00000000000003,110.99999999999999
2015-03-11,0.006999999999999999,0.016,0.021099999999999997,0.0269,0.0015,0.0039000000000000003,0.0083,0.014499999999999999,0.0172,0.0199,0.0003,140.99999999999997,109.0
2015-03-12,0.0067,0.0159,0.021,0.0269,0.0018,0.0039000000000000003,0.0084,0.0141,0.0171,0.020099999999999996,0.0003,143.0,110.0
2015-03-13,0.0068000000000000005,0.016,0.0213,0.027000000000000003,0.002,0.0044,0.0088,0.013999999999999999,0.0169,0.019799999999999998,0.0003,145.0,110.00000000000003
2015-03-16,0.0066,0.015700000000000002,0.021,0.026699999999999998,0.003,0.0045000000000000005,0.0087,0.0127,0.0165,0.0203,0.0005,144.0,109.99999999999996
2015-03-17,0.006999999999999999,0.015600000000000001,0.0206,0.026099999999999998,0.0022,0.0042,0.008100000000000001,0.0134,0.016399999999999998,0.0194,0.0005,136.0,104.99999999999997
2015-03-18,0.005699999999999999,0.0141,0.019299999999999998,0.025099999999999997,0.0008,0.0023,0.0066,0.013300000000000001,0.017,0.0207,0.0003,135.99999999999997,109.99999999999997
2015-03-19,0.0063,0.0148,0.019799999999999998,0.0254,-0.0001,0.0019,0.006500000000000001,0.0149,0.0179,0.0209,0.0003,134.99999999999997,105.99999999999999
2015-03-20,0.006,0.014199999999999999,0.019299999999999998,0.025,-0.0008,0.0017000000000000001,0.0060999999999999995,0.015,0.0176,0.0202,0.0001,132.99999999999997,108.00000000000003
2015-03-23,0.006,0.0141,0.0192,0.025099999999999997,-0.0007000000000000001,0.0017000000000000001,0.0062,0.0148,0.0175,0.0202,0.0003,131.99999999999997,109.99999999999997
2015-03-24,0.0058,0.0137,0.018799999999999997,0.0246,-0.0016,0.0011,0.0055000000000000005,0.015300000000000001,0.0177,0.020099999999999996,0.0002,129.99999999999997,109.0
2015-03-25,0.0059,0.0141,0.019299999999999998,0.025,-0.0015,0.0012,0.005699999999999999,0.015600000000000001,0.0181,0.0206,0.0004,134.0,109.00000000000001
2015-03-26,0.0060999999999999995,0.0147,0.020099999999999996,0.026000000000000002,-0.001,0.0021,0.0067,0.015700000000000002,0.018000000000000002,0.0203,0.0003,139.99999999999997,113.00000000000003
2015-03-27,0.0058,0.014199999999999999,0.0195,0.0253,-0.0012,0.0019,0.0064,0.0154,0.0176,0.019799999999999998,0.0004,137.0,111.0
2015-03-30,0.0058,0.0141,0.0196,0.0255,-0.0008,0.0023,0.0069,0.0149,0.0173,0.0197,0.0004,138.0,113.99999999999999
2015-03-31,0.005600000000000001,0.0137,0.0194,0.0254,-0.0014000000000000002,0.0018,0.0069,0.0151,0.0176,0.020099999999999996,0.0003,138.0,116.99999999999999
2015-04-01,0.0055000000000000005,0.0132,0.0187,0.024700000000000003,-0.0026,0.0007000000000000001,0.006,0.0158,0.018000000000000002,0.0202,0.0003,132.0,115.00000000000003
2015-04-02,0.0055000000000000005,0.013500000000000002,0.0192,0.0253,-0.0021,0.0011,0.0064,0.015600000000000001,0.0181,0.0206,0.0002,136.99999999999997,117.99999999999999
2015-04-03,0.0049,0.0126,0.018500000000000003,0.024900000000000002,-0.0032,0.0002,0.0058,0.0158,0.0183,0.0208,0.0002,136.00000000000003,123.00000000000001
2015-04-06,0.0051,0.0131,0.0192,0.025699999999999997,-0.0029,0.0007000000000000001,0.0066,0.016,0.018500000000000003,0.021,0.0003,140.99999999999997,125.99999999999997
2015-04-07,0.0052,0.0132,0.0189,0.0252,-0.0028000000000000004,0.0004,0.006,0.016,0.018500000000000003,0.021,0.0002,137.0,120.0
2015-04-08,0.0054,0.013500000000000002,0.0192,0.0253,-0.0023,0.0008,0.0063,0.0158,0.0184,0.021,0.0003,137.99999999999997,117.99999999999999
2015-04-09,0.005600000000000001,0.013999999999999999,0.0197,0.026099999999999998,-0.0019,0.0013,0.0068000000000000005,0.0159,0.0184,0.0209,0.0003,140.99999999999997,121.0
2015-04-10,0.005699999999999999,0.0141,0.0196,0.0258,-0.0015,0.0014000000000000002,0.0067,0.015600000000000001,0.0182,0.0208,0.0002,139.0,117.0
2015-04-13,0.0054,0.0138,0.0194,0.0258,-0.0017000000000000001,0.0014000000000000002,0.0068000000000000005,0.0155,0.018000000000000002,0.020499999999999997,0.0003,140.0,120.0
2015-04-14,0.0053,0.0134,0.019,0.0254,-0.0021,0.001,0.006500000000000001,0.0155,0.018000000000000002,0.020499999999999997,0.0002,137.0,119.99999999999999
2015-04-15,0.0051,0.013300000000000001,0.0191,0.0255,-0.0026,0.0007000000000000001,0.0064,0.0159,0.0184,0.0209,0.0002,139.99999999999997,121.99999999999997
2015-04-16,0.005,0.0131,0.019,0.0256,-0.0027,0.0005,0.0063,0.0158,0.018500000000000003,0.0212,0.0002,139.99999999999997,125.0
2015-04-17,0.0051,0.0131,0.0187,0.025099999999999997,-0.0034000000000000002,-0.0002,0.0054,0.0165,0.0189,0.0213,0.0001,136.0,119.99999999999997
2015-04-20,0.0055000000000000005,0.013300000000000001,0.019,0.0256,-0.0027,0.0001,0.0059,0.016,0.0189,0.0218,0.0003,134.99999999999997,123.0
2015-04-21,0.0055000000000000005,0.013500000000000002,0.0192,0.0258,-0.0024,0.0006,0.0063,0.0159,0.018600000000000002,0.0213,0.0003,136.99999999999997,122.99999999999999
2015-04-22,0.005699999999999999,0.0141,0.0199,0.026600000000000002,-0.0019,0.0012,0.006999999999999999,0.016,0.0187,0.021400000000000002,0.0003,142.0,125.00000000000003
2015-04-23,0.0055000000000000005,0.0137,0.0196,0.0263,-0.0033,0.0007000000000000001,0.0066,0.017,0.0189,0.0208,0.0003,140.99999999999997,126.0
2015-04-24,0.0054,0.0134,0.019299999999999998,0.0262,-0.0037,0.0004,0.0064,0.0171,0.0189,0.0207,0.0003,138.99999999999997,128.0
2015-04-27,0.0054,0.013600000000000001,0.0194,0.026099999999999998,-0.0034999999999999996,0.0003,0.0063,0.0171,0.0191,0.021099999999999997,0.0002,140.0,124.99999999999997
2015-04-28,0.005600000000000001,0.0139,0.02,0.0268,-0.003,0.0011,0.0070999999999999995,0.0169,0.0189,0.0209,0.0002,144.0,129.00000000000003
2015-04-29,0.005600000000000001,0.0143,0.0206,0.0276,-0.0027,0.0014000000000000002,0.0076,0.017,0.0192,0.021400000000000002,0.0001,150.0,133.0
2015-04-30,0.0058,0.0143,0.020499999999999997,0.0275,-0.0029,0.0011,0.0072,0.0172,0.0194,0.0216,0.0001,146.99999999999997,132.0
2015-05-01,0.006,0.015,0.0212,0.0282,-0.0022,0.0018,0.0078000000000000005,0.0172,0.0194,0.0216,0.0001,152.0,132.0
2015-05-04,0.006,0.0151,0.0216,0.0288,-0.0018,0.0024,0.0086,0.0169,0.0192,0.0215,0.0002,156.0,137.0
2015-05-05,0.0062,0.0154,0.0219,0.028999999999999998,-0.0018,0.0025,0.0086,0.0172,0.0194,0.0216,0.0001,157.0,135.99999999999997
2015-05-06,0.006500000000000001,0.0158,0.0225,0.0298,-0.0011,0.0034000000000000002,0.0095,0.0169,0.0191,0.0213,0.0002,160.0,139.99999999999997
2015-05-07,0.0063,0.0155,0.0218,0.028999999999999998,-0.0011,0.003,0.0088,0.0166,0.018799999999999997,0.021,0.0001,155.0,134.99999999999997
2015-05-08,0.0059,0.015,0.0216,0.028999999999999998,-0.0016,0.0028000000000000004,0.0089,0.0166,0.018799999999999997,0.021,0.0001,157.00000000000003,139.99999999999997
2015-05-11,0.0062,0.0159,0.022799999999999997,0.030299999999999997,-0.0005,0.004,0.01,0.016399999999999998,0.018799999999999997,0.0212,0.0002,165.99999999999997,143.99999999999997
2015-05-12,0.0060999999999999995,0.0158,0.022799999999999997,0.0302,-0.0007000000000000001,0.004,0.009899999999999999,0.0165,0.018799999999999997,0.021099999999999997,0.0003,167.0,144.0
2015-05-13,0.0059,0.015700000000000002,0.0227,0.030699999999999998,-0.001,0.0040999999999999995,0.0104,0.0167,0.018600000000000002,0.020499999999999997,0.0002,168.00000000000003,149.99999999999997
2015-05-14,0.005600000000000001,0.0151,0.0223,0.030299999999999997,-0.0014000000000000002,0.0036,0.0103,0.0165,0.0187,0.0209,0.0001,167.0,151.99999999999997
2015-05-15,0.0055000000000000005,0.0146,0.021400000000000002,0.029300000000000003,-0.0016,0.0031,0.009399999999999999,0.016200000000000003,0.0183,0.0204,0.0002,159.0,147.00000000000003
2015-05-18,0.0058,0.0154,0.0223,0.0302,-0.001,0.0037,0.0102,0.016399999999999998,0.018600000000000002,0.0208,0.0002,165.0,148.0
2015-05-19,0.0063,0.016,0.0227,0.0305,-0.0002,0.0042,0.0106,0.016200000000000003,0.018500000000000003,0.0208,0.0002,164.0,145.0
2015-05-20,0.006,0.015700000000000002,0.0226,0.030600000000000002,-0.0008,0.0038,0.0106,0.0165,0.018799999999999997,0.021099999999999997,0.0002,165.99999999999997,149.0
2015-05-21,0.006,0.015300000000000001,0.0219,0.0298,-0.001,0.0034999999999999996,0.0101,0.0163,0.0184,0.020499999999999997,0.0002,158.99999999999997,145.0
2015-05-22,0.0064,0.015700000000000002,0.022099999999999998,0.029900000000000003,-0.0008,0.0034000000000000002,0.01,0.0165,0.0187,0.0209,0.0002,157.0,142.0
2015-05-26,0.0064,0.0154,0.021400000000000002,0.028900000000000002,-0.0005,0.0032,0.009399999999999999,0.0159,0.0182,0.020499999999999997,0.0002,150.00000000000003,135.00000000000003
2015-05-27,0.0064,0.015300000000000001,0.021400000000000002,0.0288,-0.0001,0.0034000000000000002,0.0095,0.0154,0.018000000000000002,0.0206,0.0001,150.00000000000003,134.99999999999997
2015-05-28,0.0062,0.0151,0.0213,0.028900000000000002,-0.0002,0.0033,0.0098,0.015300000000000001,0.018000000000000002,0.0207,0.0001,151.0,138.00000000000003
2015-05-29,0.0060999999999999995,0.0149,0.0212,0.0288,-0.0008,0.0032,0.0095,0.015700000000000002,0.018000000000000002,0.0203,0.0001,151.0,139.0
2015-06-01,0.0064,0.0155,0.0219,0.0294,0.0,0.0039000000000000003,0.0102,0.0155,0.018000000000000002,0.020499999999999997,0.0002,155.0,139.0
2015-06-02,0.0064,0.0161,0.0227,0.0302,0.0002,0.0044,0.0108,0.0159,0.0183,0.0207,0.0001,163.00000000000003,141.0
2015-06-03,0.0069,0.0169,0.023799999999999998,0.0311,0.001,0.0055000000000000005,0.0116,0.0159,0.0183,0.0207,0.0002,168.99999999999997,142.0
2015-06-04,0.0066,0.0165,0.0231,0.030299999999999997,0.0006,0.005,0.0109,0.0159,0.0181,0.0203,0.0002,165.0,137.99999999999997
2015-06-05,0.0073,0.0175,0.0241,0.0311,0.0011,0.0055000000000000005,0.011399999999999999,0.016399999999999998,0.018600000000000002,0.0208,0.0003,168.0,135.99999999999997
2015-06-08,0.006999999999999999,0.0172,0.0239,0.0311,0.0009,0.0054,0.011399999999999999,0.0163,0.018500000000000003,0.0207,0.0002,169.00000000000003,139.0
2015-06-09,0.0072,0.0174,0.0242,0.0315,0.0009,0.005600000000000001,0.0118,0.0165,0.018600000000000002,0.0207,0.0002,170.0,141.0
2015-06-10,0.0075,0.018000000000000002,0.025,0.0322,0.0014000000000000002,0.0063,0.0125,0.0166,0.0187,0.0208,0.0002,175.00000000000003,141.99999999999997
2015-06-11,0.0073,0.0174,0.0239,0.0311,0.0011,0.005600000000000001,0.011699999999999999,0.0163,0.0183,0.0203,0.0001,166.0,137.0
2015-06-12,0.0074,0.0175,0.0239,0.031,0.0011,0.0055000000000000005,0.0116,0.016399999999999998,0.0184,0.0204,0.0002,165.0,134.99999999999997
2015-06-15,0.0072,0.0171,0.0236,0.030899999999999997,0.0007000000000000001,0.0051,0.011200000000000002,0.016399999999999998,0.018500000000000003,0.0206,0.0002,163.99999999999997,137.99999999999997
2015-06-16,0.0070999999999999995,0.0168,0.0232,0.030600000000000002,0.0001,0.0044,0.0105,0.0167,0.018799999999999997,0.0209,0.0001,161.0,138.00000000000003
2015-06-17,0.0067,0.0163,0.0232,0.030899999999999997,-0.0006,0.0042,0.0109,0.0169,0.019,0.021099999999999997,0.0001,164.99999999999997,145.99999999999997
2015-06-18,0.0066,0.0165,0.0235,0.031400000000000004,-0.0002,0.0046,0.011399999999999999,0.0167,0.0189,0.021099999999999997,0.0001,168.99999999999997,149.00000000000003
2015-06-19,0.006500000000000001,0.0159,0.0226,0.0305,-0.0004,0.004,0.010700000000000001,0.0163,0.018600000000000002,0.0209,0.0001,160.99999999999997,145.99999999999997
2015-06-22,0.0068000000000000005,0.0168,0.023700000000000002,0.0316,0.0003,0.004699999999999999,0.011399999999999999,0.0165,0.019,0.0215,0.0001,169.00000000000003,148.00000000000003
2015-06-23,0.006999999999999999,0.0171,0.0242,0.032,0.0004,0.005,0.011699999999999999,0.0167,0.0192,0.0217,0.0001,172.0,149.0
2015-06-24,0.0068000000000000005,0.0169,0.023799999999999998,0.0316,0.0005,0.0048,0.0113,0.016399999999999998,0.019,0.0216,0.0001,169.99999999999997,147.00000000000006
2015-06-25,0.0068000000000000005,0.017,0.024,0.0316,0.0007000000000000001,0.0049,0.0113,0.0163,0.0191,0.0219,0.0001,172.0,146.00000000000003
2015-06-26,0.0072,0.0175,0.024900000000000002,0.0325,0.0009,0.005699999999999999,0.0121,0.0166,0.0192,0.0218,0.0001,177.0,150.0
2015-06-29,0.0064,0.016200000000000003,0.0233,0.030899999999999997,0.0003,0.0046,0.011000000000000001,0.0159,0.0187,0.0215,0.0002,169.00000000000003,146.99999999999994
2015-06-30,0.0064,0.0163,0.0235,0.0311,0.0002,0.0048,0.0111,0.0161,0.0187,0.0213,0.0001,171.0,148.0
2015-07-01,0.0069,0.017,0.024300000000000002,0.032,0.001,0.0054,0.0118,0.016,0.0189,0.0218,0.0001,174.00000000000003,150.0
2015-07-02,0.0064,0.016399999999999998,0.024,0.0319,0.0002,0.0049,0.0116,0.016200000000000003,0.0191,0.022000000000000002,0.0001,176.0,155.0
2015-07-06,0.006,0.015600000000000001,0.023,0.0308,-0.0001,0.0043,0.010700000000000001,0.015700000000000002,0.0187,0.0217,0.0002,170.0,152.0
2015-07-07,0.0058,0.0155,0.0227,0.0304,-0.0002,0.004,0.0104,0.015700000000000002,0.0187,0.0217,0.0002,169.00000000000003,149.0
2015-07-08,0.0055000000000000005,0.015,0.0222,0.029900000000000003,-0.0004,0.0039000000000000003,0.0102,0.0154,0.0183,0.0212,0.0002,167.0,149.00000000000003
2015-07-09,0.006,0.0158,0.0232,0.0311,0.0002,0.004699999999999999,0.0113,0.015600000000000001,0.018500000000000003,0.021400000000000002,0.0003,172.0,152.99999999999997
2015-07-10,0.006500000000000001,0.0168,0.0242,0.032,0.001,0.0055000000000000005,0.011899999999999999,0.0158,0.0187,0.0216,0.0001,177.0,152.00000000000003
2015-07-13,0.0069,0.0171,0.024399999999999998,0.0321,0.0015,0.0058,0.0121,0.015600000000000001,0.018600000000000002,0.0216,0.0002,174.99999999999997,149.99999999999997
2015-07-14,0.0066,0.0167,0.0241,0.032,0.0012,0.005600000000000001,0.012,0.0155,0.018500000000000003,0.0215,0.0001,175.00000000000003,153.0
2015-07-15,0.0064,0.0163,0.0236,0.0313,0.001,0.0052,0.0115,0.015300000000000001,0.0184,0.0215,0.0002,172.0,150.00000000000003
2015-07-16,0.0067,0.0166,0.0236,0.0311,0.0014000000000000002,0.0052,0.0113,0.0152,0.0184,0.0216,0.0002,168.99999999999997,145.0
2015-07-17,0.0068000000000000005,0.0167,0.023399999999999997,0.0308,0.0017000000000000001,0.0051,0.011200000000000002,0.015,0.0183,0.0216,0.0003,165.99999999999997,141.0
2015-07-20,0.0070999999999999995,0.0172,0.023799999999999998,0.031,0.0023,0.005600000000000001,0.011399999999999999,0.0149,0.0182,0.0215,0.0004,167.0,138.0
2015-07-21,0.0070999999999999995,0.0169,0.0235,0.0308,0.002,0.0053,0.011200000000000002,0.0149,0.0182,0.0215,0.0003,164.0,139.00000000000003
2015-07-22,0.0075,0.0169,0.0233,0.0304,0.0021,0.0053,0.011000000000000001,0.0148,0.018000000000000002,0.0212,0.0004,158.00000000000003,135.00000000000003
2015-07-23,0.0070999999999999995,0.0165,0.022799999999999997,0.0298,0.002,0.0049,0.0106,0.014499999999999999,0.0179,0.0213,0.0003,157.0,133.0
2015-07-24,0.006999999999999999,0.016399999999999998,0.0227,0.0296,0.0024,0.0051,0.010700000000000001,0.013999999999999999,0.0176,0.0212,0.0004,157.00000000000003,132.00000000000003
2015-07-27,0.0068000000000000005,0.0158,0.0223,0.029300000000000003,0.0023,0.005,0.0105,0.013500000000000002,0.0173,0.021099999999999997,0.0005,155.0,135.00000000000003
2015-07-28,0.0069,0.0161,0.0226,0.0296,0.0023,0.0051,0.010700000000000001,0.0138,0.0175,0.0212,0.0005,157.0,135.00000000000003
2015-07-29,0.006999999999999999,0.016200000000000003,0.0229,0.029900000000000003,0.0022,0.0052,0.0108,0.013999999999999999,0.0177,0.021400000000000002,0.0006,159.0,137.0
2015-07-30,0.0072,0.016200000000000003,0.022799999999999997,0.0296,0.0022,0.0051,0.0106,0.013999999999999999,0.0177,0.021400000000000002,0.0007000000000000001,155.99999999999997,134.0
2015-07-31,0.0067,0.0154,0.022000000000000002,0.0292,0.0018,0.0046,0.0104,0.013600000000000001,0.0174,0.0212,0.0008,153.0,138.0
2015-08-03,0.0068000000000000005,0.0152,0.0216,0.0286,0.0021,0.0046,0.0102,0.0131,0.017,0.0209,0.0008,148.0,134.0
2015-08-04,0.0074,0.016,0.0223,0.028999999999999998,0.0029,0.0052,0.0106,0.0131,0.0171,0.021099999999999997,0.0008,149.0,129.99999999999997
2015-08-05,0.0073,0.0165,0.022799999999999997,0.0294,0.0034000000000000002,0.0058,0.0111,0.0131,0.017,0.0209,0.0008,154.99999999999997,128.99999999999997
2015-08-06,0.0070999999999999995,0.016200000000000003,0.0223,0.028999999999999998,0.0031,0.005600000000000001,0.0108,0.0131,0.0167,0.0203,0.0004,152.00000000000003,127.99999999999996
2015-08-07,0.0073,0.0159,0.0218,0.028300000000000002,0.0031,0.0052,0.0102,0.0128,0.0166,0.0204,0.0006,145.0,124.00000000000001
2015-08-10,0.0073,0.016200000000000003,0.022400000000000003,0.028900000000000002,0.0032,0.0055000000000000005,0.010700000000000001,0.013000000000000001,0.0169,0.0208,0.0012,151.00000000000003,127.0
2015-08-11,0.0068000000000000005,0.015300000000000001,0.0215,0.0281,0.0026,0.0049,0.0101,0.0127,0.0166,0.020499999999999997,0.001,146.99999999999997,127.99999999999999
2015-08-12,0.0067,0.0152,0.021400000000000002,0.028399999999999998,0.0025,0.0052,0.0106,0.0127,0.016200000000000003,0.0197,0.001,147.0,131.99999999999997
2015-08-13,0.0072,0.0158,0.0219,0.0286,0.0034000000000000002,0.005699999999999999,0.010700000000000001,0.0124,0.016200000000000003,0.02,0.001,147.0,127.99999999999999
2015-08-14,0.0073,0.0161,0.022000000000000002,0.028399999999999998,0.0036,0.0058,0.0105,0.0125,0.016200000000000003,0.0199,0.0009,147.0,122.99999999999999
2015-08-17,0.0072,0.0158,0.0216,0.0281,0.0036,0.0058,0.0105,0.012199999999999999,0.0158,0.0194,0.001,144.0,122.99999999999999
2015-08-18,0.0074,0.016,0.022000000000000002,0.0287,0.0039000000000000003,0.0062,0.011000000000000001,0.0121,0.0158,0.0195,0.0007000000000000001,146.00000000000003,127.0
2015-08-19,0.0067,0.015,0.0212,0.0281,0.0033,0.0055000000000000005,0.0106,0.011699999999999999,0.015700000000000002,0.0197,0.0005,145.0,131.0
2015-08-20,0.0069,0.015,0.0209,0.0276,0.0033,0.0053,0.0102,0.011699999999999999,0.015600000000000001,0.0195,0.0002,139.99999999999997,126.0
2015-08-21,0.0064,0.0144,0.020499999999999997,0.0274,0.0031,0.0052,0.0104,0.0113,0.015300000000000001,0.019299999999999998,0.0003,140.99999999999997,130.0
2015-08-24,0.0059,0.0139,0.020099999999999996,0.0273,0.0028000000000000004,0.0052,0.010700000000000001,0.0111,0.0149,0.0187,0.0006,141.99999999999997,134.00000000000003
2015-08-25,0.0067,0.0148,0.0212,0.028399999999999998,0.0033,0.0059,0.011399999999999999,0.0115,0.015300000000000001,0.0191,0.0007000000000000001,145.0,135.99999999999997
2015-08-26,0.0067,0.0149,0.0218,0.0294,0.0036,0.006500000000000001,0.012199999999999999,0.0113,0.015300000000000001,0.019299999999999998,0.0006,151.0,145.0
2015-08-27,0.0068000000000000005,0.0149,0.0218,0.029300000000000003,0.0029,0.006,0.0115,0.012,0.0158,0.0196,0.0006,150.0,144.00000000000003
2015-08-28,0.0072,0.0152,0.0219,0.0292,0.003,0.0058,0.011200000000000002,0.012199999999999999,0.0161,0.02,0.0006,147.0,140.0
2015-08-31,0.0074,0.0154,0.022099999999999998,0.029500000000000002,0.0028000000000000004,0.0058,0.0115,0.0126,0.0163,0.02,0.0008,146.99999999999997,141.0
2015-09-01,0.006999999999999999,0.0149,0.0217,0.029300000000000003,0.0031,0.006,0.011699999999999999,0.0118,0.015700000000000002,0.0196,0.0003,147.0,144.00000000000003
2015-09-02,0.0072,0.0152,0.022000000000000002,0.0297,0.0033,0.0064,0.012199999999999999,0.011899999999999999,0.015600000000000001,0.019299999999999998,0.0003,148.00000000000003,145.0
2015-09-03,0.0070999999999999995,0.0149,0.0218,0.029500000000000002,0.0033,0.0064,0.012199999999999999,0.0116,0.0154,0.0192,0.0002,147.0,146.00000000000003
2015-09-04,0.0070999999999999995,0.0147,0.0213,0.028900000000000002,0.0033,0.0062,0.0118,0.011399999999999999,0.0151,0.018799999999999997,0.0002,142.0,142.00000000000003
2015-09-08,0.0074,0.015300000000000001,0.022000000000000002,0.0297,0.0038,0.0067,0.0125,0.0115,0.015300000000000001,0.0191,0.0006,146.00000000000003,144.0
2015-09-09,0.0075,0.015300000000000001,0.022099999999999998,0.0296,0.0038,0.006500000000000001,0.0121,0.0115,0.015600000000000001,0.0197,0.0003,145.99999999999997,143.0
2015-09-10,0.0075,0.0155,0.0223,0.0298,0.0034000000000000002,0.0064,0.0121,0.0121,0.0159,0.0197,0.0002,148.0,143.0
2015-09-11,0.0070999999999999995,0.0152,0.022000000000000002,0.029500000000000002,0.0031,0.0060999999999999995,0.0118,0.0121,0.0159,0.0197,0.0004,149.00000000000003,143.00000000000003
2015-09-14,0.0073,0.0151,0.0218,0.029500000000000002,0.0032,0.0062,0.011899999999999999,0.011899999999999999,0.015600000000000001,0.019299999999999998,0.0007000000000000001,145.0,144.0
2015-09-15,0.008199999999999999,0.0161,0.022799999999999997,0.030600000000000002,0.0040999999999999995,0.0072,0.0129,0.012,0.015600000000000001,0.0192,0.0007000000000000001,145.99999999999997,145.00000000000003
2015-09-16,0.008199999999999999,0.016200000000000003,0.023,0.0308,0.0040999999999999995,0.0073,0.0132,0.0121,0.015700000000000002,0.019299999999999998,0.0006,148.0,145.99999999999997
2015-09-17,0.006999999999999999,0.015,0.022099999999999998,0.0302,0.0026,0.0063,0.0126,0.0124,0.0158,0.0192,0.0001,151.0,152.00000000000003
2015-09-18,0.0069,0.014499999999999999,0.0213,0.029300000000000003,0.0026,0.0058,0.011899999999999999,0.011899999999999999,0.0155,0.0191,0.0,144.0,148.00000000000003
2015-09-21,0.0072,0.0151,0.022000000000000002,0.0302,0.0032,0.0066,0.013000000000000001,0.011899999999999999,0.0154,0.0189,0.0001,148.00000000000003,151.0
2015-09-22,0.0069,0.0144,0.021400000000000002,0.0294,0.0029,0.0063,0.0126,0.0115,0.0151,0.0187,0.0,145.00000000000003,150.0
2015-09-23,0.006999999999999999,0.0147,0.0216,0.029500000000000002,0.0031,0.0064,0.0126,0.0116,0.0152,0.018799999999999997,0.0001,146.00000000000003,148.00000000000003
2015-09-24,0.0067,0.0144,0.0213,0.0291,0.0033,0.0064,0.0124,0.0111,0.0149,0.0187,0.0001,145.99999999999997,147.0
2015-09-25,0.006999999999999999,0.0148,0.0217,0.0296,0.0037,0.0070999999999999995,0.0132,0.0111,0.0146,0.0181,0.0,147.0,148.0
2015-09-28,0.0067,0.014199999999999999,0.021,0.0287,0.004,0.0070999999999999995,0.0128,0.0102,0.0139,0.0176,0.0001,143.0,145.0
2015-09-29,0.0064,0.0137,0.020499999999999997,0.0285,0.0034000000000000002,0.0066,0.0127,0.0103,0.0139,0.0175,0.0001,140.99999999999997,148.0
2015-09-30,0.0064,0.0137,0.0206,0.0287,0.003,0.006500000000000001,0.0129,0.010700000000000001,0.0141,0.0175,0.0,142.0,150.0
2015-10-01,0.0064,0.0137,0.020499999999999997,0.0285,0.0024,0.0059,0.0123,0.0113,0.0146,0.0179,0.0,140.99999999999997,148.0
2015-10-02,0.0058,0.0129,0.0199,0.0282,0.0014000000000000002,0.0051,0.0118,0.0115,0.0148,0.0181,0.0,141.0,153.0
2015-10-05,0.0060999999999999995,0.013500000000000002,0.0207,0.028999999999999998,0.0017000000000000001,0.005600000000000001,0.0123,0.0118,0.0151,0.0184,0.0001,146.0,154.99999999999997
2015-10-06,0.0060999999999999995,0.0134,0.020499999999999997,0.0288,0.0012,0.0053,0.012,0.012199999999999999,0.0152,0.0182,0.0,143.99999999999997,154.0
2015-10-07,0.006500000000000001,0.0137,0.0208,0.028900000000000002,0.0015,0.0053,0.011899999999999999,0.012199999999999999,0.0155,0.018799999999999997,0.0,142.99999999999997,152.00000000000003
2015-10-08,0.006500000000000001,0.013999999999999999,0.0212,0.0296,0.0014000000000000002,0.0054,0.0123,0.0126,0.0158,0.019,0.0,147.0,156.00000000000003
2015-10-09,0.006500000000000001,0.0141,0.0212,0.0294,0.0019,0.0058,0.0124,0.012199999999999999,0.0154,0.018600000000000002,0.0001,147.0,153.0
2015-10-13,0.0064,0.013600000000000001,0.0206,0.028900000000000002,0.0018,0.0054,0.012199999999999999,0.0118,0.0152,0.018600000000000002,0.0001,142.0,153.0
2015-10-14,0.005699999999999999,0.0129,0.0199,0.028399999999999998,0.0014000000000000002,0.005,0.011899999999999999,0.0115,0.0149,0.0183,0.0,142.0,154.99999999999997
2015-10-15,0.0060999999999999995,0.0134,0.0204,0.0287,0.0016,0.0054,0.012199999999999999,0.0118,0.015,0.0182,0.0001,143.00000000000003,153.0
2015-10-16,0.0060999999999999995,0.013600000000000001,0.0204,0.0287,0.0018,0.005600000000000001,0.0124,0.0118,0.0148,0.0178,0.0001,143.00000000000003,151.0
2015-10-19,0.0060999999999999995,0.013500000000000002,0.0204,0.028900000000000002,0.0022,0.0059,0.0127,0.0113,0.014499999999999999,0.0177,0.0002,143.00000000000003,154.0
2015-10-20,0.0066,0.013999999999999999,0.0208,0.0292,0.0024,0.006,0.0126,0.0116,0.0148,0.018000000000000002,0.0002,142.0,152.00000000000003
2015-10-21,0.0064,0.0137,0.0204,0.0287,0.0024,0.0059,0.0124,0.0113,0.014499999999999999,0.0177,0.0001,140.00000000000003,150.0
2015-10-22,0.0060999999999999995,0.013600000000000001,0.0204,0.0287,0.0022,0.005699999999999999,0.0121,0.011399999999999999,0.0147,0.018000000000000002,0.0,143.00000000000003,151.0
2015-10-23,0.0066,0.0143,0.0209,0.028999999999999998,0.0024,0.0058,0.011899999999999999,0.011899999999999999,0.0151,0.0183,0.0001,142.99999999999997,146.99999999999997
2015-10-26,0.0066,0.0141,0.0207,0.0287,0.0025,0.0059,0.011899999999999999,0.0116,0.0148,0.018000000000000002,0.0002,141.0,146.0
2015-10-27,0.006500000000000001,0.0138,0.020499999999999997,0.0286,0.0023,0.005699999999999999,0.0118,0.0115,0.0148,0.0181,0.0003,139.99999999999997,148.0
2015-10-28,0.0073,0.0147,0.021,0.0287,0.0033,0.0063,0.012,0.011399999999999999,0.0147,0.018000000000000002,0.0004,137.0,140.0
2015-10-29,0.0075,0.015300000000000001,0.0219,0.0296,0.0034000000000000002,0.0067,0.0124,0.011899999999999999,0.0152,0.018500000000000003,0.0007000000000000001,144.0,143.0
2015-10-30,0.0075,0.0152,0.0216,0.029300000000000003,0.0032,0.0063,0.011899999999999999,0.012,0.015300000000000001,0.018600000000000002,0.0008,141.0,141.00000000000003
2015-11-02,0.0077,0.015700000000000002,0.022000000000000002,0.029500000000000002,0.0034000000000000002,0.006500000000000001,0.012,0.0123,0.0155,0.0187,0.0008,143.00000000000003,138.0
2015-11-03,0.008,0.0159,0.0223,0.03,0.0032,0.006500000000000001,0.0124,0.0127,0.0158,0.0189,0.0006,143.0,140.99999999999997
2015-11-04,0.0084,0.016399999999999998,0.0225,0.03,0.0038,0.0068000000000000005,0.0124,0.0126,0.015700000000000002,0.018799999999999997,0.0005,141.0,136.0
2015-11-05,0.0085,0.0165,0.0226,0.0301,0.0042,0.0070999999999999995,0.0127,0.0123,0.0155,0.0187,0.0005,140.99999999999997,135.99999999999997
2015-11-06,0.009000000000000001,0.0173,0.023399999999999997,0.030899999999999997,0.0048,0.0075,0.0131,0.0125,0.0159,0.019299999999999998,0.0008,143.99999999999997,135.99999999999997
2015-11-09,0.0089,0.0175,0.0236,0.031200000000000002,0.004699999999999999,0.0076,0.0132,0.0128,0.016,0.0192,0.0014000000000000002,147.0,137.0
2015-11-10,0.0087,0.0172,0.0232,0.031,0.004699999999999999,0.0077,0.0132,0.0125,0.0155,0.018500000000000003,0.0013,145.0,138.0
2015-11-12,0.0089,0.0173,0.0232,0.030899999999999997,0.0049,0.0078000000000000005,0.0132,0.0124,0.0154,0.0184,0.0014000000000000002,142.99999999999997,135.99999999999997
2015-11-13,0.0086,0.0167,0.022799999999999997,0.030600000000000002,0.0046,0.0076,0.0131,0.0121,0.0152,0.0183,0.0014000000000000002,141.99999999999997,139.00000000000003
2015-11-16,0.0088,0.0166,0.0227,0.030699999999999998,0.0046,0.0076,0.013300000000000001,0.012,0.0151,0.0182,0.0015,139.0,140.99999999999997
2015-11-17,0.0086,0.0166,0.0225,0.0304,0.0043,0.0072,0.0128,0.0123,0.015300000000000001,0.0183,0.0014000000000000002,139.0,138.0
2015-11-18,0.009000000000000001,0.0169,0.0227,0.0304,0.0044,0.0070999999999999995,0.0127,0.0125,0.015600000000000001,0.0187,0.0012,137.0,135.00000000000003
2015-11-19,0.0091,0.0168,0.022400000000000003,0.03,0.0040999999999999995,0.0068000000000000005,0.0123,0.0127,0.015600000000000001,0.018500000000000003,0.0011,133.00000000000003,132.0
2015-11-20,0.009300000000000001,0.017,0.0226,0.0302,0.0039000000000000003,0.0066,0.0121,0.0131,0.016,0.0189,0.0012,132.99999999999997,132.0
2015-11-23,0.009399999999999999,0.017,0.0225,0.03,0.0037,0.0064,0.012,0.013300000000000001,0.0161,0.0189,0.0014000000000000002,131.0,129.99999999999997
2015-11-24,0.009300000000000001,0.0166,0.022400000000000003,0.03,0.0033,0.0062,0.012,0.013300000000000001,0.016200000000000003,0.0191,0.0016,131.00000000000003,134.0
2015-11-25,0.009300000000000001,0.0166,0.0223,0.03,0.0034999999999999996,0.0062,0.012,0.0131,0.0161,0.0191,0.0019,130.0,134.0
2015-11-27,0.0092,0.016399999999999998,0.0222,0.03,0.0033,0.0062,0.012,0.0131,0.016,0.0189,0.0018,130.0,136.0
2015-11-30,0.009399999999999999,0.0165,0.022099999999999998,0.0298,0.0034999999999999996,0.0062,0.011899999999999999,0.013000000000000001,0.0159,0.018799999999999997,0.0022,127.0,133.0
2015-12-01,0.0091,0.0159,0.0215,0.0291,0.003,0.0058,0.011399999999999999,0.0129,0.015700000000000002,0.018500000000000003,0.0021,123.99999999999997,132.0
2015-12-02,0.009399999999999999,0.0163,0.0218,0.0291,0.0036,0.0062,0.0116,0.0127,0.015600000000000001,0.018500000000000003,0.0021,124.00000000000001,128.00000000000003
2015-12-03,0.0096,0.0174,0.0233,0.030699999999999998,0.0040999999999999995,0.0072,0.0127,0.013300000000000001,0.0161,0.0189,0.0021,137.00000000000003,133.0
2015-12-04,0.0096,0.0171,0.022799999999999997,0.0301,0.0040999999999999995,0.0068000000000000005,0.0121,0.013000000000000001,0.016,0.019,0.0023,131.99999999999997,129.99999999999997
2015-12-07,0.009399999999999999,0.0167,0.0223,0.029500000000000002,0.0042,0.0067,0.011899999999999999,0.0125,0.015600000000000001,0.0187,0.0029,129.00000000000003,128.00000000000003
2015-12-08,0.009399999999999999,0.0168,0.022400000000000003,0.0297,0.0043,0.0068000000000000005,0.012,0.0125,0.015600000000000001,0.0187,0.0027,130.00000000000006,129.00000000000003
2015-12-09,0.009300000000000001,0.016399999999999998,0.0222,0.0297,0.0043,0.0069,0.0123,0.0121,0.015300000000000001,0.018500000000000003,0.0026,129.0,133.00000000000003
2015-12-10,0.0095,0.0168,0.022400000000000003,0.0298,0.0048,0.0073,0.0126,0.012,0.0151,0.0182,0.0024,129.00000000000003,130.0
2015-12-11,0.0088,0.015600000000000001,0.0213,0.0287,0.0039000000000000003,0.0067,0.0121,0.011699999999999999,0.0146,0.0175,0.0023,124.99999999999999,131.0
2015-12-14,0.0097,0.0166,0.0223,0.0296,0.0049,0.0078000000000000005,0.0132,0.011699999999999999,0.014499999999999999,0.0173,0.0026,126.0,130.0
2015-12-15,0.0098,0.0171,0.022799999999999997,0.03,0.0049,0.008,0.0132,0.012199999999999999,0.0148,0.0174,0.0025,129.99999999999997,128.99999999999997
2015-12-16,0.0102,0.0175,0.023,0.0302,0.0055000000000000005,0.0084,0.0134,0.012,0.0146,0.0172,0.0027,127.99999999999999,127.0
2015-12-17,0.01,0.0173,0.022400000000000003,0.0294,0.0052,0.0077,0.0128,0.0121,0.0147,0.0173,0.0023,124.00000000000003,121.0
2015-12-18,0.0097,0.0167,0.0219,0.028999999999999998,0.0046,0.0073,0.0126,0.0121,0.0146,0.0171,0.0019,121.99999999999999,122.99999999999999
2015-12-21,0.0096,0.0167,0.022000000000000002,0.0292,0.0048,0.0075,0.0128,0.011899999999999999,0.014499999999999999,0.0171,0.0024,124.00000000000003,125.0
2015-12-22,0.009899999999999999,0.0171,0.022400000000000003,0.0296,0.0052,0.0078000000000000005,0.013000000000000001,0.011899999999999999,0.0146,0.0173,0.0021,125.00000000000004,125.0
2015-12-23,0.0101,0.0174,0.0227,0.03,0.0049,0.0076,0.0129,0.0125,0.0151,0.0177,0.002,126.00000000000001,126.0
2015-12-24,0.0103,0.0173,0.0225,0.0296,0.005,0.0073,0.0126,0.0123,0.0152,0.0181,0.002,121.99999999999999,123.00000000000001
2015-12-28,0.0105,0.0173,0.022400000000000003,0.029500000000000002,0.0049,0.0074,0.0124,0.0124,0.015,0.0176,0.0023,119.00000000000003,122.00000000000003
2015-12-29,0.0109,0.0181,0.0232,0.0304,0.0053,0.0079,0.0131,0.0128,0.015300000000000001,0.0178,0.0023,122.99999999999999,122.99999999999999
2015-12-30,0.0108,0.018000000000000002,0.0231,0.0304,0.0052,0.0077,0.0131,0.0128,0.0154,0.018000000000000002,0.0021,122.99999999999999,123.99999999999997
2015-12-31,0.0106,0.0176,0.0227,0.0301,0.0045000000000000005,0.0073,0.0128,0.0131,0.0154,0.0177,0.0016,121.00000000000001,124.99999999999997
2016-01-04,0.0102,0.0173,0.022400000000000003,0.0298,0.0042,0.0069,0.0125,0.0131,0.0155,0.0179,0.0022,122.00000000000003,125.0
2016-01-05,0.0104,0.0173,0.0225,0.0301,0.0042,0.0069,0.0127,0.0131,0.015600000000000001,0.0181,0.002,121.0,127.99999999999999
2016-01-06,0.009899999999999999,0.0165,0.0218,0.0294,0.0039000000000000003,0.006500000000000001,0.0123,0.0126,0.015300000000000001,0.018000000000000002,0.0021,119.00000000000001,128.99999999999997
2016-01-07,0.0096,0.0161,0.0216,0.0292,0.0036,0.0066,0.0127,0.0125,0.015,0.0175,0.002,120.00000000000001,131.0
2016-01-08,0.009399999999999999,0.015700000000000002,0.0213,0.0291,0.0034000000000000002,0.006500000000000001,0.0127,0.0123,0.0148,0.0173,0.002,119.00000000000001,134.0
2016-01-11,0.009399999999999999,0.0158,0.0217,0.0296,0.0039000000000000003,0.0072,0.013300000000000001,0.011899999999999999,0.014499999999999999,0.0171,0.0021,123.00000000000001,138.0
2016-01-12,0.009300000000000001,0.0155,0.0212,0.028900000000000002,0.0036,0.0069,0.0129,0.011899999999999999,0.0143,0.0167,0.0021,118.99999999999999,134.00000000000003
2016-01-13,0.0091,0.0151,0.0208,0.0285,0.0033,0.006500000000000001,0.0126,0.0118,0.0143,0.0168,0.0022,116.99999999999999,134.0
2016-01-14,0.009000000000000001,0.0152,0.021,0.028999999999999998,0.0032,0.0067,0.0129,0.012,0.0143,0.0166,0.0025,120.0,137.99999999999997
2016-01-15,0.0085,0.0146,0.0203,0.0281,0.0034000000000000002,0.0067,0.0127,0.011200000000000002,0.013600000000000001,0.016,0.0024,117.99999999999999,135.0
2016-01-19,0.0088,0.0149,0.0206,0.0282,0.0033,0.0068000000000000005,0.0128,0.0116,0.0138,0.016,0.0026,118.0,133.0
2016-01-20,0.0085,0.0144,0.020099999999999996,0.0277,0.0034000000000000002,0.0069,0.0129,0.011000000000000001,0.0132,0.0154,0.0026,115.99999999999996,133.0
2016-01-21,0.0084,0.0144,0.0202,0.0279,0.0036,0.0074,0.0131,0.0108,0.0128,0.0148,0.0028000000000000004,118.0,135.00000000000003
2016-01-22,0.0088,0.0149,0.0207,0.028300000000000002,0.0034000000000000002,0.0072,0.0129,0.0115,0.013500000000000002,0.0155,0.0031,118.99999999999999,134.00000000000003
2016-01-25,0.0088,0.0147,0.0203,0.027999999999999997,0.0032,0.0069,0.0127,0.0115,0.0134,0.015300000000000001,0.0031,114.99999999999999,132.99999999999997
2016-01-26,0.0085,0.014499999999999999,0.020099999999999996,0.0279,0.0028000000000000004,0.006500000000000001,0.0125,0.011699999999999999,0.013600000000000001,0.0155,0.0031,115.99999999999996,134.00000000000003
2016-01-27,0.0084,0.0143,0.0202,0.027999999999999997,0.0025,0.0062,0.0123,0.0118,0.013999999999999999,0.016200000000000003,0.0032,118.0,136.99999999999997
2016-01-28,0.0083,0.013999999999999999,0.02,0.0279,0.002,0.0058,0.0121,0.012,0.014199999999999999,0.016399999999999998,0.0034999999999999996,117.0,139.00000000000003
2016-01-29,0.0076,0.013300000000000001,0.0194,0.0275,0.0014000000000000002,0.0053,0.011699999999999999,0.011899999999999999,0.0141,0.0163,0.0033,118.00000000000001,142.0
2016-02-01,0.008100000000000001,0.0138,0.0197,0.0277,0.0018,0.005699999999999999,0.011899999999999999,0.012,0.013999999999999999,0.016,0.0034999999999999996,115.99999999999997,139.0
2016-02-02,0.0075,0.0128,0.0187,0.026699999999999998,0.0014000000000000002,0.0051,0.011200000000000002,0.011399999999999999,0.013600000000000001,0.0158,0.0034000000000000002,112.00000000000001,138.99999999999997
2016-02-03,0.0072,0.0127,0.018799999999999997,0.027000000000000003,0.0011,0.005,0.011000000000000001,0.0116,0.0138,0.016,0.0033,115.99999999999997,143.00000000000003
2016-02-04,0.006999999999999999,0.0125,0.0187,0.027000000000000003,0.0012,0.0051,0.0111,0.0113,0.013600000000000001,0.0159,0.0029,117.00000000000001,145.00000000000003
2016-02-05,0.0074,0.0125,0.018600000000000002,0.0268,0.0018,0.0053,0.0113,0.010700000000000001,0.013300000000000001,0.0159,0.003,112.00000000000001,143.0
2016-02-08,0.0066,0.0116,0.0175,0.0256,0.0019,0.0052,0.0109,0.0097,0.0123,0.0149,0.0032,109.00000000000001,140.00000000000003
2016-02-09,0.0069,0.0115,0.0174,0.0255,0.0022,0.0053,0.011000000000000001,0.009300000000000001,0.0121,0.0149,0.003,104.99999999999999,139.99999999999997
2016-02-10,0.0070999999999999995,0.0115,0.0171,0.0253,0.002,0.005,0.0106,0.0095,0.0121,0.0147,0.0031,100.00000000000001,138.0
2016-02-11,0.0064,0.0111,0.0163,0.025,0.0017000000000000001,0.0045000000000000005,0.0103,0.009399999999999999,0.0118,0.014199999999999999,0.0028000000000000004,98.99999999999999,139.0
2016-02-12,0.0070999999999999995,0.012,0.0174,0.026000000000000002,0.0017000000000000001,0.0049,0.011000000000000001,0.0103,0.0125,0.0147,0.003,103.0,140.00000000000003
2016-02-16,0.0074,0.0123,0.0178,0.0264,0.002,0.0053,0.0116,0.0103,0.0125,0.0147,0.003,104.0,141.0
2016-02-17,0.0074,0.0126,0.0181,0.0268,0.0022,0.0053,0.0118,0.0104,0.0128,0.0152,0.003,107.00000000000001,142.0
2016-02-18,0.0070999999999999995,0.0121,0.0175,0.0262,0.0019,0.0051,0.0113,0.0102,0.0124,0.0146,0.003,104.00000000000003,141.0
2016-02-19,0.0076,0.0124,0.0176,0.026099999999999998,0.0018,0.005,0.0111,0.0106,0.0126,0.0146,0.0031,100.00000000000001,137.0
2016-02-22,0.0078000000000000005,0.0125,0.0177,0.0262,0.0014000000000000002,0.0046,0.0108,0.0111,0.0131,0.0151,0.0033,98.99999999999999,137.0
2016-02-23,0.0076,0.0123,0.0174,0.026000000000000002,0.001,0.0042,0.0105,0.0113,0.0132,0.0151,0.0032,98.0,137.00000000000003
2016-02-24,0.0075,0.0121,0.0175,0.026099999999999998,0.0006,0.0039000000000000003,0.0104,0.0115,0.013600000000000001,0.015700000000000002,0.0033,100.00000000000001,139.99999999999997
2016-02-25,0.0072,0.0116,0.0171,0.0258,-0.0002,0.0032,0.01,0.0118,0.0139,0.016,0.0032,99.00000000000001,142.0
2016-02-26,0.008,0.0123,0.0176,0.0263,0.0003,0.0034999999999999996,0.0104,0.012,0.0141,0.016200000000000003,0.0033,96.00000000000001,140.0
2016-02-29,0.0078000000000000005,0.012199999999999999,0.0174,0.026099999999999998,-0.0001,0.0032,0.01,0.0123,0.014199999999999999,0.0161,0.0033,95.99999999999997,139.0
2016-03-01,0.0085,0.0131,0.0183,0.027000000000000003,0.0002,0.0034999999999999996,0.0104,0.0129,0.0148,0.0167,0.0033,98.0,139.00000000000003
2016-03-02,0.0085,0.0134,0.0184,0.0269,0.0,0.0033,0.01,0.0134,0.0151,0.0168,0.0036,98.99999999999999,135.0
2016-03-03,0.0085,0.013300000000000001,0.0183,0.0265,-0.0003,0.003,0.0097,0.013600000000000001,0.015300000000000001,0.017,0.0028000000000000004,98.0,131.99999999999997
2016-03-04,0.0088,0.0138,0.018799999999999997,0.027000000000000003,0.0002,0.0037,0.0102,0.013600000000000001,0.0151,0.0166,0.0029,99.99999999999997,132.00000000000003
2016-03-07,0.0091,0.014199999999999999,0.0191,0.0271,0.0006,0.0043,0.0106,0.013600000000000001,0.0148,0.016,0.0032,99.99999999999999,129.0
2016-03-08,0.0088,0.0134,0.0183,0.0263,0.0001,0.0037,0.0101,0.013300000000000001,0.0146,0.0159,0.0029,95.0,129.0
2016-03-09,0.009000000000000001,0.0139,0.019,0.0268,0.0002,0.0039000000000000003,0.0105,0.0137,0.0151,0.0165,0.003,99.99999999999999,129.00000000000003
2016-03-10,0.009300000000000001,0.014499999999999999,0.019299999999999998,0.027000000000000003,0.001,0.0045000000000000005,0.0106,0.013500000000000002,0.0148,0.0161,0.0032,99.99999999999997,125.00000000000004
2016-03-11,0.0097,0.0149,0.019799999999999998,0.0275,0.0008,0.0044,0.0109,0.0141,0.0154,0.0167,0.0033,100.99999999999997,126.0
2016-03-14,0.0097,0.0149,0.0197,0.0274,0.0011,0.0045000000000000005,0.0109,0.0138,0.0152,0.0166,0.0034000000000000002,99.99999999999999,125.0
2016-03-15,0.0098,0.015,0.0197,0.0273,0.0015,0.004699999999999999,0.0111,0.013500000000000002,0.015,0.0165,0.0034000000000000002,98.99999999999999,123.00000000000001
2016-03-16,0.0087,0.0141,0.0194,0.0273,-0.0004,0.0036,0.0105,0.014499999999999999,0.0158,0.0171,0.0031,107.00000000000001,132.00000000000003
2016-03-17,0.0087,0.0139,0.0191,0.0269,-0.0007000000000000001,0.0034000000000000002,0.01,0.0146,0.015700000000000002,0.0168,0.0029,104.0,130.0
2016-03-18,0.0084,0.0134,0.018799999999999997,0.0268,-0.0013,0.0027,0.009399999999999999,0.0147,0.0161,0.0175,0.003,103.99999999999997,134.0
2016-03-21,0.0087,0.0138,0.0192,0.027200000000000002,-0.0012,0.0028000000000000004,0.0095,0.015,0.016399999999999998,0.0178,0.0031,104.99999999999999,134.00000000000003
2016-03-22,0.0091,0.014199999999999999,0.0194,0.027200000000000002,-0.0006,0.0031,0.0095,0.0148,0.0163,0.0178,0.003,103.0,130.00000000000003
2016-03-23,0.0087,0.0137,0.018799999999999997,0.0265,-0.0007000000000000001,0.003,0.0091,0.0144,0.0158,0.0172,0.003,100.99999999999997,127.99999999999999
2016-03-24,0.0089,0.0139,0.0191,0.026699999999999998,-0.0003,0.0034000000000000002,0.0095,0.014199999999999999,0.015700000000000002,0.0172,0.003,101.99999999999999,127.99999999999999
2016-03-28,0.0089,0.0137,0.0189,0.026600000000000002,-0.0003,0.0033,0.009399999999999999,0.013999999999999999,0.015600000000000001,0.0172,0.0029,100.0,129.00000000000003
2016-03-29,0.0078000000000000005,0.0129,0.0181,0.026000000000000002,-0.0018,0.002,0.0084,0.0147,0.0161,0.0175,0.0023,103.0,131.00000000000003
2016-03-30,0.0076,0.0126,0.0183,0.0265,-0.0026,0.0018,0.0086,0.0152,0.0165,0.0178,0.002,107.00000000000001,139.0
2016-03-31,0.0073,0.0121,0.0178,0.026099999999999998,-0.0028000000000000004,0.0016,0.0083,0.0149,0.016200000000000003,0.0175,0.0021,104.99999999999999,139.99999999999997
2016-04-01,0.0076,0.0124,0.0179,0.0262,-0.0025,0.0017000000000000001,0.0083,0.0149,0.016200000000000003,0.0175,0.0023,103.0,138.00000000000003
2016-04-04,0.0075,0.012199999999999999,0.0178,0.026000000000000002,-0.0026,0.0014000000000000002,0.008100000000000001,0.0148,0.016399999999999998,0.018000000000000002,0.0023,103.0,138.00000000000003
2016-04-05,0.0072,0.011699999999999999,0.0173,0.0254,-0.0026,0.0014000000000000002,0.0079,0.0143,0.0159,0.0175,0.0023,101.0,137.0
2016-04-06,0.0073,0.012,0.0176,0.0258,-0.0023,0.0017000000000000001,0.0083,0.0143,0.0159,0.0175,0.0023,103.0,138.0
2016-04-07,0.006999999999999999,0.011399999999999999,0.017,0.0252,-0.0027,0.0012,0.0078000000000000005,0.0141,0.0158,0.0175,0.0023,100.00000000000001,138.00000000000003
2016-04-08,0.006999999999999999,0.0116,0.0172,0.0255,-0.0027,0.0014000000000000002,0.008100000000000001,0.0143,0.0158,0.0173,0.0023,102.00000000000001,139.0
2016-04-11,0.006999999999999999,0.0116,0.0173,0.0256,-0.0025,0.0017000000000000001,0.0085,0.0141,0.015600000000000001,0.0171,0.0023,103.0,140.00000000000003
2016-04-12,0.0074,0.012199999999999999,0.0179,0.026099999999999998,-0.0017000000000000001,0.0022,0.0089,0.0139,0.015700000000000002,0.0175,0.0022,104.99999999999999,139.0
2016-04-13,0.0075,0.012199999999999999,0.0177,0.0258,-0.0021,0.0021,0.0087,0.0143,0.015600000000000001,0.0169,0.0023,102.00000000000001,136.0
2016-04-14,0.0077,0.0126,0.018000000000000002,0.026099999999999998,-0.0016,0.0024,0.0089,0.014199999999999999,0.015600000000000001,0.017,0.0022,103.00000000000001,134.99999999999997
2016-04-15,0.0074,0.012199999999999999,0.0176,0.0256,-0.002,0.002,0.0084,0.014199999999999999,0.015600000000000001,0.017,0.0022,102.00000000000001,134.00000000000003
2016-04-18,0.0075,0.0124,0.0178,0.0258,-0.0017000000000000001,0.0021,0.0084,0.0141,0.015700000000000002,0.0173,0.0022,103.0,134.0
2016-04-19,0.0077,0.0126,0.0179,0.026000000000000002,-0.002,0.0019,0.0083,0.0146,0.016,0.0174,0.0021,101.99999999999999,134.00000000000003
2016-04-20,0.008,0.0132,0.018500000000000003,0.026600000000000002,-0.0017000000000000001,0.0023,0.0088,0.0149,0.016200000000000003,0.0175,0.0023,105.00000000000003,134.00000000000003
2016-04-21,0.008199999999999999,0.013500000000000002,0.018799999999999997,0.0269,-0.0021,0.0024,0.0091,0.015600000000000001,0.016399999999999998,0.0172,0.0023,105.99999999999999,134.0
2016-04-22,0.0084,0.0137,0.0189,0.027000000000000003,-0.0019,0.0025,0.0092,0.015600000000000001,0.016399999999999998,0.0172,0.0023,105.0,133.00000000000003
2016-04-25,0.0085,0.0138,0.0191,0.027200000000000002,-0.0018,0.0026,0.009399999999999999,0.015600000000000001,0.0165,0.0174,0.0025,105.99999999999999,134.00000000000003
2016-04-26,0.0086,0.013999999999999999,0.0194,0.0276,-0.0016,0.0027,0.0095,0.015600000000000001,0.0167,0.0178,0.0024,108.0,136.0
2016-04-27,0.0083,0.013300000000000001,0.0187,0.0271,-0.0024,0.0019,0.009000000000000001,0.015700000000000002,0.0168,0.0179,0.0024,104.00000000000001,137.99999999999997
2016-04-28,0.0078000000000000005,0.0128,0.0184,0.0268,-0.0033,0.0012,0.0086,0.0161,0.0172,0.0183,0.0022,105.99999999999999,140.0
2016-04-29,0.0077,0.0128,0.0183,0.026600000000000002,-0.0032,0.0012,0.008199999999999999,0.016,0.0171,0.0182,0.0022,106.0,138.00000000000003
2016-05-02,0.008,0.0132,0.018799999999999997,0.0271,-0.0026,0.002,0.0089,0.0158,0.0168,0.0178,0.0022,107.99999999999997,139.0
2016-05-03,0.0075,0.0125,0.0181,0.026600000000000002,-0.0029,0.0017000000000000001,0.0087,0.0154,0.016399999999999998,0.0174,0.0021,106.00000000000001,141.0
2016-05-04,0.0075,0.0123,0.0179,0.0264,-0.0029,0.0016,0.0086,0.0152,0.0163,0.0174,0.0019,104.0,141.0
2016-05-05,0.0072,0.012,0.0176,0.026000000000000002,-0.0032,0.0013,0.0083,0.0152,0.0163,0.0174,0.002,104.00000000000001,140.00000000000003
2016-05-06,0.0074,0.0123,0.0179,0.0262,-0.0028000000000000004,0.0018,0.0086,0.0151,0.0161,0.0171,0.0019,104.99999999999999,139.0
2016-05-09,0.0072,0.012,0.0177,0.026099999999999998,-0.003,0.0018,0.0087,0.015,0.0159,0.0168,0.0024,105.0,140.99999999999997
2016-05-10,0.0072,0.012,0.0177,0.026099999999999998,-0.0033,0.0015,0.0084,0.015300000000000001,0.016200000000000003,0.0171,0.0024,105.0,140.99999999999997
2016-05-11,0.0074,0.012,0.0173,0.0258,-0.0033,0.0014000000000000002,0.008199999999999999,0.015300000000000001,0.0159,0.0165,0.0026,98.99999999999999,138.0
2016-05-12,0.0076,0.0124,0.0175,0.026000000000000002,-0.0029,0.0015,0.0083,0.015300000000000001,0.016,0.0167,0.0027,99.00000000000003,136.00000000000003
2016-05-13,0.0076,0.012199999999999999,0.0171,0.0255,-0.003,0.0013,0.0079,0.0152,0.0158,0.016399999999999998,0.0029,95.00000000000001,133.0
2016-05-16,0.0079,0.0126,0.0175,0.0259,-0.0027,0.0015,0.008199999999999999,0.015300000000000001,0.016,0.0167,0.0028000000000000004,96.00000000000001,133.0
2016-05-17,0.008199999999999999,0.0129,0.0176,0.0259,-0.0027,0.0015,0.008,0.015600000000000001,0.0161,0.0166,0.0028000000000000004,94.00000000000001,130.0
2016-05-18,0.009000000000000001,0.0141,0.0187,0.026699999999999998,-0.0013,0.0026,0.0088,0.0154,0.0161,0.0168,0.003,97.0,125.99999999999999
2016-05-19,0.0089,0.0138,0.018500000000000003,0.0264,-0.0013,0.0029,0.0088,0.0151,0.015600000000000001,0.0161,0.0031,96.00000000000003,126.0
2016-05-20,0.0089,0.0138,0.018500000000000003,0.0263,-0.0013,0.0029,0.0089,0.0151,0.015600000000000001,0.0161,0.0033,96.00000000000003,125.0
2016-05-23,0.0091,0.0138,0.0184,0.0263,-0.0011,0.003,0.0089,0.0149,0.0154,0.0159,0.0034999999999999996,92.99999999999999,125.0
2016-05-24,0.0092,0.0141,0.018600000000000002,0.0265,-0.001,0.0031,0.009000000000000001,0.0151,0.0155,0.0159,0.0034999999999999996,94.00000000000001,124.0
2016-05-25,0.0092,0.013999999999999999,0.0187,0.026699999999999998,-0.0011,0.0029,0.009000000000000001,0.0151,0.0158,0.0165,0.0033,95.00000000000001,127.0
2016-05-26,0.0087,0.013500000000000002,0.0183,0.0264,-0.0016,0.0025,0.0087,0.0151,0.0158,0.0165,0.0031,96.00000000000001,128.99999999999997
2016-05-27,0.009000000000000001,0.0139,0.018500000000000003,0.0265,-0.0012,0.0027,0.0089,0.0151,0.0158,0.0165,0.0032,95.00000000000001,126.0
2016-05-31,0.0087,0.0137,0.0184,0.0264,-0.001,0.003,0.0091,0.0147,0.0154,0.0161,0.0034000000000000002,97.0,127.0
2016-06-01,0.0091,0.0139,0.018500000000000003,0.0263,-0.0008,0.0031,0.0091,0.0147,0.0154,0.0161,0.003,94.00000000000001,124.00000000000001
2016-06-02,0.0089,0.013600000000000001,0.0181,0.0258,-0.0012,0.0027,0.0088,0.0148,0.0154,0.016,0.0029,92.00000000000001,121.99999999999999
2016-06-03,0.0078000000000000005,0.0123,0.0171,0.0252,-0.0022,0.0019,0.0084,0.014499999999999999,0.0152,0.0159,0.003,92.99999999999999,129.0
2016-06-06,0.008,0.0125,0.0173,0.0255,-0.0024,0.0019,0.0085,0.0149,0.0154,0.0159,0.0028000000000000004,92.99999999999999,129.99999999999997
2016-06-07,0.0078000000000000005,0.0123,0.0172,0.0254,-0.0028000000000000004,0.0015,0.008199999999999999,0.0151,0.015700000000000002,0.0163,0.0028000000000000004,93.99999999999999,131.0
2016-06-08,0.0078000000000000005,0.0123,0.0171,0.025099999999999997,-0.0031,0.0012,0.0078000000000000005,0.0154,0.0159,0.016399999999999998,0.0024,92.99999999999999,127.99999999999997
2016-06-09,0.0077,0.012199999999999999,0.0168,0.0248,-0.0031,0.0012,0.0078000000000000005,0.015300000000000001,0.015600000000000001,0.0159,0.0026,90.99999999999999,126.0
2016-06-10,0.0073,0.011699999999999999,0.016399999999999998,0.024399999999999998,-0.0032,0.0012,0.0078000000000000005,0.0149,0.0152,0.0155,0.0026,90.99999999999997,127.0
2016-06-13,0.0073,0.011399999999999999,0.016200000000000003,0.024300000000000002,-0.0031,0.0015,0.008100000000000001,0.014499999999999999,0.0147,0.0149,0.0027,89.00000000000001,129.00000000000003
2016-06-14,0.0074,0.0115,0.016200000000000003,0.024300000000000002,-0.003,0.0017000000000000001,0.0084,0.014499999999999999,0.014499999999999999,0.014499999999999999,0.0027,88.00000000000003,128.00000000000003
2016-06-15,0.0069,0.011000000000000001,0.016,0.024300000000000002,-0.0037,0.0013,0.008199999999999999,0.0147,0.0147,0.0147,0.0026,91.0,133.0
2016-06-16,0.006999999999999999,0.011000000000000001,0.015700000000000002,0.0239,-0.0032,0.0015,0.008199999999999999,0.014199999999999999,0.014199999999999999,0.014199999999999999,0.0027,87.00000000000003,129.0
2016-06-17,0.006999999999999999,0.0113,0.016200000000000003,0.024300000000000002,-0.003,0.002,0.0085,0.0143,0.014199999999999999,0.0141,0.0027,92.00000000000003,130.00000000000003
2016-06-20,0.0074,0.011699999999999999,0.0167,0.024700000000000003,-0.0026,0.0024,0.0088,0.0143,0.0143,0.0143,0.0028000000000000004,92.99999999999999,130.00000000000006
2016-06-21,0.0076,0.012199999999999999,0.0171,0.025,-0.0019,0.0028000000000000004,0.0091,0.0141,0.0143,0.014499999999999999,0.0027,95.00000000000001,128.00000000000003
2016-06-22,0.0075,0.012,0.0169,0.025,-0.0021,0.0025,0.009000000000000001,0.0141,0.0144,0.0147,0.0027,93.99999999999999,130.0
2016-06-23,0.0078000000000000005,0.0125,0.0174,0.0255,-0.0022,0.0024,0.0088,0.0147,0.015,0.015300000000000001,0.0031,95.99999999999997,129.99999999999997
2016-06-24,0.0064,0.0108,0.015700000000000002,0.0242,-0.0028000000000000004,0.0015,0.008100000000000001,0.013600000000000001,0.014199999999999999,0.0148,0.0027,93.00000000000003,134.0
2016-06-27,0.0060999999999999995,0.01,0.0146,0.022799999999999997,-0.0027,0.0012,0.0073,0.0127,0.0134,0.0141,0.0027,85.0,127.99999999999997
2016-06-28,0.0060999999999999995,0.01,0.0146,0.0227,-0.0032,0.0009,0.006999999999999999,0.0132,0.0137,0.014199999999999999,0.0026,85.0,127.00000000000001
2016-06-29,0.0062,0.0103,0.015,0.023,-0.0033,0.001,0.0070999999999999995,0.013600000000000001,0.013999999999999999,0.0144,0.0026,87.99999999999999,127.0
2016-06-30,0.0058,0.0101,0.0149,0.023,-0.0037,0.0009,0.006999999999999999,0.0138,0.013999999999999999,0.014199999999999999,0.0026,91.0,129.0
2016-07-01,0.0059,0.01,0.0146,0.022400000000000003,-0.0043,0.0003,0.0062,0.0143,0.0143,0.0143,0.0028000000000000004,87.0,124.00000000000003
2016-07-05,0.005600000000000001,0.009399999999999999,0.0137,0.021400000000000002,-0.0045000000000000005,-0.0003,0.005600000000000001,0.0139,0.013999999999999999,0.0141,0.0028000000000000004,81.0,120.00000000000004
2016-07-06,0.0058,0.0095,0.0138,0.021400000000000002,-0.0046,-0.0005,0.0054,0.0141,0.0143,0.014499999999999999,0.0027,80.0,119.00000000000003
2016-07-07,0.0058,0.0097,0.013999999999999999,0.021400000000000002,-0.0044,-0.0003,0.005600000000000001,0.0141,0.0143,0.014499999999999999,0.0029,81.99999999999999,117.00000000000001
2016-07-08,0.0060999999999999995,0.0095,0.0137,0.021099999999999997,-0.0044,-0.0006,0.0053,0.0139,0.0143,0.0147,0.0028000000000000004,76.00000000000001,115.99999999999997
2016-07-11,0.0066,0.0103,0.0143,0.021400000000000002,-0.0038,0.0001,0.005600000000000001,0.0141,0.014199999999999999,0.0143,0.0031,77.0,111.00000000000003
2016-07-12,0.0069,0.011000000000000001,0.015300000000000001,0.022400000000000003,-0.0036,0.0007000000000000001,0.0064,0.0146,0.0146,0.0146,0.0029,84.00000000000001,114.00000000000003
2016-07-13,0.0068000000000000005,0.010700000000000001,0.0148,0.0218,-0.0036,0.0003,0.0058,0.0143,0.014499999999999999,0.0147,0.0031,80.0,110.99999999999999
2016-07-14,0.0068000000000000005,0.011000000000000001,0.015300000000000001,0.0225,-0.0034000000000000002,0.0008,0.0062,0.0144,0.014499999999999999,0.0146,0.0032,85.0,114.99999999999999
2016-07-15,0.0070999999999999995,0.0115,0.016,0.023,-0.0029,0.0011,0.0064,0.0144,0.0149,0.0154,0.0032,89.00000000000001,115.0
2016-07-18,0.0068000000000000005,0.011399999999999999,0.0159,0.023,-0.0027,0.001,0.006500000000000001,0.0141,0.0149,0.015700000000000002,0.0032,91.0,116.00000000000001
2016-07-19,0.006999999999999999,0.011200000000000002,0.015600000000000001,0.0227,-0.0027,0.0012,0.006500000000000001,0.0139,0.0144,0.0149,0.0031,86.00000000000001,115.0
2016-07-20,0.0073,0.0115,0.0159,0.023,-0.0025,0.0013,0.0067,0.013999999999999999,0.0146,0.0152,0.0032,86.0,115.0
2016-07-21,0.006999999999999999,0.0111,0.015700000000000002,0.0229,-0.0027,0.0005,0.0067,0.0138,0.0152,0.0166,0.0032,87.00000000000003,118.0
2016-07-22,0.0070999999999999995,0.0113,0.015700000000000002,0.0229,-0.0023,0.0006,0.0067,0.013600000000000001,0.0151,0.0166,0.0033,86.00000000000003,116.00000000000001
2016-07-25,0.0072,0.0115,0.0158,0.0229,-0.0019,0.0008,0.0068000000000000005,0.0134,0.015,0.0166,0.0032,86.00000000000001,114.0
2016-07-26,0.0075,0.0115,0.015700000000000002,0.022799999999999997,-0.0018,0.0007000000000000001,0.0066,0.013300000000000001,0.015,0.0167,0.0031,82.00000000000003,112.99999999999997
2016-07-27,0.0073,0.011000000000000001,0.0152,0.0223,-0.0021,0.0003,0.0060999999999999995,0.0131,0.0149,0.0167,0.0031,79.00000000000001,112.99999999999999
2016-07-28,0.0072,0.0109,0.0152,0.0223,-0.0024,0.0,0.0059,0.013300000000000001,0.0152,0.0171,0.0025,80.0,114.0
2016-07-29,0.0067,0.0103,0.0146,0.0218,-0.0028000000000000004,-0.0003,0.005600000000000001,0.0131,0.0149,0.0167,0.0028000000000000004,79.00000000000001,115.0
2016-08-01,0.0067,0.0106,0.0151,0.022400000000000003,-0.0021,0.0005,0.0063,0.0127,0.0146,0.0165,0.0029,84.00000000000001,118.00000000000003
2016-08-02,0.0067,0.010700000000000001,0.0155,0.0229,-0.0018,0.0011,0.006999999999999999,0.0125,0.0144,0.0163,0.0029,87.99999999999999,121.99999999999999
2016-08-03,0.0067,0.010700000000000001,0.0155,0.0229,-0.0021,0.0009,0.0068000000000000005,0.0128,0.0146,0.016399999999999998,0.0028000000000000004,87.99999999999999,121.99999999999999
2016-08-04,0.0064,0.0103,0.0151,0.0225,-0.0027,0.0004,0.0062,0.013000000000000001,0.0147,0.016399999999999998,0.0026,87.0,121.99999999999999
2016-08-05,0.0072,0.0113,0.0159,0.0232,-0.002,0.0009,0.0064,0.013300000000000001,0.015,0.0167,0.0028000000000000004,87.00000000000001,118.99999999999999
2016-08-08,0.0074,0.0115,0.0159,0.023,-0.0019,0.0008,0.0063,0.0134,0.0151,0.0168,0.0031,85.0,115.0
2016-08-09,0.0070999999999999995,0.0111,0.0155,0.0225,-0.0019,0.0006,0.006,0.013000000000000001,0.0149,0.0168,0.0029,84.00000000000001,113.99999999999999
2016-08-10,0.0069,0.010700000000000001,0.015,0.0223,-0.002,0.0006,0.0059,0.0127,0.0144,0.0161,0.0028000000000000004,81.0,115.99999999999999
2016-08-11,0.0076,0.0116,0.015700000000000002,0.022799999999999997,-0.0016,0.001,0.0060999999999999995,0.0132,0.0147,0.016200000000000003,0.0028000000000000004,81.00000000000003,111.99999999999999
2016-08-12,0.0070999999999999995,0.011000000000000001,0.0151,0.0223,-0.0019,0.0007000000000000001,0.0058,0.0129,0.0144,0.0159,0.0029,80.0,112.99999999999999
2016-08-15,0.0072,0.011399999999999999,0.0155,0.0227,-0.0016,0.001,0.0062,0.013000000000000001,0.014499999999999999,0.016,0.0031,83.0,113.00000000000003
2016-08-16,0.0076,0.0116,0.015700000000000002,0.0229,-0.0012,0.0013,0.006500000000000001,0.0128,0.0144,0.016,0.0027,81.00000000000003,113.00000000000001
2016-08-17,0.0074,0.0115,0.015600000000000001,0.0227,-0.0016,0.0009,0.0063,0.0131,0.0147,0.0163,0.003,82.0,112.00000000000001
2016-08-18,0.0070999999999999995,0.011200000000000002,0.015300000000000001,0.0226,-0.002,0.0006,0.0060999999999999995,0.0132,0.0147,0.016200000000000003,0.003,82.00000000000003,113.99999999999997
2016-08-19,0.0076,0.011699999999999999,0.0158,0.0229,-0.0017000000000000001,0.001,0.0063,0.0134,0.0148,0.016200000000000003,0.003,82.00000000000003,112.00000000000001
2016-08-22,0.0076,0.0115,0.0155,0.022400000000000003,-0.0019,0.0008,0.0059,0.0134,0.0147,0.016,0.0029,79.00000000000001,109.00000000000003
2016-08-23,0.0074,0.0115,0.0155,0.022400000000000003,-0.0019,0.0007000000000000001,0.0058,0.0134,0.0148,0.016200000000000003,0.003,81.0,109.00000000000003
2016-08-24,0.0076,0.0113,0.015600000000000001,0.022400000000000003,-0.0019,0.0008,0.0059,0.0132,0.0148,0.016399999999999998,0.0031,80.0,111.00000000000004
2016-08-25,0.0078000000000000005,0.0116,0.0158,0.0227,-0.0017000000000000001,0.0009,0.0060999999999999995,0.013300000000000001,0.0149,0.0165,0.0033,80.0,111.00000000000003
2016-08-26,0.0084,0.0123,0.016200000000000003,0.0229,-0.0008,0.0015,0.0064,0.0131,0.0147,0.0163,0.0034000000000000002,78.00000000000003,106.0
2016-08-29,0.008100000000000001,0.0118,0.015700000000000002,0.0222,-0.0011,0.0011,0.0058,0.0129,0.0146,0.0163,0.0033,76.00000000000001,104.00000000000001
2016-08-30,0.008,0.0118,0.015700000000000002,0.0223,-0.001,0.0011,0.0059,0.0128,0.0146,0.016399999999999998,0.0033,77.00000000000001,105.0
2016-08-31,0.008,0.011899999999999999,0.0158,0.0223,-0.0008,0.0011,0.0058,0.0127,0.0147,0.0167,0.0033,78.00000000000001,104.00000000000001
2016-09-01,0.0078000000000000005,0.0118,0.015700000000000002,0.0223,-0.0006,0.0012,0.005699999999999999,0.0124,0.014499999999999999,0.0166,0.0033,79.00000000000001,105.0
2016-09-02,0.008,0.012,0.016,0.022799999999999997,-0.0008,0.0013,0.006,0.0128,0.0147,0.0166,0.0033,80.0,107.99999999999997
2016-09-06,0.0074,0.0113,0.0155,0.022400000000000003,-0.0016,0.0006,0.0054,0.0129,0.0149,0.0169,0.0032,81.0,111.00000000000004
2016-09-07,0.0074,0.011200000000000002,0.0154,0.0223,-0.0018,0.0003,0.0052,0.013000000000000001,0.0151,0.0172,0.0034000000000000002,80.0,110.99999999999999
2016-09-08,0.0078000000000000005,0.011899999999999999,0.0161,0.0232,-0.0015,0.0009,0.0059,0.0134,0.0152,0.017,0.0034999999999999996,82.99999999999999,112.99999999999999
2016-09-09,0.0079,0.0123,0.0167,0.0239,-0.0009,0.0017000000000000001,0.0067,0.0132,0.015,0.0168,0.0034999999999999996,87.99999999999999,116.00000000000001
2016-09-12,0.0079,0.0121,0.0168,0.024,-0.0012,0.0017000000000000001,0.0067,0.013300000000000001,0.0151,0.0169,0.0037,88.99999999999999,119.00000000000001
2016-09-13,0.008,0.0126,0.0173,0.024700000000000003,-0.0005,0.0024,0.0074,0.0131,0.0149,0.0167,0.0036,92.99999999999999,121.00000000000003
2016-09-14,0.0077,0.0121,0.017,0.024399999999999998,-0.0009,0.0021,0.0072,0.013000000000000001,0.0149,0.0168,0.0033,93.00000000000001,122.99999999999999
2016-09-15,0.0074,0.012,0.0171,0.0248,-0.0011,0.0022,0.0076,0.0131,0.0149,0.0167,0.0029,97.0,127.99999999999999
2016-09-16,0.0077,0.0121,0.017,0.024399999999999998,-0.0013,0.0019,0.0073,0.0134,0.0151,0.0168,0.003,93.00000000000001,122.99999999999999
2016-09-19,0.0079,0.012199999999999999,0.017,0.0245,-0.0013,0.002,0.0075,0.013500000000000002,0.015,0.0165,0.003,91.0,123.00000000000001
2016-09-20,0.0079,0.012,0.0169,0.024300000000000002,-0.0013,0.002,0.0075,0.013300000000000001,0.0149,0.0165,0.003,89.99999999999997,123.00000000000001
2016-09-21,0.0079,0.012,0.0166,0.0239,-0.0017000000000000001,0.0015,0.0069,0.0137,0.0151,0.0165,0.0022,87.0,119.00000000000001
2016-09-22,0.0079,0.0118,0.0163,0.023399999999999997,-0.0022,0.0008,0.0062,0.013999999999999999,0.0155,0.017,0.0018,83.99999999999997,115.99999999999997
2016-09-23,0.0077,0.0116,0.016200000000000003,0.023399999999999997,-0.0026,0.0005,0.0058,0.014199999999999999,0.015700000000000002,0.0172,0.0018,85.00000000000003,117.99999999999999
2016-09-26,0.0076,0.0113,0.0159,0.0232,-0.0027,0.0005,0.006,0.013999999999999999,0.0154,0.0168,0.0025,83.00000000000001,118.99999999999999
2016-09-27,0.0075,0.011200000000000002,0.015600000000000001,0.022799999999999997,-0.0026,0.0004,0.0058,0.0138,0.0152,0.0166,0.0026,81.00000000000001,115.99999999999996
2016-09-28,0.0075,0.0113,0.015700000000000002,0.0229,-0.0031,0.0001,0.005699999999999999,0.0144,0.015600000000000001,0.0168,0.0027,82.00000000000003,116.00000000000001
2016-09-29,0.0073,0.011200000000000002,0.015600000000000001,0.022799999999999997,-0.0032,0.0002,0.0058,0.0144,0.0154,0.016399999999999998,0.0026,83.00000000000001,115.99999999999996
2016-09-30,0.0077,0.011399999999999999,0.016,0.0232,-0.0031,0.0,0.0059,0.014499999999999999,0.016,0.0175,0.0029,83.0,118.0
2016-10-03,0.008,0.0118,0.0163,0.023399999999999997,-0.0029,0.0,0.0058,0.0147,0.0163,0.0179,0.0032,82.99999999999999,115.99999999999997
2016-10-04,0.008199999999999999,0.012199999999999999,0.0169,0.024,-0.0023,0.0007000000000000001,0.0066,0.014499999999999999,0.016200000000000003,0.0179,0.0033,87.0,118.00000000000001
2016-10-05,0.0085,0.0126,0.0172,0.024399999999999998,-0.0022,0.001,0.0069,0.0148,0.016200000000000003,0.0176,0.0032,87.0,117.99999999999999
2016-10-06,0.0086,0.0128,0.0175,0.0246,-0.0021,0.0011,0.0068000000000000005,0.0149,0.016399999999999998,0.0179,0.0033,89.00000000000001,118.0
2016-10-07,0.0083,0.0126,0.0173,0.0246,-0.0024,0.001,0.0068000000000000005,0.015,0.0163,0.0176,0.0033,90.0,120.0
2016-10-11,0.0087,0.013000000000000001,0.0177,0.025,-0.0021,0.0013,0.0070999999999999995,0.0151,0.016399999999999998,0.0177,0.0034999999999999996,90.00000000000001,120.0
2016-10-12,0.0087,0.0131,0.0179,0.025099999999999997,-0.002,0.0015,0.0073,0.0151,0.016399999999999998,0.0177,0.0037,92.0,119.99999999999997
2016-10-13,0.0085,0.0127,0.0175,0.0248,-0.0023,0.0012,0.0070999999999999995,0.015,0.0163,0.0176,0.003,90.00000000000001,121.0
2016-10-14,0.0084,0.0128,0.018000000000000002,0.0255,-0.0025,0.0013,0.0074,0.015300000000000001,0.0167,0.0181,0.0032,96.00000000000003,126.99999999999997
2016-10-17,0.008100000000000001,0.0126,0.0177,0.0252,-0.0029,0.0009,0.0068000000000000005,0.0155,0.0168,0.0181,0.0034000000000000002,95.99999999999999,126.0
2016-10-18,0.008199999999999999,0.0124,0.0175,0.025099999999999997,-0.003,0.0009,0.0068000000000000005,0.0154,0.0166,0.0178,0.0034000000000000002,93.00000000000003,126.99999999999997
2016-10-19,0.008100000000000001,0.0124,0.0176,0.025099999999999997,-0.0032,0.0008,0.0068000000000000005,0.015600000000000001,0.0168,0.018000000000000002,0.0034999999999999996,95.0,126.99999999999997
2016-10-20,0.0084,0.0126,0.0176,0.025,-0.003,0.0008,0.0068000000000000005,0.015600000000000001,0.0168,0.018000000000000002,0.0034999999999999996,92.00000000000001,124.00000000000001
2016-10-21,0.0084,0.0125,0.0174,0.0248,-0.0031,0.0007000000000000001,0.0066,0.015600000000000001,0.0167,0.0178,0.0034000000000000002,90.0,122.99999999999999
2016-10-24,0.0084,0.0127,0.0177,0.0252,-0.0026,0.0011,0.0069,0.015300000000000001,0.0166,0.0179,0.0033,93.00000000000001,125.0
2016-10-25,0.0086,0.0129,0.0177,0.025,-0.0028000000000000004,0.0007000000000000001,0.006500000000000001,0.015700000000000002,0.017,0.0183,0.0034000000000000002,91.0,121.00000000000001
2016-10-26,0.0086,0.013000000000000001,0.0179,0.0253,-0.0028000000000000004,0.0008,0.006500000000000001,0.0158,0.0171,0.0184,0.0033,92.99999999999999,122.99999999999999
2016-10-27,0.0087,0.013300000000000001,0.018500000000000003,0.026000000000000002,-0.0024,0.0013,0.0072,0.015700000000000002,0.0172,0.0187,0.003,98.00000000000003,127.00000000000001
2016-10-28,0.0086,0.013300000000000001,0.018600000000000002,0.0262,-0.0027,0.0013,0.0074,0.016,0.0173,0.018600000000000002,0.003,100.00000000000001,129.0
2016-10-31,0.0086,0.0131,0.0184,0.0258,-0.0028000000000000004,0.0011,0.006999999999999999,0.0159,0.0173,0.0187,0.0034000000000000002,98.0,127.0
2016-11-01,0.0083,0.013000000000000001,0.0183,0.0258,-0.0029,0.0011,0.0069,0.0159,0.0172,0.018500000000000003,0.0034999999999999996,100.0,127.99999999999999
2016-11-02,0.008100000000000001,0.0126,0.0181,0.0256,-0.0029,0.0011,0.006999999999999999,0.0155,0.017,0.018500000000000003,0.0037,100.0,130.0
2016-11-03,0.008100000000000001,0.0126,0.0182,0.026000000000000002,-0.0026,0.0014000000000000002,0.0075,0.0152,0.0168,0.0184,0.0038,101.0,134.00000000000003
2016-11-04,0.008,0.0124,0.0179,0.0256,-0.0028000000000000004,0.0011,0.0072,0.0152,0.0168,0.0184,0.0038,98.99999999999999,132.00000000000003
2016-11-07,0.008199999999999999,0.0129,0.0183,0.026000000000000002,-0.0027,0.0012,0.0070999999999999995,0.015600000000000001,0.0171,0.018600000000000002,0.0040999999999999995,101.00000000000001,131.00000000000003
2016-11-08,0.0087,0.0134,0.018799999999999997,0.0263,-0.0023,0.0015,0.0073,0.015700000000000002,0.0173,0.0189,0.0043,100.99999999999997,129.0
2016-11-09,0.009000000000000001,0.0149,0.0207,0.0288,-0.0018,0.0025,0.0083,0.0167,0.0182,0.0197,0.0045000000000000005,116.99999999999999,139.0
2016-11-10,0.0092,0.015600000000000001,0.0215,0.0294,-0.0014000000000000002,0.0027,0.0087,0.017,0.018799999999999997,0.0206,0.0048,122.99999999999999,137.99999999999997
2016-11-14,0.01,0.0166,0.0223,0.029900000000000003,0.0001,0.004,0.0096,0.0165,0.0183,0.020099999999999996,0.0055000000000000005,123.0,133.00000000000003
2016-11-15,0.0102,0.0168,0.0223,0.0297,0.0001,0.0040999999999999995,0.0095,0.0167,0.0182,0.0197,0.0051,121.0,129.00000000000003
2016-11-16,0.01,0.0168,0.0222,0.0292,0.0002,0.0039000000000000003,0.0092,0.0166,0.0183,0.02,0.004699999999999999,122.00000000000001,124.00000000000001
2016-11-17,0.0104,0.0173,0.0229,0.0301,0.0002,0.0042,0.0096,0.0171,0.0187,0.0203,0.0044,125.0,127.99999999999999
2016-11-18,0.010700000000000001,0.018000000000000002,0.023399999999999997,0.0301,0.0006,0.0044,0.009399999999999999,0.0174,0.019,0.0206,0.0044,126.99999999999996,120.99999999999996
2016-11-21,0.0108,0.0179,0.0233,0.03,0.0005,0.0042,0.0092,0.0174,0.0191,0.0208,0.0046,125.0,121.0
2016-11-22,0.010700000000000001,0.0177,0.0231,0.03,0.0002,0.0040999999999999995,0.009300000000000001,0.0175,0.019,0.020499999999999997,0.0049,123.99999999999997,122.99999999999999
2016-11-23,0.011200000000000002,0.0183,0.0236,0.0302,0.0009,0.0044,0.009300000000000001,0.0174,0.0192,0.021,0.0051,123.99999999999997,119.00000000000001
2016-11-25,0.011200000000000002,0.0183,0.0236,0.0301,0.0009,0.004699999999999999,0.009300000000000001,0.0174,0.0189,0.0204,0.0049,123.99999999999997,117.99999999999999
2016-11-28,0.0111,0.018000000000000002,0.0232,0.029900000000000003,0.0011,0.004699999999999999,0.0095,0.0169,0.018500000000000003,0.020099999999999996,0.0048,120.99999999999999,119.00000000000001
2016-11-29,0.0109,0.0178,0.023,0.029500000000000002,0.0009,0.0044,0.0092,0.0169,0.018600000000000002,0.0203,0.0048,121.0,117.00000000000001
2016-11-30,0.0111,0.0183,0.023700000000000002,0.0302,0.0006,0.0043,0.0091,0.0177,0.0194,0.021099999999999997,0.0048,126.00000000000001,119.00000000000001
2016-12-01,0.011399999999999999,0.019,0.0245,0.031,0.0009,0.0048,0.0095,0.0181,0.0197,0.0213,0.0048,131.00000000000003,120.0
2016-12-02,0.0111,0.0184,0.024,0.0308,0.0008,0.0049,0.0098,0.0176,0.0191,0.0206,0.0049,129.0,124.00000000000001
2016-12-05,0.0113,0.0184,0.0239,0.0305,0.0005,0.0045000000000000005,0.009399999999999999,0.0179,0.0194,0.0209,0.0049,126.00000000000001,121.0
2016-12-06,0.011200000000000002,0.0184,0.0239,0.0308,0.0004,0.0044,0.009399999999999999,0.018000000000000002,0.0195,0.021,0.0049,127.0,124.00000000000001
2016-12-07,0.011000000000000001,0.018000000000000002,0.023399999999999997,0.0302,0.0002,0.0042,0.0091,0.0178,0.0192,0.0206,0.0052,123.99999999999996,121.99999999999999
2016-12-08,0.011200000000000002,0.0183,0.024,0.031,0.0,0.0045000000000000005,0.0098,0.0183,0.0195,0.0207,0.0051,127.99999999999999,127.0
2016-12-09,0.0115,0.0189,0.024700000000000003,0.0316,0.0006,0.0051,0.0104,0.0183,0.0196,0.0209,0.0054,132.00000000000003,127.00000000000003
2016-12-12,0.0115,0.019,0.024900000000000002,0.0316,0.0004,0.0051,0.0104,0.018600000000000002,0.019799999999999998,0.021,0.0051,134.00000000000003,126.00000000000004
2016-12-13,0.011699999999999999,0.0192,0.0248,0.031400000000000004,0.0006,0.0053,0.0104,0.018600000000000002,0.0195,0.0204,0.0054,131.0,122.00000000000006
2016-12-14,0.0127,0.0202,0.0254,0.031400000000000004,0.002,0.006,0.010700000000000001,0.0182,0.0194,0.0206,0.0055000000000000005,127.0,112.00000000000006
2016-12-15,0.0129,0.021,0.026000000000000002,0.0316,0.0032,0.006999999999999999,0.0115,0.0178,0.019,0.0202,0.0051,131.00000000000003,106.00000000000001
2016-12-16,0.0128,0.0207,0.026000000000000002,0.0319,0.0032,0.0074,0.012,0.0175,0.018600000000000002,0.0197,0.0051,132.00000000000003,111.99999999999999
2016-12-19,0.0124,0.0203,0.0254,0.031200000000000002,0.0029,0.0068000000000000005,0.0113,0.0174,0.018600000000000002,0.019799999999999998,0.0052,130.0,109.00000000000003
2016-12-20,0.0125,0.0206,0.025699999999999997,0.0315,0.0026,0.0067,0.011399999999999999,0.018000000000000002,0.019,0.02,0.0052,131.99999999999997,109.0
2016-12-21,0.0121,0.0204,0.0255,0.031200000000000002,0.003,0.0064,0.011000000000000001,0.0174,0.0191,0.0208,0.0052,134.0,108.0
2016-12-22,0.012199999999999999,0.0204,0.0255,0.031200000000000002,0.0018,0.006,0.0106,0.018600000000000002,0.0195,0.0204,0.0051,133.0,108.0
2016-12-23,0.012199999999999999,0.0204,0.0255,0.031200000000000002,0.002,0.0058,0.0103,0.0184,0.0197,0.021,0.0052,133.0,108.0
2016-12-27,0.0128,0.0207,0.025699999999999997,0.031400000000000004,0.0019,0.0058,0.0104,0.018799999999999997,0.0199,0.021,0.0051,128.99999999999997,107.00000000000004
2016-12-28,0.0126,0.0202,0.025099999999999997,0.030899999999999997,0.0017000000000000001,0.005600000000000001,0.0102,0.018500000000000003,0.0195,0.020499999999999997,0.0053,124.99999999999997,106.99999999999997
2016-12-29,0.012199999999999999,0.0196,0.024900000000000002,0.0308,0.0015,0.0055000000000000005,0.0102,0.0181,0.0194,0.0207,0.004699999999999999,127.00000000000003,112.00000000000001
2016-12-30,0.012,0.019299999999999998,0.0245,0.030600000000000002,0.0009,0.005,0.009899999999999999,0.0184,0.0195,0.0206,0.0051,125.0,113.00000000000004
2017-01-03,0.012199999999999999,0.0194,0.0245,0.0304,0.0008,0.004699999999999999,0.009399999999999999,0.018600000000000002,0.019799999999999998,0.021,0.0053,123.00000000000001,110.0
2017-01-04,0.0124,0.0194,0.0246,0.0305,0.0008,0.004699999999999999,0.0095,0.018600000000000002,0.0199,0.0212,0.0053,122.00000000000001,110.99999999999999
2017-01-05,0.011699999999999999,0.018600000000000002,0.023700000000000002,0.0296,0.0003,0.0042,0.0089,0.0183,0.0195,0.0207,0.0052,120.00000000000004,110.0
2017-01-06,0.012199999999999999,0.0192,0.0242,0.03,0.0008,0.0046,0.009300000000000001,0.0184,0.0196,0.0208,0.0053,120.0,108.0
2017-01-09,0.0121,0.0189,0.023799999999999998,0.0297,0.0004,0.0043,0.0091,0.018500000000000003,0.0195,0.020499999999999997,0.005,116.99999999999999,108.0
2017-01-10,0.011899999999999999,0.0189,0.023799999999999998,0.0297,0.0005,0.0043,0.0091,0.0184,0.0195,0.0206,0.0052,118.99999999999999,108.0
2017-01-11,0.012,0.0189,0.023799999999999998,0.0296,0.0004,0.0039000000000000003,0.0088,0.018500000000000003,0.0199,0.0213,0.0052,117.99999999999999,107.00000000000001
2017-01-12,0.0118,0.0187,0.0236,0.0301,0.0,0.0038,0.0087,0.0187,0.019799999999999998,0.0209,0.0052,118.0,113.99999999999997
2017-01-13,0.0121,0.019,0.024,0.029900000000000003,0.0005,0.0040999999999999995,0.0089,0.018500000000000003,0.0199,0.0213,0.0053,119.00000000000001,109.00000000000003
2017-01-17,0.011699999999999999,0.0184,0.0233,0.029300000000000003,0.0,0.0036,0.0087,0.0184,0.0197,0.021,0.0055000000000000005,116.00000000000003,109.00000000000003
2017-01-18,0.0123,0.019299999999999998,0.0242,0.03,0.0007000000000000001,0.0042,0.0092,0.018600000000000002,0.02,0.021400000000000002,0.0053,118.99999999999999,107.00000000000001
2017-01-19,0.0125,0.0197,0.024700000000000003,0.0304,0.0007000000000000001,0.0043,0.009300000000000001,0.019,0.0204,0.0218,0.0052,122.00000000000003,107.00000000000001
2017-01-20,0.012,0.0195,0.0248,0.0305,0.0003,0.0044,0.009399999999999999,0.0192,0.0204,0.0216,0.005,127.99999999999999,110.0
2017-01-23,0.0116,0.018799999999999997,0.0241,0.029900000000000003,0.0002,0.0039000000000000003,0.0089,0.018600000000000002,0.0202,0.0218,0.0051,125.0,111.00000000000006
2017-01-24,0.0121,0.0194,0.024700000000000003,0.0305,0.0001,0.0040999999999999995,0.009300000000000001,0.019299999999999998,0.0206,0.0219,0.0051,126.00000000000004,110.99999999999999
2017-01-25,0.0123,0.0199,0.0253,0.031,0.0003,0.0045000000000000005,0.0096,0.0196,0.0208,0.022000000000000002,0.005,130.0,110.99999999999999
2017-01-26,0.0121,0.0195,0.025099999999999997,0.0308,0.0001,0.0043,0.009399999999999999,0.0194,0.0208,0.0222,0.0051,129.99999999999997,113.00000000000001
2017-01-27,0.012199999999999999,0.0194,0.024900000000000002,0.030600000000000002,-0.0002,0.0040999999999999995,0.0091,0.0196,0.0208,0.022000000000000002,0.0052,127.00000000000003,112.00000000000001
2017-01-30,0.012199999999999999,0.0194,0.024900000000000002,0.0308,-0.0001,0.0042,0.009399999999999999,0.0195,0.0207,0.0219,0.0051,127.00000000000003,114.0
2017-01-31,0.011899999999999999,0.019,0.0245,0.0305,-0.0004,0.004,0.009300000000000001,0.0194,0.020499999999999997,0.0216,0.0052,126.00000000000001,115.0
2017-02-01,0.012199999999999999,0.019299999999999998,0.0248,0.0308,0.0001,0.0043,0.0096,0.0192,0.020499999999999997,0.0218,0.0051,126.0,115.00000000000003
2017-02-02,0.0121,0.0192,0.0248,0.030899999999999997,-0.0001,0.0043,0.0098,0.019299999999999998,0.020499999999999997,0.0217,0.0052,127.0,116.99999999999999
2017-02-03,0.0121,0.019299999999999998,0.024900000000000002,0.0311,0.0002,0.0044,0.0101,0.0191,0.020499999999999997,0.0219,0.0051,128.00000000000003,118.00000000000001
2017-02-06,0.0116,0.018600000000000002,0.0242,0.0305,-0.0005,0.004,0.0098,0.0191,0.0202,0.0213,0.0053,126.0,118.99999999999997
2017-02-07,0.0116,0.018500000000000003,0.024,0.0302,-0.0002,0.004,0.0096,0.0187,0.02,0.0213,0.0053,124.00000000000001,116.99999999999999
2017-02-08,0.0115,0.0181,0.023399999999999997,0.0296,-0.0001,0.0038,0.0091,0.0182,0.0196,0.021,0.0054,118.99999999999997,115.0
2017-02-09,0.012,0.018799999999999997,0.024,0.0302,0.0002,0.0040999999999999995,0.009300000000000001,0.018600000000000002,0.0199,0.0212,0.0054,120.0,114.00000000000004
2017-02-10,0.012,0.0189,0.0241,0.0301,0.0002,0.004,0.009000000000000001,0.0187,0.020099999999999996,0.0215,0.0055000000000000005,121.0,111.99999999999999
2017-02-13,0.012,0.0192,0.024300000000000002,0.030299999999999997,0.0005,0.0043,0.0091,0.0187,0.02,0.0213,0.0052,123.00000000000001,110.99999999999999
2017-02-14,0.0125,0.019799999999999998,0.024700000000000003,0.030699999999999998,0.0011,0.0046,0.009399999999999999,0.0187,0.020099999999999996,0.0215,0.0054,122.00000000000003,109.0
2017-02-15,0.0127,0.020099999999999996,0.025099999999999997,0.030899999999999997,0.0008,0.0045000000000000005,0.009300000000000001,0.019299999999999998,0.0206,0.0219,0.0054,123.99999999999997,108.0
2017-02-16,0.012199999999999999,0.0195,0.0245,0.0305,0.0005,0.0043,0.0095,0.019,0.0202,0.021400000000000002,0.0053,123.00000000000001,110.0
2017-02-17,0.0121,0.0192,0.0242,0.030299999999999997,0.0007000000000000001,0.0040999999999999995,0.0091,0.018500000000000003,0.020099999999999996,0.0217,0.0053,121.0,110.99999999999999
2017-02-21,0.012199999999999999,0.019299999999999998,0.024300000000000002,0.0304,0.0006,0.004,0.0092,0.0187,0.0203,0.0219,0.0053,121.00000000000003,111.00000000000003
2017-02-22,0.012199999999999999,0.0192,0.0242,0.0304,0.0,0.0038,0.0091,0.0192,0.0204,0.0216,0.0052,120.0,112.00000000000001
2017-02-23,0.0118,0.0187,0.023799999999999998,0.0302,-0.0003,0.0034999999999999996,0.0089,0.019,0.0203,0.0216,0.0051,119.99999999999999,115.0
2017-02-24,0.011200000000000002,0.018000000000000002,0.0231,0.029500000000000002,-0.001,0.0031,0.0085,0.019,0.02,0.021,0.0052,118.99999999999997,115.0
2017-02-27,0.012,0.0187,0.0236,0.0298,0.0001,0.0034999999999999996,0.0088,0.018600000000000002,0.020099999999999996,0.0216,0.005,115.99999999999999,110.99999999999999
2017-02-28,0.012199999999999999,0.0189,0.0236,0.0297,0.0,0.0034000000000000002,0.0087,0.0189,0.0202,0.0215,0.0053,114.0,108.0
2017-03-01,0.0129,0.0199,0.0246,0.030600000000000002,0.0015,0.0043,0.009399999999999999,0.0184,0.0203,0.0222,0.0063,117.0,107.00000000000001
2017-03-02,0.0132,0.0203,0.024900000000000002,0.030899999999999997,0.0019,0.0048,0.0098,0.0184,0.020099999999999996,0.0218,0.0067,117.00000000000001,105.99999999999999
2017-03-03,0.0132,0.0202,0.024900000000000002,0.0308,0.001,0.0045000000000000005,0.0096,0.0192,0.0204,0.0216,0.0070999999999999995,117.00000000000001,106.00000000000001
2017-03-06,0.0131,0.0202,0.024900000000000002,0.031,0.0012,0.0048,0.009899999999999999,0.019,0.020099999999999996,0.0212,0.0074,118.00000000000001,108.0
2017-03-07,0.0132,0.020499999999999997,0.0252,0.0311,0.0013,0.0049,0.0101,0.0192,0.0203,0.021400000000000002,0.0076,120.0,106.00000000000001
2017-03-08,0.013600000000000001,0.0208,0.025699999999999997,0.0315,0.0018,0.005600000000000001,0.0106,0.019,0.020099999999999996,0.0212,0.0073,120.99999999999996,107.00000000000001
2017-03-09,0.0137,0.0213,0.026000000000000002,0.0319,0.0024,0.006,0.0109,0.0189,0.02,0.021099999999999997,0.0073,123.00000000000001,105.99999999999999
2017-03-10,0.013600000000000001,0.021099999999999997,0.0258,0.0316,0.0021,0.005699999999999999,0.0106,0.019,0.020099999999999996,0.0212,0.0075,121.99999999999999,105.00000000000006
2017-03-13,0.013999999999999999,0.021400000000000002,0.0262,0.032,0.0028000000000000004,0.0060999999999999995,0.0109,0.018600000000000002,0.020099999999999996,0.0216,0.0079,122.00000000000003,105.99999999999999
2017-03-14,0.013999999999999999,0.0213,0.026000000000000002,0.0317,0.0025,0.0060999999999999995,0.0108,0.018799999999999997,0.0199,0.021,0.0078000000000000005,120.00000000000004,104.0
2017-03-15,0.013300000000000001,0.0202,0.025099999999999997,0.0311,0.0018,0.005,0.01,0.0184,0.020099999999999996,0.0218,0.0073,117.99999999999996,109.0
2017-03-16,0.013500000000000002,0.020499999999999997,0.0253,0.031400000000000004,0.0018,0.0051,0.0102,0.0187,0.0202,0.0217,0.0073,117.99999999999999,109.00000000000007
2017-03-17,0.013300000000000001,0.0203,0.025,0.0311,0.0014000000000000002,0.0049,0.0101,0.0189,0.020099999999999996,0.0213,0.0073,117.0,108.0
2017-03-20,0.013000000000000001,0.02,0.024700000000000003,0.0308,0.0014000000000000002,0.004699999999999999,0.01,0.018600000000000002,0.02,0.021400000000000002,0.0076,117.00000000000001,108.0
2017-03-21,0.0127,0.0196,0.024300000000000002,0.0304,0.0016,0.0045000000000000005,0.009899999999999999,0.018000000000000002,0.019799999999999998,0.0216,0.0077,116.00000000000003,108.0
2017-03-22,0.0127,0.0195,0.024,0.0302,0.0016,0.0043,0.0096,0.0179,0.0197,0.0215,0.0077,113.00000000000001,107.00000000000001
2017-03-23,0.0126,0.0195,0.0241,0.0302,0.002,0.0046,0.0096,0.0175,0.0195,0.0215,0.0076,115.0,107.00000000000001
2017-03-24,0.0126,0.019299999999999998,0.024,0.03,0.002,0.0042,0.0091,0.0173,0.019799999999999998,0.0223,0.0078000000000000005,114.0,107.00000000000001
2017-03-27,0.0127,0.019299999999999998,0.023799999999999998,0.0298,0.0018,0.0040999999999999995,0.009000000000000001,0.0175,0.0197,0.0219,0.0078000000000000005,110.99999999999999,105.00000000000003
2017-03-28,0.013000000000000001,0.0197,0.0242,0.0302,0.0024,0.0045000000000000005,0.009399999999999999,0.0173,0.0197,0.022099999999999998,0.0078000000000000005,111.99999999999999,105.00000000000003
2017-03-29,0.0126,0.019299999999999998,0.0239,0.029900000000000003,0.0013,0.0040999999999999995,0.0091,0.018000000000000002,0.019799999999999998,0.0216,0.0078000000000000005,113.00000000000001,106.00000000000006
2017-03-30,0.0128,0.0196,0.0242,0.030299999999999997,0.0015,0.0046,0.0096,0.0181,0.0196,0.021099999999999997,0.0078000000000000005,113.99999999999999,106.99999999999997
2017-03-31,0.0127,0.019299999999999998,0.024,0.0302,0.0016,0.0043,0.009399999999999999,0.0177,0.0197,0.0217,0.0076,113.00000000000001,109.00000000000003
2017-04-03,0.0124,0.018799999999999997,0.0235,0.0298,0.0015,0.0039000000000000003,0.0091,0.0173,0.0196,0.0219,0.0079,111.0,110.00000000000003
2017-04-04,0.0125,0.018799999999999997,0.0236,0.029900000000000003,0.0011,0.004,0.0092,0.0177,0.0196,0.0215,0.0079,110.99999999999999,111.00000000000006
2017-04-05,0.0124,0.018500000000000003,0.023399999999999997,0.0298,0.0008,0.0037,0.0089,0.0177,0.0197,0.0217,0.008,109.99999999999997,112.99999999999997
2017-04-06,0.0124,0.0187,0.023399999999999997,0.029900000000000003,0.0016,0.0039000000000000003,0.009000000000000001,0.0171,0.0195,0.0219,0.0079,109.99999999999997,112.00000000000001
2017-04-07,0.0129,0.0192,0.023799999999999998,0.03,0.0022,0.0044,0.009399999999999999,0.017,0.0194,0.0218,0.008199999999999999,108.99999999999999,108.0
2017-04-10,0.0129,0.0191,0.023700000000000002,0.029900000000000003,0.0022,0.0044,0.009399999999999999,0.0169,0.019299999999999998,0.0217,0.008199999999999999,108.00000000000003,108.00000000000004
2017-04-11,0.0124,0.0184,0.0232,0.029300000000000003,0.0014000000000000002,0.0040999999999999995,0.0091,0.017,0.0191,0.0212,0.008199999999999999,107.99999999999999,109.00000000000003
2017-04-12,0.0124,0.0181,0.022799999999999997,0.0292,0.0012,0.0038,0.0089,0.0169,0.019,0.021099999999999997,0.008100000000000001,103.99999999999997,110.99999999999999
2017-04-13,0.0121,0.0177,0.022400000000000003,0.028900000000000002,0.0003,0.0032,0.0086,0.0174,0.0192,0.021,0.008100000000000001,103.00000000000004,112.00000000000001
2017-04-17,0.0121,0.0179,0.0226,0.0292,0.001,0.0038,0.009000000000000001,0.0169,0.018799999999999997,0.0207,0.0083,104.99999999999999,113.00000000000001
2017-04-18,0.0118,0.0171,0.0218,0.028399999999999998,0.0006,0.0033,0.0085,0.0165,0.018500000000000003,0.020499999999999997,0.008199999999999999,100.0,112.99999999999997
2017-04-19,0.011899999999999999,0.0174,0.022099999999999998,0.0287,0.0008,0.0036,0.009000000000000001,0.0166,0.018500000000000003,0.0204,0.008100000000000001,101.99999999999999,113.00000000000001
2017-04-20,0.0121,0.0178,0.022400000000000003,0.028900000000000002,-0.0004,0.0039000000000000003,0.0092,0.0182,0.018500000000000003,0.018799999999999997,0.0079,103.00000000000004,111.00000000000003
2017-04-21,0.012,0.0177,0.022400000000000003,0.028900000000000002,-0.0002,0.004,0.009300000000000001,0.0179,0.0184,0.0189,0.0079,104.00000000000003,112.00000000000001
2017-04-24,0.0125,0.0181,0.022799999999999997,0.029300000000000003,0.0,0.0040999999999999995,0.009399999999999999,0.0181,0.0187,0.019299999999999998,0.008100000000000001,102.99999999999997,112.00000000000001
2017-04-25,0.0129,0.0187,0.0235,0.029900000000000003,0.0002,0.0044,0.0096,0.018500000000000003,0.0191,0.0197,0.008199999999999999,106.0,112.00000000000001
2017-04-26,0.0128,0.0184,0.0232,0.0297,0.0001,0.0042,0.009399999999999999,0.0183,0.019,0.0197,0.0083,103.99999999999997,113.00000000000001
2017-04-27,0.0125,0.0181,0.023,0.0296,0.0,0.0039000000000000003,0.0092,0.0181,0.0191,0.020099999999999996,0.008100000000000001,104.99999999999999,115.0
2017-04-28,0.0128,0.0181,0.0229,0.0296,0.0,0.0037,0.009000000000000001,0.0181,0.0192,0.0203,0.008,101.0,115.0
2017-05-01,0.0128,0.0184,0.0233,0.03,0.0004,0.0040999999999999995,0.0096,0.018000000000000002,0.0192,0.0204,0.0083,105.0,115.99999999999999
2017-05-02,0.0127,0.0181,0.0229,0.0297,0.0004,0.0040999999999999995,0.0095,0.0177,0.018799999999999997,0.0199,0.008199999999999999,102.00000000000001,115.99999999999999
2017-05-03,0.013000000000000001,0.018600000000000002,0.0233,0.0297,0.001,0.0046,0.0098,0.0176,0.0187,0.019799999999999998,0.0085,103.0,110.99999999999999
2017-05-04,0.0132,0.018799999999999997,0.0236,0.03,0.0016,0.005,0.0102,0.0172,0.018600000000000002,0.02,0.0086,104.0,112.00000000000001
2017-05-05,0.0132,0.0189,0.0236,0.029900000000000003,0.0014000000000000002,0.005,0.0101,0.0175,0.018600000000000002,0.0197,0.009000000000000001,104.0,110.00000000000003
2017-05-08,0.013300000000000001,0.0191,0.0239,0.0302,0.0016,0.0053,0.0105,0.0175,0.018600000000000002,0.0197,0.0091,106.0,111.00000000000003
2017-05-09,0.0137,0.0194,0.0242,0.0304,0.002,0.005600000000000001,0.0106,0.0174,0.018600000000000002,0.019799999999999998,0.0091,104.99999999999999,110.0
2017-05-10,0.013500000000000002,0.0194,0.0241,0.030299999999999997,0.0016,0.005600000000000001,0.0105,0.0178,0.018500000000000003,0.0192,0.009000000000000001,105.99999999999999,108.99999999999997
2017-05-11,0.013500000000000002,0.019299999999999998,0.0239,0.030299999999999997,0.0011,0.0051,0.0102,0.0182,0.018799999999999997,0.0194,0.0089,104.0,110.0
2017-05-12,0.0129,0.018500000000000003,0.0233,0.0298,0.001,0.0049,0.0101,0.0175,0.0184,0.019299999999999998,0.0088,104.00000000000001,112.99999999999997
2017-05-15,0.0131,0.018600000000000002,0.023399999999999997,0.03,0.0012,0.0052,0.0105,0.0174,0.0182,0.019,0.009000000000000001,102.99999999999997,113.99999999999997
2017-05-16,0.0129,0.018600000000000002,0.0233,0.029900000000000003,0.0012,0.0051,0.0104,0.0174,0.0182,0.019,0.009000000000000001,104.00000000000001,113.00000000000001
2017-05-17,0.0126,0.0176,0.0222,0.0291,0.0006,0.0044,0.0097,0.017,0.0178,0.018600000000000002,0.009000000000000001,96.00000000000001,115.0
2017-05-18,0.0127,0.0178,0.0223,0.028999999999999998,0.0006,0.0043,0.0096,0.0172,0.018000000000000002,0.018799999999999997,0.009300000000000001,96.00000000000001,111.99999999999999
2017-05-19,0.0128,0.0179,0.0223,0.028999999999999998,0.0004,0.0040999999999999995,0.0092,0.0175,0.0182,0.0189,0.0092,95.0,110.99999999999999
2017-05-22,0.0129,0.018000000000000002,0.0225,0.0291,0.0005,0.0043,0.0095,0.0175,0.0182,0.0189,0.009300000000000001,95.99999999999999,110.99999999999999
2017-05-23,0.0131,0.0184,0.0229,0.029500000000000002,0.0007000000000000001,0.0046,0.0096,0.0177,0.0183,0.0189,0.0092,98.0,111.00000000000003
2017-05-24,0.0129,0.0179,0.0226,0.0292,0.0006,0.0045000000000000005,0.0097,0.0173,0.0181,0.0189,0.009300000000000001,96.99999999999999,113.00000000000001
2017-05-25,0.013000000000000001,0.0178,0.0225,0.0292,0.0008,0.0045000000000000005,0.0097,0.017,0.018000000000000002,0.019,0.009399999999999999,94.99999999999999,114.0
2017-05-26,0.013000000000000001,0.0179,0.0225,0.0292,0.0006,0.0044,0.0096,0.0173,0.0181,0.0189,0.009399999999999999,94.99999999999999,113.00000000000001
2017-05-30,0.0128,0.0176,0.022099999999999998,0.0288,0.0003,0.004,0.009300000000000001,0.0173,0.0181,0.0189,0.009300000000000001,92.99999999999997,111.99999999999999
2017-05-31,0.0128,0.0175,0.022099999999999998,0.0287,0.0003,0.004,0.0092,0.0172,0.0181,0.019,0.0098,92.99999999999997,111.99999999999999
2017-06-01,0.0128,0.0176,0.022099999999999998,0.0287,0.0003,0.004,0.0092,0.0173,0.0181,0.0189,0.0098,92.99999999999997,110.99999999999999
2017-06-02,0.0128,0.0171,0.0215,0.027999999999999997,-0.0001,0.0036,0.0087,0.0172,0.0179,0.018600000000000002,0.0098,86.99999999999997,108.99999999999997
2017-06-05,0.0132,0.0174,0.0218,0.028399999999999998,0.0002,0.0039000000000000003,0.0092,0.0172,0.0179,0.018600000000000002,0.0096,86.0,110.0
2017-06-06,0.013000000000000001,0.0171,0.021400000000000002,0.0281,0.0,0.0037,0.0091,0.0171,0.0177,0.0183,0.0097,84.00000000000001,110.0
2017-06-07,0.0132,0.0174,0.0218,0.028399999999999998,0.0005,0.004,0.009300000000000001,0.0169,0.0178,0.0187,0.01,86.0,110.0
2017-06-08,0.013300000000000001,0.0175,0.0219,0.0285,0.0006,0.0040999999999999995,0.0095,0.0169,0.0178,0.0187,0.0101,85.99999999999999,110.0
2017-06-09,0.013500000000000002,0.0177,0.022099999999999998,0.0286,0.0009,0.0043,0.0096,0.0168,0.0178,0.018799999999999997,0.0101,85.99999999999997,109.0
2017-06-12,0.013500000000000002,0.0178,0.022099999999999998,0.0286,0.0011,0.0046,0.0098,0.0167,0.0175,0.0183,0.0098,85.99999999999997,108.0
2017-06-13,0.0138,0.0179,0.022099999999999998,0.0287,0.0012,0.0046,0.0096,0.0167,0.0175,0.0183,0.01,82.99999999999999,108.0
2017-06-14,0.013500000000000002,0.0174,0.0215,0.0279,0.0015,0.0044,0.009300000000000001,0.0159,0.0171,0.0183,0.0101,79.99999999999997,105.00000000000003
2017-06-15,0.013500000000000002,0.0176,0.0216,0.0278,0.002,0.0049,0.0097,0.015600000000000001,0.0167,0.0178,0.0102,81.0,101.99999999999997
2017-06-16,0.0132,0.0175,0.0216,0.0278,0.0019,0.0049,0.0097,0.015600000000000001,0.0167,0.0178,0.0103,84.00000000000001,102.99999999999997
2017-06-19,0.013600000000000001,0.018000000000000002,0.0219,0.0279,0.0024,0.0052,0.0097,0.015600000000000001,0.0167,0.0178,0.0102,82.99999999999999,98.99999999999999
2017-06-20,0.013600000000000001,0.0177,0.0216,0.0274,0.0023,0.005,0.009300000000000001,0.0154,0.0166,0.0178,0.0101,80.0,97.0
2017-06-21,0.013600000000000001,0.0178,0.0216,0.0273,0.0024,0.005,0.0091,0.0154,0.0166,0.0178,0.009899999999999999,80.0,95.00000000000001
2017-06-22,0.0134,0.0176,0.0215,0.027200000000000002,0.0019,0.0046,0.0088,0.015700000000000002,0.0169,0.0181,0.0096,80.99999999999997,96.00000000000001
2017-06-23,0.0134,0.0177,0.0215,0.0271,0.0018,0.0045000000000000005,0.0087,0.0159,0.017,0.0181,0.0097,80.99999999999997,93.99999999999999
2017-06-26,0.013600000000000001,0.0177,0.021400000000000002,0.027000000000000003,0.0016,0.0043,0.0086,0.0161,0.0171,0.0181,0.009899999999999999,78.00000000000001,93.00000000000003
2017-06-27,0.0138,0.0183,0.022099999999999998,0.0275,0.0021,0.005,0.0092,0.016200000000000003,0.0171,0.018000000000000002,0.01,82.99999999999999,92.0
2017-06-28,0.0134,0.0181,0.0222,0.0277,0.0016,0.0049,0.0092,0.0165,0.0173,0.0181,0.0102,88.0,95.99999999999997
2017-06-29,0.0138,0.018500000000000003,0.0227,0.0282,0.0023,0.0055000000000000005,0.0096,0.016200000000000003,0.0172,0.0182,0.0104,89.00000000000001,96.99999999999997
2017-06-30,0.0138,0.0189,0.0231,0.028399999999999998,0.0026,0.0058,0.009899999999999999,0.0163,0.0173,0.0183,0.0103,92.99999999999999,94.99999999999999
2017-07-03,0.0141,0.019299999999999998,0.0235,0.0286,0.0027,0.006,0.01,0.0166,0.0175,0.0184,0.0106,94.0,93.00000000000003
2017-07-05,0.0141,0.0192,0.0233,0.0285,0.0027,0.0058,0.0098,0.0165,0.0175,0.018500000000000003,0.0105,92.00000000000001,93.00000000000003
2017-07-06,0.013999999999999999,0.0194,0.023700000000000002,0.028999999999999998,0.0028000000000000004,0.0060999999999999995,0.0102,0.0166,0.0176,0.018600000000000002,0.0104,97.00000000000004,95.99999999999997
2017-07-07,0.013999999999999999,0.0195,0.0239,0.029300000000000003,0.0032,0.0066,0.0106,0.0163,0.0173,0.0183,0.0105,99.00000000000003,98.00000000000003
2017-07-10,0.013999999999999999,0.019299999999999998,0.023799999999999998,0.029300000000000003,0.0033,0.0066,0.010700000000000001,0.016,0.0172,0.0184,0.0104,98.0,100.00000000000006
2017-07-11,0.0137,0.0192,0.023700000000000002,0.0292,0.0031,0.0062,0.0105,0.0161,0.0175,0.0189,0.0105,100.00000000000001,100.00000000000001
2017-07-12,0.013500000000000002,0.018799999999999997,0.0233,0.028900000000000002,0.0025,0.005699999999999999,0.0101,0.0163,0.0176,0.0189,0.0105,98.0,101.00000000000004
2017-07-13,0.0137,0.0189,0.0235,0.0292,0.0025,0.0058,0.0103,0.016399999999999998,0.0177,0.019,0.0105,98.0,103.0
2017-07-14,0.013500000000000002,0.0187,0.0233,0.0291,0.0025,0.005699999999999999,0.0103,0.016200000000000003,0.0176,0.019,0.0104,98.0,104.0
2017-07-17,0.013600000000000001,0.018600000000000002,0.0231,0.028900000000000002,0.0022,0.0054,0.01,0.016399999999999998,0.0177,0.019,0.010700000000000001,94.99999999999999,103.0
2017-07-18,0.013600000000000001,0.0182,0.0227,0.0285,0.002,0.0051,0.0097,0.016200000000000003,0.0176,0.019,0.010700000000000001,91.0,103.0
2017-07-19,0.0137,0.0183,0.0227,0.0285,0.0018,0.0051,0.0096,0.0165,0.0176,0.0187,0.0111,90.00000000000001,102.00000000000001
2017-07-20,0.0137,0.0182,0.0227,0.028300000000000002,0.002,0.005,0.0098,0.016200000000000003,0.0177,0.0192,0.0115,90.00000000000001,101.00000000000001
2017-07-21,0.013600000000000001,0.0181,0.022400000000000003,0.0281,0.0019,0.0048,0.0096,0.016200000000000003,0.0176,0.019,0.0116,88.00000000000003,99.99999999999999
2017-07-24,0.0137,0.0183,0.0226,0.028300000000000002,0.0021,0.0048,0.0097,0.016200000000000003,0.0178,0.0194,0.011699999999999999,88.99999999999999,100.00000000000001
2017-07-25,0.013999999999999999,0.019,0.0233,0.0291,0.0023,0.0052,0.0103,0.0167,0.0181,0.0195,0.0118,93.00000000000003,101.00000000000001
2017-07-26,0.013600000000000001,0.0183,0.0229,0.028900000000000002,0.0017000000000000001,0.0049,0.01,0.0166,0.018000000000000002,0.0194,0.0113,92.99999999999999,106.00000000000001
2017-07-27,0.013600000000000001,0.0184,0.0232,0.029300000000000003,0.0016,0.0049,0.0102,0.0168,0.0183,0.019799999999999998,0.0111,95.99999999999997,109.00000000000003
2017-07-28,0.0134,0.0183,0.023,0.028900000000000002,0.0015,0.004699999999999999,0.009899999999999999,0.0168,0.0183,0.019799999999999998,0.0108,95.99999999999999,106.00000000000001
2017-07-31,0.0134,0.0184,0.023,0.028900000000000002,0.0017000000000000001,0.0048,0.01,0.0167,0.0182,0.0197,0.010700000000000001,95.99999999999999,105.00000000000003
2017-08-01,0.0134,0.018000000000000002,0.0226,0.0286,0.0018,0.004699999999999999,0.0098,0.016200000000000003,0.0179,0.0196,0.0108,91.99999999999999,105.99999999999999
2017-08-02,0.013600000000000001,0.0182,0.0227,0.0285,0.0019,0.0048,0.0098,0.0163,0.0179,0.0195,0.0108,91.0,103.0
2017-08-03,0.0134,0.0179,0.022400000000000003,0.0281,0.0017000000000000001,0.0046,0.0096,0.016200000000000003,0.0178,0.0194,0.0108,90.00000000000003,102.00000000000001
2017-08-04,0.013600000000000001,0.0182,0.0227,0.028399999999999998,0.0017000000000000001,0.004699999999999999,0.0097,0.0165,0.018000000000000002,0.0195,0.0108,91.0,101.99999999999997
2017-08-07,0.013600000000000001,0.0181,0.0226,0.028399999999999998,0.0016,0.0046,0.0096,0.0165,0.018000000000000002,0.0195,0.0102,89.99999999999997,102.99999999999997
2017-08-08,0.013600000000000001,0.0184,0.0229,0.0286,0.0015,0.0046,0.0096,0.0169,0.0183,0.0197,0.0106,92.99999999999999,102.00000000000001
2017-08-09,0.013300000000000001,0.0181,0.022400000000000003,0.0282,0.0011,0.0042,0.0092,0.017,0.0182,0.0194,0.0106,91.00000000000003,100.99999999999997
2017-08-10,0.013300000000000001,0.0178,0.022000000000000002,0.0279,0.001,0.004,0.0089,0.0168,0.018000000000000002,0.0192,0.0105,87.00000000000001,101.00000000000001
2017-08-11,0.013000000000000001,0.0174,0.0219,0.0279,0.001,0.004,0.0091,0.016399999999999998,0.0179,0.0194,0.0103,88.99999999999999,105.00000000000003
2017-08-14,0.013300000000000001,0.0177,0.0222,0.0281,0.0018,0.0045000000000000005,0.009399999999999999,0.0159,0.0177,0.0195,0.0102,89.0,104.0
2017-08-15,0.013500000000000002,0.0183,0.0227,0.028399999999999998,0.002,0.0049,0.0097,0.0163,0.0178,0.019299999999999998,0.0104,92.0,100.99999999999997
2017-08-16,0.013300000000000001,0.0179,0.0223,0.0281,0.0017000000000000001,0.0045000000000000005,0.009399999999999999,0.016200000000000003,0.0178,0.0194,0.0102,90.0,102.00000000000001
2017-08-17,0.0132,0.0176,0.0219,0.0278,0.0015,0.0042,0.0092,0.0161,0.0177,0.019299999999999998,0.01,87.0,101.99999999999997
2017-08-18,0.013300000000000001,0.0177,0.0219,0.0278,0.0016,0.0043,0.009300000000000001,0.0161,0.0176,0.0191,0.0102,85.99999999999999,100.99999999999997
2017-08-21,0.0132,0.0176,0.0218,0.0277,0.0017000000000000001,0.0043,0.0092,0.0159,0.0175,0.0191,0.01,86.0,100.99999999999997
2017-08-22,0.013300000000000001,0.018000000000000002,0.0222,0.0279,0.0019,0.0045000000000000005,0.009300000000000001,0.0161,0.0177,0.019299999999999998,0.01,89.0,98.99999999999999
2017-08-23,0.0132,0.0176,0.0217,0.0275,0.0018,0.0042,0.0091,0.0158,0.0175,0.0192,0.01,85.0,98.99999999999999
2017-08-24,0.013300000000000001,0.0178,0.0219,0.0277,0.0018,0.0044,0.0092,0.016,0.0175,0.019,0.0102,85.99999999999999,98.99999999999999
2017-08-25,0.013500000000000002,0.0177,0.0217,0.0275,0.002,0.0042,0.0091,0.015700000000000002,0.0175,0.019299999999999998,0.0103,81.99999999999999,98.0
2017-08-28,0.013300000000000001,0.0174,0.0216,0.0276,0.0018,0.0040999999999999995,0.0092,0.015600000000000001,0.0175,0.0194,0.0098,83.0,102.00000000000001
2017-08-29,0.013300000000000001,0.017,0.0213,0.0274,0.0016,0.0039000000000000003,0.009000000000000001,0.0154,0.0174,0.0194,0.0103,79.99999999999999,104.0
2017-08-30,0.013300000000000001,0.0172,0.0215,0.0275,0.0015,0.0039000000000000003,0.0091,0.015700000000000002,0.0176,0.0195,0.0103,81.99999999999997,103.0
2017-08-31,0.013300000000000001,0.017,0.0212,0.0273,0.0012,0.0036,0.0087,0.0158,0.0176,0.0194,0.0101,78.99999999999999,103.0
2017-09-01,0.013500000000000002,0.0173,0.0216,0.0277,0.001,0.0037,0.009000000000000001,0.0163,0.0179,0.0195,0.0102,81.0,104.0
2017-09-05,0.013000000000000001,0.0165,0.0207,0.0269,0.0007000000000000001,0.003,0.0083,0.0158,0.0177,0.0196,0.0103,76.99999999999999,104.0
2017-09-06,0.013000000000000001,0.0169,0.021,0.027200000000000002,0.0009,0.0032,0.0085,0.016,0.0178,0.0196,0.010700000000000001,80.0,103.00000000000004
2017-09-07,0.0127,0.0163,0.020499999999999997,0.026600000000000002,0.0002,0.0026,0.008,0.0161,0.0179,0.0197,0.0105,77.99999999999999,103.00000000000004
2017-09-08,0.0127,0.016399999999999998,0.0206,0.026699999999999998,0.0001,0.0025,0.0079,0.0163,0.0181,0.0199,0.0104,79.00000000000001,103.0
2017-09-11,0.0132,0.0171,0.021400000000000002,0.0275,0.0008,0.0031,0.0084,0.0163,0.0183,0.0203,0.0105,82.00000000000003,104.0
2017-09-12,0.013300000000000001,0.0175,0.0217,0.0278,0.0008,0.0033,0.0085,0.0167,0.0184,0.020099999999999996,0.0103,84.0,102.99999999999997
2017-09-13,0.013500000000000002,0.0178,0.022000000000000002,0.0279,0.001,0.0034999999999999996,0.0087,0.0168,0.018500000000000003,0.0202,0.0104,85.0,101.00000000000001
2017-09-14,0.0137,0.0179,0.022000000000000002,0.0277,0.0009,0.0034999999999999996,0.0085,0.017,0.018500000000000003,0.02,0.0105,83.00000000000001,98.0
2017-09-15,0.0139,0.0181,0.022000000000000002,0.0277,0.0009,0.0034999999999999996,0.0084,0.0172,0.018500000000000003,0.019799999999999998,0.0105,81.00000000000003,95.99999999999997
2017-09-18,0.013999999999999999,0.0183,0.0223,0.027999999999999997,0.0009,0.0036,0.0086,0.0174,0.0187,0.02,0.0105,83.00000000000001,96.99999999999997
2017-09-19,0.013999999999999999,0.0184,0.022400000000000003,0.0281,0.001,0.0037,0.0087,0.0174,0.0187,0.02,0.0104,84.00000000000004,97.0
2017-09-20,0.014499999999999999,0.0189,0.022799999999999997,0.0282,0.0018,0.0043,0.009000000000000001,0.0171,0.018500000000000003,0.0199,0.0104,82.99999999999999,92.99999999999999
2017-09-21,0.014499999999999999,0.0189,0.0227,0.027999999999999997,0.0019,0.0044,0.009000000000000001,0.017,0.0183,0.0196,0.0104,82.00000000000003,90.99999999999997
2017-09-22,0.0146,0.018799999999999997,0.0226,0.027999999999999997,0.0017000000000000001,0.0042,0.0088,0.0171,0.0184,0.0197,0.0103,79.99999999999999,92.0
2017-09-25,0.0144,0.018500000000000003,0.0222,0.0276,0.0013,0.0038,0.0085,0.0172,0.0184,0.0196,0.0105,78.00000000000001,90.99999999999997
2017-09-26,0.014499999999999999,0.0187,0.022400000000000003,0.0278,0.0015,0.004,0.0087,0.0172,0.0184,0.0196,0.0106,79.00000000000004,90.99999999999997
2017-09-27,0.0147,0.0191,0.0231,0.0286,0.0017000000000000001,0.0044,0.0092,0.0174,0.0187,0.02,0.010700000000000001,84.0,95.00000000000001
2017-09-28,0.014499999999999999,0.0189,0.0231,0.0287,0.0016,0.0044,0.0092,0.0173,0.0187,0.020099999999999996,0.0106,86.0,98.0
2017-09-29,0.0147,0.0192,0.0233,0.0286,0.0024,0.0049,0.009399999999999999,0.0168,0.0184,0.02,0.0106,86.00000000000001,94.00000000000001
2017-10-02,0.0149,0.0194,0.023399999999999997,0.0287,0.0021,0.0051,0.0095,0.0173,0.0183,0.019299999999999998,0.0101,84.99999999999997,92.99999999999999
2017-10-03,0.0147,0.0192,0.0233,0.0287,0.0024,0.0049,0.009399999999999999,0.0168,0.0184,0.02,0.010700000000000001,86.00000000000001,95.00000000000001
2017-10-04,0.0147,0.0192,0.0233,0.0287,0.0019,0.0048,0.009399999999999999,0.0173,0.018500000000000003,0.0197,0.0108,86.00000000000001,95.00000000000001
2017-10-05,0.0149,0.0194,0.0235,0.028900000000000002,0.002,0.0049,0.0095,0.0174,0.018600000000000002,0.019799999999999998,0.010700000000000001,86.0,95.00000000000001
2017-10-06,0.0154,0.0197,0.023700000000000002,0.0291,0.0019,0.005,0.0097,0.0178,0.0187,0.0196,0.010700000000000001,83.00000000000001,94.00000000000001
2017-10-10,0.0151,0.0195,0.0235,0.0288,0.002,0.004699999999999999,0.009399999999999999,0.0175,0.018799999999999997,0.020099999999999996,0.0108,84.0,92.99999999999999
2017-10-11,0.0151,0.0195,0.0235,0.0288,0.002,0.0046,0.009300000000000001,0.0175,0.0189,0.0203,0.011000000000000001,84.0,92.99999999999999
2017-10-12,0.0151,0.0195,0.0233,0.0286,0.0016,0.0044,0.009000000000000001,0.0179,0.0189,0.0199,0.0109,82.0,91.0
2017-10-13,0.0151,0.0191,0.022799999999999997,0.0281,0.002,0.0043,0.0089,0.0171,0.018500000000000003,0.0199,0.0109,76.99999999999997,90.00000000000001
2017-10-16,0.0154,0.0195,0.023,0.0282,0.0029,0.0046,0.0089,0.0166,0.0184,0.0202,0.011000000000000001,75.99999999999999,87.0
2017-10-17,0.0154,0.0197,0.023,0.027999999999999997,0.0028000000000000004,0.0048,0.0089,0.0169,0.0182,0.0195,0.0109,75.99999999999999,82.99999999999999
2017-10-18,0.0159,0.0199,0.023399999999999997,0.0285,0.003,0.005,0.009300000000000001,0.0169,0.0184,0.0199,0.0109,74.99999999999996,86.0
2017-10-19,0.0158,0.019799999999999998,0.0233,0.028300000000000002,0.0032,0.0049,0.0091,0.0166,0.0184,0.0202,0.011000000000000001,75.0,85.00000000000004
2017-10-20,0.016,0.0203,0.0239,0.028900000000000002,0.0027,0.0052,0.0095,0.0176,0.0187,0.019799999999999998,0.0111,79.00000000000001,86.00000000000003
2017-10-23,0.0158,0.020099999999999996,0.023799999999999998,0.028900000000000002,0.0032,0.0052,0.0095,0.0169,0.018600000000000002,0.0203,0.0109,79.99999999999997,88.00000000000006
2017-10-24,0.016,0.020499999999999997,0.0242,0.0292,0.0032,0.0055000000000000005,0.0097,0.0173,0.0187,0.020099999999999996,0.011200000000000002,81.99999999999999,87.00000000000003
2017-10-25,0.0161,0.0206,0.024399999999999998,0.029500000000000002,0.0032,0.005600000000000001,0.009899999999999999,0.0174,0.018799999999999997,0.0202,0.011200000000000002,82.99999999999999,89.00000000000001
2017-10-26,0.0163,0.0207,0.0246,0.0296,0.0031,0.005699999999999999,0.01,0.0176,0.0189,0.0202,0.0111,83.00000000000001,89.00000000000001
2017-10-27,0.0159,0.0203,0.0242,0.029300000000000003,0.0027,0.0054,0.0097,0.0176,0.018799999999999997,0.02,0.011000000000000001,82.99999999999999,90.00000000000004
2017-10-30,0.0158,0.02,0.023700000000000002,0.0288,0.0023,0.005,0.009300000000000001,0.0177,0.0187,0.0197,0.011200000000000002,79.00000000000001,87.99999999999999
2017-10-31,0.016,0.020099999999999996,0.023799999999999998,0.0288,0.0022,0.005,0.0092,0.0179,0.018799999999999997,0.0197,0.0115,77.99999999999999,87.00000000000003
2017-11-01,0.0161,0.020099999999999996,0.023700000000000002,0.0285,0.003,0.0049,0.0091,0.0171,0.018799999999999997,0.020499999999999997,0.0118,76.00000000000003,84.00000000000004
2017-11-02,0.0161,0.02,0.0235,0.028300000000000002,0.0021,0.0048,0.0089,0.0179,0.0187,0.0195,0.011699999999999999,74.0,83.00000000000001
2017-11-03,0.0163,0.0199,0.023399999999999997,0.0282,0.0025,0.0048,0.0088,0.0174,0.018600000000000002,0.019799999999999998,0.0118,70.99999999999999,82.99999999999999
2017-11-06,0.0161,0.0199,0.0232,0.027999999999999997,0.0022,0.0046,0.0087,0.0177,0.018600000000000002,0.0195,0.011899999999999999,70.99999999999999,80.99999999999996
2017-11-07,0.0163,0.0199,0.0232,0.0277,0.0019,0.0044,0.0084,0.018000000000000002,0.018799999999999997,0.0196,0.012199999999999999,69.0,77.99999999999999
2017-11-08,0.0165,0.020099999999999996,0.0232,0.0279,0.0024,0.0045000000000000005,0.0084,0.0177,0.0187,0.0197,0.0123,66.99999999999997,78.00000000000004
2017-11-09,0.0163,0.020099999999999996,0.0233,0.0281,0.0021,0.0046,0.0086,0.018000000000000002,0.0187,0.0194,0.0124,70.00000000000003,80.00000000000004
2017-11-10,0.0167,0.0206,0.024,0.0288,0.0028000000000000004,0.0052,0.0092,0.0178,0.018799999999999997,0.019799999999999998,0.0123,73.00000000000001,81.99999999999999
2017-11-13,0.017,0.0208,0.024,0.0287,0.0029,0.0052,0.0091,0.0179,0.018799999999999997,0.0197,0.0124,69.99999999999999,79.00000000000001
2017-11-14,0.0168,0.0206,0.023799999999999998,0.028399999999999998,0.0027,0.0051,0.0089,0.0179,0.0187,0.0195,0.0126,69.99999999999999,77.99999999999999
2017-11-15,0.0168,0.0204,0.0233,0.0277,0.0026,0.0048,0.0085,0.0178,0.018500000000000003,0.0192,0.0125,65.00000000000003,72.99999999999997
2017-11-16,0.0172,0.0207,0.023700000000000002,0.0281,0.0028000000000000004,0.0053,0.0087,0.0179,0.0184,0.0189,0.0127,65.00000000000003,74.0
2017-11-17,0.0173,0.0206,0.0235,0.0278,0.0031,0.0049,0.0085,0.0175,0.018600000000000002,0.0197,0.0129,62.00000000000001,71.99999999999999
2017-11-20,0.0177,0.0209,0.023700000000000002,0.0278,0.0034999999999999996,0.0052,0.0085,0.0174,0.018500000000000003,0.0196,0.013000000000000001,60.00000000000002,69.0
2017-11-21,0.0177,0.021099999999999997,0.0236,0.0276,0.0036,0.0052,0.0084,0.0175,0.0184,0.019299999999999998,0.013000000000000001,58.99999999999999,65.00000000000003
2017-11-22,0.0174,0.020499999999999997,0.0232,0.0275,0.003,0.0048,0.008199999999999999,0.0175,0.0184,0.019299999999999998,0.0129,57.99999999999999,70.00000000000003
2017-11-24,0.0175,0.0207,0.023399999999999997,0.0276,0.0036,0.005,0.0085,0.0171,0.0184,0.0197,0.0129,58.99999999999996,69.0
2017-11-27,0.0174,0.0206,0.0232,0.0276,0.0037,0.0049,0.0084,0.0169,0.0183,0.0197,0.0127,57.99999999999999,69.99999999999999
2017-11-28,0.0175,0.0207,0.023399999999999997,0.0277,0.0038,0.005,0.0085,0.0169,0.0184,0.0199,0.013000000000000001,58.99999999999996,69.99999999999999
2017-11-29,0.0178,0.0209,0.023700000000000002,0.0281,0.004,0.0053,0.0088,0.0169,0.0184,0.0199,0.0129,59.00000000000002,72.00000000000001
2017-11-30,0.0178,0.021400000000000002,0.0242,0.028300000000000002,0.0040999999999999995,0.005600000000000001,0.0088,0.0173,0.018600000000000002,0.0199,0.0127,63.99999999999999,69.0
2017-12-01,0.0178,0.0213,0.023700000000000002,0.0276,0.0040999999999999995,0.0051,0.008100000000000001,0.0172,0.018600000000000002,0.02,0.0127,59.00000000000002,63.0
2017-12-04,0.018000000000000002,0.0215,0.023700000000000002,0.0277,0.0039000000000000003,0.005,0.008,0.0176,0.0187,0.019799999999999998,0.0129,57.0,62.00000000000001
2017-12-05,0.0183,0.0215,0.0236,0.0273,0.0046,0.005,0.0078000000000000005,0.0169,0.018600000000000002,0.0203,0.013000000000000001,52.99999999999999,58.00000000000003
2017-12-06,0.0178,0.021099999999999997,0.0233,0.0271,0.0037,0.004699999999999999,0.0077,0.0174,0.018600000000000002,0.019799999999999998,0.013000000000000001,55.000000000000014,60.00000000000002
2017-12-07,0.018000000000000002,0.021400000000000002,0.023700000000000002,0.0276,0.004,0.005,0.008100000000000001,0.0174,0.0187,0.02,0.0129,57.0,61.99999999999997
2017-12-08,0.018000000000000002,0.021400000000000002,0.023799999999999998,0.0277,0.0043,0.005,0.008100000000000001,0.0171,0.018799999999999997,0.020499999999999997,0.0128,57.999999999999964,62.999999999999964
2017-12-11,0.0182,0.0216,0.0239,0.0277,0.004,0.0051,0.008199999999999999,0.0176,0.018799999999999997,0.02,0.013300000000000001,57.0,60.99999999999998
2017-12-12,0.0183,0.0218,0.024,0.0279,0.004,0.0051,0.008100000000000001,0.0178,0.0189,0.02,0.0134,57.0,61.000000000000014
2017-12-13,0.0179,0.0212,0.0236,0.0274,0.0038,0.0048,0.0079,0.0174,0.018799999999999997,0.0202,0.013000000000000001,57.0,62.00000000000001
2017-12-14,0.0182,0.021400000000000002,0.0235,0.0271,0.0038,0.0048,0.0077,0.0176,0.0187,0.019799999999999998,0.0132,52.99999999999999,56.999999999999964
2017-12-15,0.0184,0.0216,0.0235,0.0268,0.0039000000000000003,0.004699999999999999,0.0075,0.0177,0.018799999999999997,0.0199,0.0131,51.00000000000001,52.0
2017-12-18,0.0184,0.0217,0.0239,0.0274,0.0046,0.005,0.0079,0.0171,0.0189,0.0207,0.0138,55.000000000000014,57.0
2017-12-19,0.0187,0.0223,0.0246,0.0282,0.0049,0.0055000000000000005,0.0084,0.0174,0.0191,0.0208,0.0137,58.99999999999999,58.99999999999999
2017-12-20,0.0187,0.022400000000000003,0.024900000000000002,0.0288,0.005,0.005699999999999999,0.0089,0.0174,0.0192,0.021,0.0138,62.00000000000001,63.99999999999996
2017-12-21,0.0189,0.0226,0.0248,0.028399999999999998,0.0042,0.0055000000000000005,0.0085,0.0184,0.019299999999999998,0.0202,0.013500000000000002,58.99999999999999,57.99999999999999
2017-12-22,0.0191,0.0226,0.0248,0.028300000000000002,0.0044,0.0054,0.0084,0.0182,0.0194,0.0206,0.013300000000000001,57.0,57.000000000000036
2017-12-26,0.0192,0.0225,0.024700000000000003,0.0282,0.0049,0.0053,0.0083,0.0176,0.0194,0.0212,0.0147,55.00000000000005,57.0
2017-12-27,0.0189,0.0222,0.0242,0.0275,0.004,0.0048,0.0076,0.0182,0.0194,0.0206,0.0144,52.99999999999999,52.99999999999999
2017-12-28,0.0191,0.0223,0.024300000000000002,0.0275,0.0037,0.004699999999999999,0.0075,0.018600000000000002,0.0196,0.0206,0.0139,52.000000000000036,52.0
2017-12-29,0.0189,0.022000000000000002,0.024,0.0274,0.0034000000000000002,0.0044,0.0073,0.018600000000000002,0.0196,0.0206,0.0139,51.00000000000001,53.999999999999986
2018-01-02,0.0192,0.0225,0.0246,0.0281,0.0034999999999999996,0.0046,0.0077,0.019,0.02,0.021,0.0144,54.00000000000002,56.00000000000001
2018-01-03,0.0194,0.0225,0.024399999999999998,0.0278,0.0038,0.0046,0.0076,0.0187,0.019799999999999998,0.0209,0.0141,49.99999999999997,52.99999999999999
2018-01-04,0.0196,0.0227,0.0246,0.0279,0.0034999999999999996,0.0045000000000000005,0.0075,0.0192,0.020099999999999996,0.021,0.0141,50.00000000000001,52.0
2018-01-05,0.0196,0.0229,0.024700000000000003,0.0281,0.0034000000000000002,0.0046,0.0076,0.0195,0.020099999999999996,0.0207,0.0139,51.000000000000036,52.0
2018-01-08,0.0196,0.0229,0.024900000000000002,0.0281,0.0038,0.004699999999999999,0.0077,0.0191,0.0202,0.0213,0.014499999999999999,53.00000000000003,52.0
2018-01-09,0.019799999999999998,0.0233,0.0255,0.0288,0.0038,0.0052,0.008199999999999999,0.0195,0.0203,0.021099999999999997,0.0144,57.0,54.99999999999998
2018-01-10,0.019799999999999998,0.0232,0.0255,0.0288,0.0038,0.0052,0.008199999999999999,0.0194,0.0203,0.0212,0.014199999999999999,57.0,56.00000000000001
2018-01-11,0.019799999999999998,0.0232,0.0254,0.0291,0.0043,0.0054,0.0083,0.0189,0.02,0.021099999999999997,0.0143,56.00000000000001,59.00000000000002
2018-01-12,0.0199,0.0235,0.0255,0.0285,0.0043,0.0054,0.008100000000000001,0.0192,0.020099999999999996,0.021,0.0143,55.99999999999997,50.00000000000001
2018-01-16,0.0203,0.0236,0.0254,0.028300000000000002,0.0042,0.0051,0.0078000000000000005,0.0194,0.0203,0.0212,0.014499999999999999,51.00000000000001,47.00000000000003
2018-01-17,0.020499999999999997,0.0239,0.025699999999999997,0.028399999999999998,0.0049,0.0053,0.0079,0.019,0.0204,0.0218,0.0144,52.0,44.99999999999997
2018-01-18,0.020499999999999997,0.024300000000000002,0.0262,0.028999999999999998,0.0044,0.005699999999999999,0.008100000000000001,0.0199,0.020499999999999997,0.021099999999999997,0.014499999999999999,57.000000000000036,46.99999999999996
2018-01-19,0.0206,0.0245,0.0264,0.0291,0.0045000000000000005,0.0058,0.008100000000000001,0.02,0.0206,0.0212,0.0144,57.99999999999999,46.0
2018-01-22,0.0208,0.0246,0.026600000000000002,0.029300000000000003,0.0046,0.006,0.0083,0.02,0.0206,0.0212,0.0144,58.00000000000003,47.00000000000003
2018-01-23,0.0206,0.024300000000000002,0.0263,0.028999999999999998,0.0051,0.005699999999999999,0.008100000000000001,0.0192,0.0206,0.022000000000000002,0.0144,57.0,46.99999999999996
2018-01-24,0.0208,0.024300000000000002,0.0265,0.029300000000000003,0.004699999999999999,0.0058,0.008199999999999999,0.0196,0.0207,0.0218,0.0143,57.0,50.00000000000001
2018-01-25,0.0208,0.0241,0.0263,0.028900000000000002,0.005,0.005600000000000001,0.0079,0.0191,0.0207,0.0223,0.014199999999999999,55.000000000000014,48.00000000000002
2018-01-26,0.0213,0.024700000000000003,0.026600000000000002,0.0291,0.0054,0.005699999999999999,0.008,0.019299999999999998,0.0209,0.0225,0.0141,53.00000000000003,43.99999999999998
2018-01-29,0.021099999999999997,0.024900000000000002,0.027000000000000003,0.0294,0.005699999999999999,0.0060999999999999995,0.008100000000000001,0.0192,0.0209,0.0226,0.0144,59.00000000000006,44.99999999999997
2018-01-30,0.0213,0.025099999999999997,0.0273,0.0298,0.0054,0.0063,0.0084,0.0197,0.021,0.0223,0.0144,60.00000000000002,47.00000000000003
2018-01-31,0.021400000000000002,0.0252,0.027200000000000002,0.029500000000000002,0.0054,0.0060999999999999995,0.008,0.019799999999999998,0.021099999999999997,0.022400000000000003,0.0146,57.99999999999999,43.000000000000014
2018-02-01,0.0216,0.0256,0.0278,0.0301,0.0063,0.0067,0.0086,0.019299999999999998,0.021099999999999997,0.0229,0.0148,61.99999999999997,44.99999999999997
2018-02-02,0.0215,0.0258,0.028399999999999998,0.0308,0.006500000000000001,0.006999999999999999,0.009000000000000001,0.019299999999999998,0.021400000000000002,0.0235,0.0148,69.0,50.00000000000001
2018-02-05,0.0208,0.025,0.0277,0.0304,0.0055000000000000005,0.0067,0.0089,0.0195,0.021,0.0225,0.0151,69.0,53.999999999999986
2018-02-06,0.021,0.0252,0.0279,0.030600000000000002,0.0064,0.0069,0.0091,0.018799999999999997,0.021,0.0232,0.0152,69.0,54.00000000000002
2018-02-07,0.0215,0.025699999999999997,0.028399999999999998,0.031200000000000002,0.0067,0.0074,0.0096,0.019,0.021,0.023,0.0155,69.0,55.00000000000005
2018-02-08,0.0213,0.025699999999999997,0.0285,0.031400000000000004,0.0068000000000000005,0.0076,0.009899999999999999,0.0189,0.0209,0.0229,0.0155,72.00000000000001,57.00000000000007
2018-02-09,0.020499999999999997,0.0252,0.028300000000000002,0.031400000000000004,0.0069,0.0078000000000000005,0.0101,0.0183,0.020499999999999997,0.0227,0.0155,78.00000000000004,62.00000000000004
2018-02-12,0.0209,0.0256,0.0286,0.031400000000000004,0.0072,0.0079,0.0101,0.0184,0.0207,0.023,0.016200000000000003,77.00000000000001,58.00000000000003
2018-02-13,0.021,0.0254,0.028300000000000002,0.0311,0.0066,0.0078000000000000005,0.009899999999999999,0.018799999999999997,0.020499999999999997,0.0222,0.0159,73.00000000000001,57.0
2018-02-14,0.0217,0.0265,0.0291,0.0318,0.0074,0.008199999999999999,0.0102,0.0191,0.0209,0.0227,0.0158,74.0,53.00000000000003
2018-02-15,0.0219,0.0265,0.028999999999999998,0.0315,0.006500000000000001,0.0079,0.0102,0.02,0.021099999999999997,0.0222,0.0158,70.99999999999999,50.00000000000001
2018-02-16,0.022099999999999998,0.0263,0.0287,0.0313,0.0063,0.0078000000000000005,0.0101,0.02,0.0209,0.0218,0.016200000000000003,66.00000000000001,50.00000000000001
2018-02-20,0.0225,0.0265,0.0288,0.0315,0.0060999999999999995,0.0078000000000000005,0.0101,0.0204,0.021,0.0216,0.0166,63.0,50.00000000000001
2018-02-21,0.0226,0.0269,0.0294,0.0322,0.0063,0.008199999999999999,0.0106,0.0206,0.0212,0.0218,0.016399999999999998,68.0,52.99999999999999
2018-02-22,0.0225,0.026600000000000002,0.0292,0.0321,0.006,0.008100000000000001,0.0106,0.0206,0.021099999999999997,0.0216,0.0163,67.00000000000001,54.99999999999994
2018-02-23,0.0225,0.0262,0.0288,0.0316,0.0058,0.0076,0.0103,0.0204,0.0212,0.022000000000000002,0.016399999999999998,63.0,54.00000000000002
2018-02-26,0.0222,0.026000000000000002,0.0286,0.0315,0.0053,0.0073,0.0101,0.0207,0.0213,0.0219,0.0166,63.99999999999999,54.99999999999998
2018-02-27,0.0227,0.026699999999999998,0.028999999999999998,0.0317,0.0058,0.0077,0.0102,0.0209,0.0213,0.0217,0.0166,62.999999999999964,50.00000000000001
2018-02-28,0.0225,0.0265,0.0287,0.0313,0.0060999999999999995,0.0075,0.009899999999999999,0.0204,0.0212,0.022000000000000002,0.0165,62.00000000000001,48.00000000000002
2018-03-01,0.0222,0.0258,0.0281,0.030899999999999997,0.0055000000000000005,0.0070999999999999995,0.0096,0.0203,0.021,0.0217,0.0163,58.99999999999999,50.99999999999997
2018-03-02,0.0225,0.0263,0.0286,0.031400000000000004,0.006,0.0074,0.0098,0.0203,0.0212,0.022099999999999998,0.0165,61.000000000000014,51.000000000000036
2018-03-05,0.022400000000000003,0.0265,0.0288,0.0316,0.006,0.0075,0.0101,0.020499999999999997,0.0213,0.022099999999999998,0.017,63.99999999999996,51.000000000000036
2018-03-06,0.0225,0.0265,0.0288,0.031400000000000004,0.0055000000000000005,0.0076,0.0101,0.021,0.0212,0.021400000000000002,0.0168,63.0,49.00000000000005
2018-03-07,0.0225,0.0265,0.028900000000000002,0.0315,0.0055000000000000005,0.0076,0.0103,0.021,0.0213,0.0216,0.0168,64.00000000000003,50.00000000000001
2018-03-08,0.0225,0.0263,0.0286,0.0313,0.0055000000000000005,0.0075,0.01,0.0208,0.021099999999999997,0.021400000000000002,0.0167,61.000000000000014,50.00000000000001
2018-03-09,0.0227,0.0265,0.028999999999999998,0.0316,0.0069,0.0078000000000000005,0.0103,0.0196,0.0212,0.022799999999999997,0.0167,62.999999999999964,51.000000000000036
2018-03-12,0.0227,0.0264,0.0287,0.0313,0.0062,0.0077,0.0101,0.0202,0.021,0.0218,0.0171,59.999999999999986,49.000000000000014
2018-03-13,0.0226,0.0262,0.028399999999999998,0.031,0.005699999999999999,0.0075,0.01,0.020499999999999997,0.0209,0.0213,0.0173,57.99999999999999,47.999999999999986
2018-03-14,0.0226,0.026099999999999998,0.0281,0.0305,0.005699999999999999,0.0074,0.0097,0.0204,0.0207,0.021,0.0176,55.000000000000014,44.000000000000014
2018-03-15,0.0229,0.0262,0.0282,0.0305,0.0055000000000000005,0.0074,0.0097,0.0207,0.0208,0.0209,0.0177,52.99999999999999,42.999999999999986
2018-03-16,0.0231,0.0265,0.0285,0.0308,0.006,0.0077,0.01,0.020499999999999997,0.0208,0.021099999999999997,0.0178,54.00000000000002,43.000000000000014
2018-03-19,0.0231,0.0265,0.0285,0.030899999999999997,0.0060999999999999995,0.0077,0.01,0.0204,0.0208,0.0212,0.018000000000000002,54.00000000000002,43.99999999999998
2018-03-20,0.023399999999999997,0.0269,0.028900000000000002,0.031200000000000002,0.0064,0.008100000000000001,0.0103,0.020499999999999997,0.0208,0.021099999999999997,0.0181,55.00000000000005,43.000000000000014
2018-03-21,0.0231,0.0269,0.028900000000000002,0.031200000000000002,0.0073,0.008,0.0103,0.0196,0.0209,0.0222,0.0174,58.00000000000003,43.000000000000014
2018-03-22,0.0229,0.0263,0.028300000000000002,0.030600000000000002,0.006,0.0075,0.0097,0.0203,0.0208,0.0213,0.0172,54.00000000000002,43.000000000000014
2018-03-23,0.022799999999999997,0.026099999999999998,0.0282,0.030600000000000002,0.006,0.0075,0.0098,0.020099999999999996,0.0207,0.0213,0.0174,54.00000000000002,45.00000000000004
2018-03-26,0.0233,0.0264,0.0285,0.0308,0.0063,0.0077,0.009899999999999999,0.020099999999999996,0.0208,0.0215,0.0179,52.0,44.000000000000014
2018-03-27,0.0226,0.0258,0.0278,0.030299999999999997,0.0064,0.0070999999999999995,0.0095,0.0194,0.0207,0.022000000000000002,0.0177,52.0,44.99999999999997
2018-03-28,0.022799999999999997,0.0259,0.0277,0.0301,0.0068000000000000005,0.0072,0.009399999999999999,0.0191,0.020499999999999997,0.0219,0.0173,49.000000000000014,41.999999999999986
2018-03-29,0.0227,0.0256,0.0274,0.0297,0.0064,0.0069,0.009000000000000001,0.0192,0.020499999999999997,0.0218,0.0173,46.99999999999999,40.99999999999999
2018-04-02,0.0225,0.0255,0.0273,0.0297,0.005600000000000001,0.0068000000000000005,0.009000000000000001,0.0199,0.020499999999999997,0.021099999999999997,0.0177,48.00000000000002,42.00000000000002
2018-04-03,0.022799999999999997,0.026000000000000002,0.0279,0.0302,0.0060999999999999995,0.0070999999999999995,0.0092,0.0199,0.0208,0.0217,0.0175,51.000000000000036,41.999999999999986
2018-04-04,0.022799999999999997,0.026099999999999998,0.0279,0.030299999999999997,0.005699999999999999,0.0070999999999999995,0.009300000000000001,0.0204,0.0208,0.0212,0.0171,51.000000000000036,41.999999999999986
2018-04-05,0.023,0.0264,0.028300000000000002,0.030699999999999998,0.0070999999999999995,0.0075,0.0097,0.019299999999999998,0.0208,0.0223,0.0172,53.00000000000003,42.999999999999986
2018-04-06,0.0227,0.0258,0.0277,0.0301,0.005699999999999999,0.006999999999999999,0.0092,0.020099999999999996,0.0207,0.0213,0.0173,49.99999999999997,42.999999999999986
2018-04-09,0.0229,0.026000000000000002,0.0278,0.0302,0.0058,0.0070999999999999995,0.0092,0.0202,0.0207,0.0212,0.0176,48.99999999999998,41.999999999999986
2018-04-10,0.0232,0.0262,0.027999999999999997,0.0302,0.0062,0.0072,0.0092,0.02,0.0208,0.0216,0.0174,47.999999999999986,40.0
2018-04-11,0.0232,0.0262,0.0279,0.029900000000000003,0.005600000000000001,0.0068000000000000005,0.0088,0.0206,0.021099999999999997,0.0216,0.0173,47.00000000000003,37.00000000000002
2018-04-12,0.023399999999999997,0.026699999999999998,0.028300000000000002,0.0305,0.0062,0.006999999999999999,0.009000000000000001,0.020499999999999997,0.0213,0.022099999999999998,0.0175,49.00000000000005,38.000000000000014
2018-04-13,0.023700000000000002,0.026699999999999998,0.0282,0.030299999999999997,0.0066,0.0069,0.0088,0.020099999999999996,0.0213,0.0225,0.0176,44.99999999999997,35.99999999999999
2018-04-16,0.0239,0.0269,0.028300000000000002,0.030299999999999997,0.0060999999999999995,0.0070999999999999995,0.0089,0.0208,0.0212,0.0216,0.0179,44.000000000000014,33.999999999999964
2018-04-17,0.0241,0.0268,0.0282,0.03,0.0067,0.0068000000000000005,0.0085,0.020099999999999996,0.021400000000000002,0.0227,0.018000000000000002,40.99999999999999,31.99999999999998
2018-04-18,0.0242,0.0273,0.0287,0.030600000000000002,0.0069,0.0070999999999999995,0.0089,0.0204,0.0216,0.022799999999999997,0.0181,45.00000000000001,33.00000000000001
2018-04-19,0.024399999999999998,0.0277,0.0292,0.0311,0.006500000000000001,0.0075,0.0092,0.0212,0.0217,0.0222,0.0182,48.00000000000002,34.0
2018-04-20,0.0246,0.027999999999999997,0.0296,0.031400000000000004,0.006999999999999999,0.0079,0.0096,0.021,0.0217,0.022400000000000003,0.0181,50.00000000000001,34.00000000000007
2018-04-23,0.024900000000000002,0.028300000000000002,0.0298,0.0315,0.0072,0.008,0.0097,0.021099999999999997,0.0218,0.0225,0.0187,48.99999999999998,31.99999999999998
2018-04-24,0.0248,0.028300000000000002,0.03,0.0318,0.0073,0.0083,0.0101,0.021,0.0217,0.022400000000000003,0.0187,52.0,34.99999999999999
2018-04-25,0.024900000000000002,0.028399999999999998,0.030299999999999997,0.0321,0.0075,0.0086,0.0103,0.0209,0.0217,0.0225,0.018500000000000003,53.99999999999995,36.999999999999986
2018-04-26,0.024900000000000002,0.0282,0.03,0.0318,0.0072,0.008199999999999999,0.009899999999999999,0.021,0.0218,0.0226,0.0182,50.99999999999997,36.00000000000003
2018-04-27,0.024900000000000002,0.027999999999999997,0.0296,0.0313,0.0070999999999999995,0.0079,0.009300000000000001,0.0209,0.0217,0.0225,0.0182,46.99999999999999,33.00000000000004
2018-04-30,0.024900000000000002,0.0279,0.029500000000000002,0.0311,0.0069,0.0078000000000000005,0.0091,0.021,0.0217,0.022400000000000003,0.0187,46.0,31.99999999999998
2018-05-01,0.025,0.0282,0.0297,0.0313,0.0073,0.008100000000000001,0.009399999999999999,0.0209,0.0216,0.0223,0.018500000000000003,46.99999999999999,31.00000000000002
2018-05-02,0.024900000000000002,0.027999999999999997,0.0297,0.031400000000000004,0.0070999999999999995,0.008,0.0095,0.0209,0.0217,0.0225,0.0184,47.999999999999986,34.00000000000007
2018-05-03,0.024900000000000002,0.0278,0.0294,0.031200000000000002,0.0069,0.0078000000000000005,0.009399999999999999,0.0209,0.0216,0.0223,0.0184,44.99999999999997,34.000000000000036
2018-05-04,0.025099999999999997,0.0278,0.029500000000000002,0.031200000000000002,0.0069,0.0079,0.009399999999999999,0.0209,0.0216,0.0223,0.0184,44.00000000000004,34.000000000000036
2018-05-07,0.024900000000000002,0.0278,0.029500000000000002,0.031200000000000002,0.0067,0.0078000000000000005,0.009399999999999999,0.021099999999999997,0.0217,0.0223,0.018600000000000002,46.0,34.000000000000036
2018-05-08,0.025099999999999997,0.0281,0.0297,0.0313,0.0070999999999999995,0.008100000000000001,0.0096,0.021,0.0216,0.0222,0.0187,46.000000000000036,32.000000000000014
2018-05-09,0.0254,0.028399999999999998,0.03,0.0316,0.0070999999999999995,0.008199999999999999,0.0097,0.0213,0.0218,0.0223,0.018799999999999997,46.0,32.00000000000005
2018-05-10,0.0254,0.028300000000000002,0.0297,0.031200000000000002,0.0070999999999999995,0.008,0.009399999999999999,0.0212,0.0217,0.0222,0.019,43.000000000000014,28.999999999999996
2018-05-11,0.0254,0.028399999999999998,0.0297,0.031,0.0070999999999999995,0.008199999999999999,0.009399999999999999,0.0213,0.0215,0.0217,0.0192,43.000000000000014,26.000000000000018
2018-05-14,0.0255,0.0285,0.03,0.0313,0.0073,0.0085,0.0097,0.0212,0.0215,0.0218,0.019299999999999998,45.00000000000001,28.000000000000004
2018-05-15,0.0258,0.0292,0.0308,0.032,0.0077,0.009000000000000001,0.0102,0.0215,0.0218,0.022099999999999998,0.0192,50.00000000000001,28.000000000000004
2018-05-16,0.0258,0.0294,0.030899999999999997,0.0321,0.0078000000000000005,0.0092,0.0102,0.0216,0.0217,0.0218,0.0192,50.99999999999997,26.999999999999975
2018-05-17,0.025699999999999997,0.0294,0.0311,0.0325,0.0078000000000000005,0.0095,0.010700000000000001,0.0216,0.0216,0.0216,0.0192,54.00000000000002,31.00000000000002
2018-05-18,0.0255,0.028999999999999998,0.030600000000000002,0.032,0.0076,0.0091,0.0104,0.021400000000000002,0.0215,0.0216,0.0191,51.000000000000036,30.00000000000003
2018-05-21,0.0258,0.028999999999999998,0.030600000000000002,0.032,0.0075,0.009000000000000001,0.0103,0.0215,0.0216,0.0217,0.019299999999999998,48.00000000000002,30.00000000000003
2018-05-22,0.0259,0.028999999999999998,0.030600000000000002,0.0321,0.0077,0.0091,0.0104,0.0213,0.0215,0.0217,0.019299999999999998,47.00000000000003,30.999999999999986
2018-05-23,0.0253,0.028300000000000002,0.0301,0.0317,0.0070999999999999995,0.0087,0.0102,0.0212,0.021400000000000002,0.0216,0.0192,47.999999999999986,33.999999999999964
2018-05-24,0.025,0.0282,0.0298,0.0313,0.0070999999999999995,0.0086,0.01,0.021099999999999997,0.0212,0.0213,0.0191,47.999999999999986,31.00000000000002
2018-05-25,0.0248,0.0276,0.029300000000000003,0.030899999999999997,0.0072,0.0084,0.009899999999999999,0.0204,0.0209,0.021400000000000002,0.019,45.00000000000004,32.99999999999997
2018-05-29,0.0232,0.0258,0.0277,0.0296,0.006,0.0073,0.0089,0.019799999999999998,0.0204,0.021,0.019299999999999998,45.00000000000001,38.000000000000014
2018-05-30,0.0242,0.026699999999999998,0.028399999999999998,0.0301,0.0067,0.0078000000000000005,0.009300000000000001,0.02,0.0206,0.0212,0.0194,41.999999999999986,34.0
2018-05-31,0.024,0.0268,0.028300000000000002,0.03,0.006500000000000001,0.0076,0.0091,0.0203,0.0207,0.021099999999999997,0.019299999999999998,43.000000000000014,31.99999999999998
2018-06-01,0.024700000000000003,0.0274,0.028900000000000002,0.0304,0.0068000000000000005,0.008,0.009399999999999999,0.0206,0.0209,0.0212,0.0192,41.999999999999986,29.999999999999993
2018-06-04,0.0252,0.0278,0.0294,0.0308,0.0072,0.008199999999999999,0.0096,0.0206,0.0212,0.0218,0.0194,41.999999999999986,30.00000000000003
2018-06-05,0.024900000000000002,0.0276,0.0292,0.030699999999999998,0.0070999999999999995,0.0079,0.009399999999999999,0.020499999999999997,0.0213,0.022099999999999998,0.0194,42.999999999999986,30.999999999999986
2018-06-06,0.0252,0.0281,0.0297,0.0313,0.0075,0.0083,0.0097,0.0206,0.021400000000000002,0.0222,0.0195,45.00000000000001,32.000000000000014
2018-06-07,0.025,0.0277,0.029300000000000003,0.0308,0.0069,0.008,0.009399999999999999,0.0208,0.0213,0.0218,0.0194,43.000000000000014,31.00000000000002
2018-06-08,0.025,0.0277,0.029300000000000003,0.0308,0.0070999999999999995,0.008199999999999999,0.0096,0.0206,0.021099999999999997,0.0216,0.019299999999999998,43.000000000000014,31.00000000000002
2018-06-11,0.0252,0.027999999999999997,0.0296,0.031,0.0072,0.0083,0.0097,0.0208,0.0213,0.0218,0.0194,44.000000000000014,30.00000000000003
2018-06-12,0.0254,0.0281,0.0296,0.030899999999999997,0.0074,0.0083,0.0096,0.0207,0.0213,0.0219,0.0192,42.00000000000002,27.999999999999968
2018-06-13,0.0259,0.0285,0.0298,0.031,0.0076,0.0086,0.0098,0.0209,0.0212,0.0215,0.0194,39.00000000000001,24.999999999999986
2018-06-14,0.0259,0.0281,0.0294,0.0305,0.0074,0.008199999999999999,0.009399999999999999,0.0207,0.0212,0.0217,0.0194,34.99999999999999,23.999999999999993
2018-06-15,0.0255,0.0281,0.029300000000000003,0.0305,0.0073,0.008100000000000001,0.009300000000000001,0.0208,0.0212,0.0216,0.0194,38.00000000000005,23.999999999999993
2018-06-18,0.0256,0.027999999999999997,0.0292,0.0305,0.0072,0.008,0.009300000000000001,0.0208,0.0212,0.0216,0.0194,35.99999999999999,25.00000000000002
2018-06-19,0.0254,0.0277,0.028900000000000002,0.0302,0.006999999999999999,0.0077,0.0091,0.0207,0.0212,0.0217,0.0194,35.00000000000003,25.00000000000002
2018-06-20,0.0256,0.027999999999999997,0.029300000000000003,0.030600000000000002,0.0074,0.008100000000000001,0.0095,0.0206,0.0212,0.0218,0.0194,37.00000000000002,26.00000000000005
2018-06-21,0.0256,0.0277,0.028999999999999998,0.0304,0.0072,0.0079,0.009399999999999999,0.020499999999999997,0.021099999999999997,0.0217,0.0194,33.999999999999964,27.00000000000001
2018-06-22,0.0256,0.0277,0.028999999999999998,0.0304,0.006999999999999999,0.0078000000000000005,0.0092,0.0207,0.0212,0.0217,0.019299999999999998,33.999999999999964,27.00000000000001
2018-06-25,0.0254,0.0275,0.0287,0.0302,0.0069,0.0077,0.0091,0.0206,0.021,0.021400000000000002,0.019299999999999998,33.00000000000001,27.00000000000001
2018-06-26,0.0253,0.0275,0.0288,0.030299999999999997,0.0068000000000000005,0.0076,0.009000000000000001,0.0207,0.0212,0.0217,0.019299999999999998,34.99999999999999,27.999999999999968
2018-06-27,0.0252,0.0271,0.028300000000000002,0.0297,0.0064,0.0072,0.0086,0.0207,0.021099999999999997,0.0215,0.019299999999999998,31.00000000000002,26.000000000000018
2018-06-28,0.0252,0.0273,0.028399999999999998,0.0297,0.0066,0.0074,0.0087,0.0207,0.021,0.0213,0.019299999999999998,31.99999999999998,23.999999999999993
2018-06-29,0.0252,0.0273,0.0285,0.0298,0.0067,0.0074,0.0087,0.0206,0.021099999999999997,0.0216,0.019299999999999998,33.00000000000001,24.999999999999986
2018-07-02,0.025699999999999997,0.0275,0.0287,0.029900000000000003,0.0068000000000000005,0.0073,0.0085,0.0207,0.021400000000000002,0.022099999999999998,0.019799999999999998,30.00000000000003,24.00000000000003
2018-07-03,0.0253,0.027200000000000002,0.028300000000000002,0.0296,0.0064,0.0070999999999999995,0.0083,0.0208,0.0212,0.0216,0.019799999999999998,30.00000000000003,23.999999999999993
2018-07-05,0.0255,0.0274,0.028399999999999998,0.029500000000000002,0.0064,0.0070999999999999995,0.008199999999999999,0.021,0.0213,0.0216,0.0196,28.999999999999996,21.00000000000001
2018-07-06,0.0253,0.0271,0.0282,0.0294,0.0063,0.006999999999999999,0.008100000000000001,0.0208,0.0212,0.0216,0.0197,28.999999999999996,23.0
2018-07-09,0.025699999999999997,0.0275,0.0286,0.0296,0.006500000000000001,0.0073,0.0084,0.021,0.0213,0.0216,0.019799999999999998,29.000000000000032,21.00000000000001
2018-07-10,0.0259,0.0277,0.0287,0.0297,0.0068000000000000005,0.0074,0.0085,0.0209,0.0213,0.0217,0.0199,28.000000000000004,20.000000000000018
2018-07-11,0.0258,0.0274,0.0285,0.029500000000000002,0.0067,0.0074,0.0083,0.0207,0.021099999999999997,0.0215,0.0197,27.00000000000001,21.00000000000001
2018-07-12,0.026000000000000002,0.0275,0.0285,0.029500000000000002,0.0069,0.0075,0.0084,0.0206,0.021,0.021400000000000002,0.019799999999999998,24.999999999999986,20.000000000000018
2018-07-13,0.0259,0.0273,0.028300000000000002,0.0294,0.0066,0.0072,0.008199999999999999,0.0207,0.021099999999999997,0.0215,0.019799999999999998,24.00000000000003,20.99999999999998
2018-07-16,0.0259,0.0275,0.0285,0.0296,0.006999999999999999,0.0075,0.0084,0.020499999999999997,0.021,0.0215,0.020099999999999996,26.000000000000018,21.00000000000001
2018-07-17,0.0262,0.0276,0.0286,0.0297,0.0073,0.0077,0.0086,0.0203,0.0209,0.0215,0.0202,23.999999999999993,21.00000000000001
2018-07-18,0.026000000000000002,0.0277,0.0288,0.029900000000000003,0.0074,0.0079,0.0089,0.0203,0.0209,0.0215,0.02,27.999999999999968,22.00000000000004
2018-07-19,0.026000000000000002,0.0274,0.028399999999999998,0.0296,0.0073,0.0075,0.0087,0.020099999999999996,0.0209,0.0217,0.02,23.999999999999957,22.000000000000007
2018-07-20,0.026000000000000002,0.0277,0.028900000000000002,0.030299999999999997,0.0075,0.0078000000000000005,0.0092,0.0202,0.021099999999999997,0.022000000000000002,0.0199,28.999999999999996,25.999999999999982
2018-07-23,0.0264,0.028300000000000002,0.0296,0.031,0.008199999999999999,0.0085,0.0098,0.020099999999999996,0.021099999999999997,0.022099999999999998,0.0199,32.000000000000014,26.999999999999975
2018-07-24,0.0263,0.028300000000000002,0.029500000000000002,0.0308,0.0083,0.0084,0.0096,0.02,0.021099999999999997,0.0222,0.0202,32.000000000000014,24.999999999999986
2018-07-25,0.026600000000000002,0.0282,0.0294,0.030600000000000002,0.008100000000000001,0.008100000000000001,0.009399999999999999,0.020099999999999996,0.0213,0.0225,0.020099999999999996,27.999999999999968,24.00000000000003
2018-07-26,0.0269,0.0286,0.0298,0.031,0.0086,0.0087,0.0097,0.02,0.021099999999999997,0.0222,0.0199,28.999999999999996,23.999999999999993
2018-07-27,0.026699999999999998,0.028399999999999998,0.0296,0.030899999999999997,0.0084,0.0084,0.0095,0.02,0.0212,0.022400000000000003,0.02,29.000000000000032,24.999999999999986
2018-07-30,0.026600000000000002,0.0285,0.0298,0.0311,0.0084,0.0085,0.0096,0.020099999999999996,0.0213,0.0225,0.0204,31.99999999999998,25.999999999999982
2018-07-31,0.026699999999999998,0.0285,0.0296,0.0308,0.0085,0.0084,0.009399999999999999,0.02,0.0212,0.022400000000000003,0.0203,29.000000000000032,23.0
2018-08-01,0.026699999999999998,0.0287,0.03,0.0313,0.0087,0.0087,0.0097,0.02,0.0213,0.0226,0.0203,33.00000000000001,26.000000000000018
2018-08-02,0.026600000000000002,0.0285,0.0298,0.031200000000000002,0.0086,0.0086,0.0097,0.0199,0.0212,0.0225,0.0202,31.99999999999998,27.00000000000001
2018-08-03,0.0263,0.0282,0.029500000000000002,0.030899999999999997,0.008199999999999999,0.0083,0.0095,0.02,0.0212,0.022400000000000003,0.020099999999999996,32.000000000000014,26.999999999999975
2018-08-06,0.0264,0.027999999999999997,0.0294,0.0308,0.008199999999999999,0.0083,0.0096,0.019799999999999998,0.021099999999999997,0.022400000000000003,0.020499999999999997,29.999999999999993,28.00000000000004
2018-08-07,0.0268,0.028399999999999998,0.0298,0.031200000000000002,0.0084,0.0085,0.009899999999999999,0.02,0.0213,0.0226,0.0206,29.999999999999993,28.00000000000004
2018-08-08,0.0268,0.028300000000000002,0.0296,0.031200000000000002,0.0085,0.0085,0.0098,0.019799999999999998,0.021099999999999997,0.022400000000000003,0.0206,28.000000000000004,28.999999999999996
2018-08-09,0.0264,0.027999999999999997,0.029300000000000003,0.0308,0.0083,0.008199999999999999,0.0095,0.0197,0.021099999999999997,0.0225,0.0206,29.000000000000032,28.00000000000004
2018-08-10,0.026099999999999998,0.0275,0.0287,0.030299999999999997,0.0077,0.0078000000000000005,0.0092,0.019799999999999998,0.0209,0.022000000000000002,0.020499999999999997,26.000000000000018,27.999999999999968
2018-08-13,0.026099999999999998,0.0275,0.0288,0.0305,0.0076,0.0078000000000000005,0.009300000000000001,0.0199,0.021,0.022099999999999998,0.0206,27.00000000000001,29.999999999999993
2018-08-14,0.0263,0.0277,0.028900000000000002,0.030600000000000002,0.0078000000000000005,0.008,0.0095,0.0199,0.0209,0.0219,0.0208,26.000000000000018,29.000000000000032
2018-08-15,0.026099999999999998,0.0273,0.0286,0.030299999999999997,0.0076,0.0078000000000000005,0.009300000000000001,0.0197,0.0208,0.0219,0.0207,25.00000000000002,29.999999999999957
2018-08-16,0.0263,0.0275,0.0287,0.030299999999999997,0.0078000000000000005,0.0079,0.0092,0.0197,0.0208,0.0219,0.0207,23.999999999999993,27.999999999999968
2018-08-17,0.026099999999999998,0.0275,0.0287,0.030299999999999997,0.0079,0.0079,0.0092,0.0196,0.0208,0.022000000000000002,0.020499999999999997,26.000000000000018,27.999999999999968
2018-08-20,0.026000000000000002,0.027000000000000003,0.0282,0.029900000000000003,0.0075,0.0075,0.0089,0.0195,0.0207,0.0219,0.0206,21.99999999999997,28.999999999999996
2018-08-21,0.026099999999999998,0.0273,0.0285,0.03,0.0076,0.0077,0.009000000000000001,0.0197,0.0208,0.0219,0.0208,24.00000000000003,26.999999999999975
2018-08-22,0.026000000000000002,0.027000000000000003,0.0282,0.029900000000000003,0.0074,0.0074,0.0089,0.0196,0.0208,0.022000000000000002,0.0209,21.99999999999997,28.999999999999996
2018-08-23,0.026099999999999998,0.027200000000000002,0.0282,0.0297,0.0073,0.0073,0.0087,0.0199,0.0209,0.0219,0.0208,21.00000000000001,24.999999999999986
2018-08-24,0.0263,0.027200000000000002,0.0282,0.0297,0.0073,0.0073,0.0086,0.0199,0.0209,0.0219,0.0209,18.99999999999999,24.999999999999986
2018-08-27,0.026699999999999998,0.0274,0.0285,0.03,0.0074,0.0074,0.0088,0.02,0.021099999999999997,0.0222,0.0212,18.00000000000003,25.999999999999982
2018-08-28,0.026699999999999998,0.0277,0.0288,0.030299999999999997,0.0078000000000000005,0.0077,0.0091,0.0199,0.021099999999999997,0.0223,0.0213,21.00000000000001,25.999999999999982
2018-08-29,0.026699999999999998,0.0278,0.028900000000000002,0.0302,0.0078000000000000005,0.0077,0.009000000000000001,0.02,0.0212,0.022400000000000003,0.0213,22.00000000000004,24.00000000000003
2018-08-30,0.0264,0.0275,0.0286,0.03,0.0076,0.0076,0.0088,0.0199,0.021,0.022099999999999998,0.021099999999999997,22.000000000000007,24.999999999999986
2018-08-31,0.0262,0.0274,0.0286,0.0302,0.0076,0.0078000000000000005,0.0091,0.019799999999999998,0.0208,0.0218,0.021099999999999997,23.999999999999993,28.000000000000004
2018-09-04,0.026600000000000002,0.0278,0.028999999999999998,0.030699999999999998,0.0079,0.008,0.009399999999999999,0.0199,0.021,0.022099999999999998,0.0213,23.999999999999957,28.999999999999996
2018-09-05,0.026600000000000002,0.0277,0.028999999999999998,0.0308,0.0079,0.008100000000000001,0.0095,0.019799999999999998,0.0209,0.022000000000000002,0.021400000000000002,23.999999999999957,31.00000000000002
2018-09-06,0.0264,0.0276,0.0288,0.030600000000000002,0.0079,0.008,0.009399999999999999,0.0197,0.0208,0.0219,0.0213,23.999999999999993,30.00000000000003
2018-09-07,0.0271,0.0282,0.0294,0.0311,0.0084,0.0084,0.0097,0.019799999999999998,0.021,0.0222,0.021400000000000002,23.0,28.999999999999996
2018-09-10,0.0273,0.028300000000000002,0.0294,0.030899999999999997,0.0085,0.0084,0.0096,0.019799999999999998,0.021,0.0222,0.021400000000000002,20.99999999999998,25.999999999999947
2018-09-11,0.0276,0.0287,0.0298,0.0313,0.0086,0.0086,0.009899999999999999,0.020099999999999996,0.0212,0.0223,0.0215,22.000000000000007,26.000000000000018
2018-09-12,0.0274,0.0287,0.0297,0.0311,0.0085,0.0085,0.0097,0.0202,0.0212,0.0222,0.0216,23.0,23.999999999999993
2018-09-13,0.0276,0.0287,0.0297,0.0311,0.0089,0.0087,0.0098,0.019799999999999998,0.021,0.0222,0.0215,21.00000000000001,23.999999999999993
2018-09-14,0.0278,0.028999999999999998,0.029900000000000003,0.0313,0.009000000000000001,0.0089,0.01,0.02,0.021,0.022000000000000002,0.0216,21.000000000000046,23.000000000000036
2018-09-17,0.0278,0.028900000000000002,0.029900000000000003,0.0313,0.009000000000000001,0.0089,0.0101,0.0199,0.021,0.022099999999999998,0.0216,21.000000000000046,23.999999999999993
2018-09-18,0.0281,0.0294,0.0305,0.032,0.009300000000000001,0.0092,0.0105,0.020099999999999996,0.0213,0.0225,0.0217,23.999999999999993,26.000000000000018
2018-09-19,0.0281,0.0296,0.0308,0.0323,0.009399999999999999,0.009300000000000001,0.0106,0.0202,0.0215,0.022799999999999997,0.0216,27.00000000000001,27.00000000000001
2018-09-20,0.0281,0.0296,0.030699999999999998,0.0321,0.009399999999999999,0.0092,0.0104,0.0202,0.0215,0.022799999999999997,0.0217,25.999999999999982,24.999999999999954
2018-09-21,0.0281,0.029500000000000002,0.030699999999999998,0.032,0.009300000000000001,0.0092,0.0103,0.0202,0.0215,0.022799999999999997,0.0218,25.999999999999982,24.999999999999986
2018-09-24,0.028300000000000002,0.0296,0.0308,0.0321,0.009300000000000001,0.0092,0.0104,0.0203,0.0216,0.0229,0.0222,24.999999999999986,24.999999999999954
2018-09-25,0.028300000000000002,0.029900000000000003,0.031,0.0323,0.009399999999999999,0.009399999999999999,0.0105,0.020499999999999997,0.0216,0.0227,0.022099999999999998,26.999999999999975,23.999999999999993
2018-09-26,0.028300000000000002,0.0296,0.030600000000000002,0.0319,0.0092,0.0092,0.0103,0.0204,0.021400000000000002,0.022400000000000003,0.022000000000000002,23.0,22.999999999999964
2018-09-27,0.028300000000000002,0.0296,0.030600000000000002,0.0319,0.0092,0.0091,0.0103,0.0204,0.0215,0.0226,0.0218,23.0,22.999999999999964
2018-09-28,0.0281,0.0294,0.0305,0.0319,0.0091,0.0091,0.0104,0.0203,0.021400000000000002,0.0225,0.0219,23.999999999999993,24.999999999999986
2018-10-01,0.0282,0.0296,0.030899999999999997,0.032400000000000005,0.0092,0.0095,0.0109,0.0204,0.021400000000000002,0.022400000000000003,0.0223,26.999999999999975,28.00000000000004
2018-10-02,0.0282,0.0294,0.0305,0.032,0.0091,0.009300000000000001,0.010700000000000001,0.0203,0.0212,0.022099999999999998,0.0223,23.0,26.000000000000018
2018-10-03,0.0285,0.0302,0.0315,0.033,0.0095,0.009899999999999999,0.0113,0.0207,0.0216,0.0225,0.0223,29.999999999999993,28.000000000000004
2018-10-04,0.0287,0.0305,0.0319,0.0335,0.009899999999999999,0.0103,0.0118,0.0206,0.0216,0.0226,0.0222,31.99999999999998,30.00000000000003
2018-10-05,0.0288,0.030699999999999998,0.0323,0.034,0.0102,0.010700000000000001,0.0123,0.020499999999999997,0.0216,0.0227,0.0223,35.00000000000003,33.00000000000004
2018-10-09,0.0288,0.0305,0.0321,0.0337,0.01,0.0104,0.011899999999999999,0.020499999999999997,0.0217,0.0229,0.0225,32.99999999999997,32.000000000000014
2018-10-10,0.0288,0.0305,0.0322,0.0339,0.0101,0.0106,0.0123,0.0204,0.0216,0.022799999999999997,0.0227,34.0,34.0
2018-10-11,0.0285,0.03,0.031400000000000004,0.0332,0.0101,0.0102,0.0118,0.0199,0.0212,0.0225,0.0227,29.000000000000032,32.000000000000014
2018-10-12,0.0285,0.03,0.0315,0.0332,0.0101,0.0103,0.0118,0.0199,0.0212,0.0225,0.022799999999999997,29.999999999999993,32.000000000000014
2018-10-15,0.0285,0.0301,0.0316,0.0334,0.0101,0.0103,0.011899999999999999,0.02,0.0213,0.0226,0.0231,31.00000000000002,33.00000000000001
2018-10-16,0.0287,0.0302,0.0316,0.0332,0.0101,0.0103,0.011899999999999999,0.020099999999999996,0.0213,0.0225,0.023,29.000000000000032,29.999999999999993
2018-10-17,0.028900000000000002,0.0304,0.0319,0.0335,0.0104,0.0106,0.0121,0.02,0.0213,0.0226,0.0231,29.999999999999957,31.00000000000002
2018-10-18,0.0287,0.030299999999999997,0.0317,0.0336,0.0104,0.010700000000000001,0.0124,0.0199,0.021,0.022099999999999998,0.0232,29.999999999999993,33.00000000000001
2018-10-19,0.0292,0.0305,0.032,0.0338,0.010700000000000001,0.0109,0.0126,0.019799999999999998,0.021099999999999997,0.022400000000000003,0.0231,28.000000000000004,32.99999999999997
2018-10-22,0.0292,0.0305,0.032,0.0338,0.010700000000000001,0.0109,0.0126,0.019799999999999998,0.021099999999999997,0.022400000000000003,0.023399999999999997,28.000000000000004,32.99999999999997
2018-10-23,0.028900000000000002,0.0301,0.0317,0.0337,0.010700000000000001,0.0108,0.0126,0.0194,0.0209,0.022400000000000003,0.0233,27.999999999999968,36.00000000000003
2018-10-24,0.028399999999999998,0.0294,0.031,0.0333,0.0101,0.0103,0.0124,0.019299999999999998,0.0207,0.022099999999999998,0.023399999999999997,26.000000000000018,39.00000000000004
2018-10-25,0.0286,0.0298,0.031400000000000004,0.0335,0.010700000000000001,0.0109,0.0128,0.0191,0.020499999999999997,0.0219,0.023399999999999997,28.00000000000004,37.00000000000002
2018-10-26,0.0281,0.0291,0.0308,0.0332,0.0098,0.0102,0.0123,0.019299999999999998,0.0206,0.0219,0.0233,27.00000000000001,40.99999999999999
2018-10-29,0.0281,0.0291,0.0308,0.0333,0.009899999999999999,0.0102,0.0125,0.0192,0.0206,0.022000000000000002,0.023399999999999997,27.00000000000001,42.00000000000002
2018-10-30,0.028399999999999998,0.0294,0.031200000000000002,0.0336,0.0103,0.010700000000000001,0.0128,0.0191,0.020499999999999997,0.0219,0.0233,28.00000000000004,41.999999999999986
2018-10-31,0.0287,0.0298,0.0315,0.0339,0.0108,0.011000000000000001,0.0131,0.019,0.020499999999999997,0.022000000000000002,0.023399999999999997,28.000000000000004,40.99999999999999
2018-11-01,0.028399999999999998,0.0296,0.031400000000000004,0.0338,0.0108,0.011200000000000002,0.0132,0.018799999999999997,0.0202,0.0216,0.0232,30.00000000000006,41.99999999999996
2018-11-02,0.0291,0.0304,0.0322,0.0346,0.0113,0.0116,0.0137,0.0191,0.0206,0.022099999999999998,0.0233,30.999999999999986,41.999999999999986
2018-11-05,0.0291,0.030299999999999997,0.032,0.034300000000000004,0.011200000000000002,0.011399999999999999,0.013300000000000001,0.0191,0.0206,0.022099999999999998,0.0236,28.999999999999996,40.00000000000007
2018-11-06,0.029300000000000003,0.0305,0.0322,0.034300000000000004,0.0113,0.0115,0.0132,0.0192,0.0207,0.0222,0.0235,28.999999999999964,38.00000000000005
2018-11-07,0.0296,0.030699999999999998,0.0322,0.034300000000000004,0.011399999999999999,0.0115,0.0132,0.019299999999999998,0.0207,0.022099999999999998,0.023700000000000002,25.999999999999982,36.00000000000006
2018-11-08,0.0298,0.030899999999999997,0.032400000000000005,0.034300000000000004,0.011699999999999999,0.011699999999999999,0.0132,0.0192,0.0207,0.0222,0.0235,26.00000000000005,34.00000000000007
2018-11-09,0.0294,0.0305,0.0319,0.034,0.0115,0.0115,0.0131,0.019,0.0204,0.0218,0.0236,24.999999999999986,35.00000000000003
2018-11-13,0.028900000000000002,0.029900000000000003,0.031400000000000004,0.0336,0.0111,0.011200000000000002,0.0129,0.018799999999999997,0.0202,0.0216,0.023799999999999998,25.00000000000002,36.99999999999995
2018-11-14,0.0286,0.029500000000000002,0.031200000000000002,0.0335,0.011000000000000001,0.011200000000000002,0.013000000000000001,0.018500000000000003,0.02,0.0215,0.023799999999999998,26.000000000000018,40.0
2018-11-15,0.0286,0.0294,0.0311,0.0336,0.0109,0.0111,0.013000000000000001,0.018500000000000003,0.02,0.0215,0.023700000000000002,24.999999999999986,41.999999999999986
2018-11-16,0.0281,0.028999999999999998,0.0308,0.0333,0.0102,0.0106,0.0125,0.018799999999999997,0.0202,0.0216,0.0236,27.00000000000001,43.00000000000005
2018-11-19,0.0279,0.0287,0.030600000000000002,0.0332,0.0102,0.010700000000000001,0.0126,0.018500000000000003,0.0199,0.0213,0.023799999999999998,27.00000000000001,45.00000000000001
2018-11-20,0.0279,0.0288,0.030600000000000002,0.0331,0.0106,0.0109,0.0128,0.0182,0.0197,0.0212,0.0239,27.00000000000001,42.999999999999986
2018-11-21,0.0281,0.028900000000000002,0.030600000000000002,0.0331,0.0108,0.0109,0.0128,0.0181,0.0197,0.0213,0.0241,25.00000000000002,41.99999999999996
2018-11-23,0.0281,0.0288,0.0305,0.0331,0.0111,0.0109,0.0129,0.0177,0.0196,0.0215,0.0241,23.999999999999993,42.999999999999986
2018-11-26,0.028399999999999998,0.028999999999999998,0.030699999999999998,0.0332,0.011200000000000002,0.0111,0.013000000000000001,0.0178,0.0196,0.021400000000000002,0.0241,23.0,42.00000000000002
2018-11-27,0.028300000000000002,0.028900000000000002,0.030600000000000002,0.0332,0.0116,0.0115,0.0134,0.0173,0.0191,0.0209,0.0241,23.0,42.999999999999986
2018-11-28,0.0281,0.0287,0.030600000000000002,0.0334,0.0113,0.011200000000000002,0.0134,0.0174,0.0194,0.021400000000000002,0.024,25.00000000000002,46.99999999999999
2018-11-29,0.0281,0.0285,0.030299999999999997,0.0333,0.0106,0.0105,0.0128,0.0179,0.019799999999999998,0.0217,0.023700000000000002,21.99999999999997,48.00000000000002
2018-11-30,0.027999999999999997,0.028399999999999998,0.0301,0.033,0.010700000000000001,0.0104,0.0126,0.0177,0.0197,0.0217,0.023700000000000002,21.00000000000001,46.000000000000036
2018-12-03,0.028300000000000002,0.028300000000000002,0.0298,0.0327,0.010700000000000001,0.0102,0.0123,0.0176,0.0196,0.0216,0.023799999999999998,14.999999999999979,43.99999999999998
2018-12-04,0.027999999999999997,0.0279,0.0291,0.0316,0.0105,0.0097,0.0116,0.0174,0.0194,0.021400000000000002,0.0242,11.000000000000037,37.00000000000002
2018-12-06,0.0275,0.0275,0.0287,0.031400000000000004,0.0106,0.0097,0.0115,0.0169,0.019,0.021099999999999997,0.0241,11.999999999999996,39.00000000000004
2018-12-07,0.027200000000000002,0.027000000000000003,0.0285,0.031400000000000004,0.0102,0.0096,0.011699999999999999,0.0168,0.0189,0.021,0.024,12.999999999999991,44.000000000000014
2018-12-10,0.027200000000000002,0.0271,0.0285,0.0313,0.0106,0.009899999999999999,0.011899999999999999,0.0165,0.018600000000000002,0.0207,0.0241,12.999999999999991,42.00000000000002
2018-12-11,0.0278,0.0275,0.028900000000000002,0.0313,0.0113,0.0106,0.012199999999999999,0.016200000000000003,0.0183,0.0204,0.0241,11.000000000000037,38.000000000000014
2018-12-12,0.0277,0.0277,0.0291,0.0315,0.0115,0.0108,0.0124,0.016200000000000003,0.0183,0.0204,0.024300000000000002,14.00000000000002,38.000000000000014
2018-12-13,0.0275,0.0275,0.0291,0.0316,0.0113,0.0108,0.0125,0.016200000000000003,0.0183,0.0204,0.024300000000000002,16.000000000000007,41.00000000000003
2018-12-14,0.0273,0.0273,0.028900000000000002,0.031400000000000004,0.0113,0.010700000000000001,0.0123,0.016,0.0182,0.0204,0.0242,16.000000000000007,41.00000000000003
2018-12-17,0.027000000000000003,0.0269,0.0286,0.0311,0.0111,0.0105,0.012199999999999999,0.0158,0.0181,0.0204,0.024,15.999999999999973,41.999999999999986
2018-12-18,0.0265,0.0265,0.0282,0.030699999999999998,0.010700000000000001,0.0101,0.011699999999999999,0.0158,0.0181,0.0204,0.0239,17.0,41.999999999999986
2018-12-19,0.0263,0.0262,0.0277,0.03,0.0106,0.0097,0.0111,0.015600000000000001,0.018000000000000002,0.0204,0.024,13.999999999999984,37.99999999999998
2018-12-20,0.026699999999999998,0.0265,0.0279,0.0302,0.011200000000000002,0.0103,0.0116,0.015300000000000001,0.0176,0.0199,0.0239,12.000000000000032,37.00000000000002
2018-12-21,0.0263,0.0264,0.0279,0.030299999999999997,0.0109,0.0102,0.011699999999999999,0.0155,0.0177,0.0199,0.0239,16.000000000000007,38.99999999999997
2018-12-24,0.0255,0.0258,0.0274,0.03,0.0106,0.009899999999999999,0.0115,0.0152,0.0175,0.019799999999999998,0.0245,19.000000000000025,41.999999999999986
2018-12-26,0.026099999999999998,0.026699999999999998,0.0281,0.030600000000000002,0.011000000000000001,0.0104,0.0121,0.015700000000000002,0.0177,0.0197,0.024399999999999998,20.000000000000018,39.00000000000004
2018-12-27,0.0256,0.026000000000000002,0.0277,0.0305,0.010700000000000001,0.0103,0.012199999999999999,0.015300000000000001,0.0174,0.0195,0.0241,20.99999999999998,44.99999999999997
2018-12-28,0.0252,0.0256,0.027200000000000002,0.0304,0.0104,0.009899999999999999,0.0121,0.0152,0.0173,0.0194,0.024,20.000000000000018,47.999999999999986
2018-12-31,0.0248,0.025099999999999997,0.0269,0.0302,0.01,0.0098,0.0121,0.0151,0.0171,0.0191,0.0245,21.00000000000001,51.000000000000036
2019-01-02,0.025,0.024900000000000002,0.026600000000000002,0.0297,0.01,0.0096,0.011899999999999999,0.0149,0.017,0.0191,0.0242,16.000000000000007,47.999999999999986
2019-01-03,0.0239,0.023700000000000002,0.0256,0.0292,0.0088,0.0088,0.011399999999999999,0.0149,0.0168,0.0187,0.0241,17.0,54.99999999999998
2019-01-04,0.025,0.024900000000000002,0.026699999999999998,0.0298,0.0091,0.0091,0.011699999999999999,0.0158,0.0176,0.0194,0.0242,16.999999999999968,48.99999999999998
2019-01-07,0.0253,0.0253,0.027000000000000003,0.029900000000000003,0.0092,0.0092,0.0118,0.0161,0.0178,0.0195,0.0245,17.000000000000036,46.000000000000036
2019-01-08,0.0258,0.0258,0.0273,0.03,0.0092,0.0091,0.0115,0.0166,0.0182,0.019799999999999998,0.0246,15.000000000000014,41.999999999999986
2019-01-09,0.0256,0.025699999999999997,0.0274,0.030299999999999997,0.0089,0.0091,0.0116,0.0168,0.0183,0.019799999999999998,0.0245,17.999999999999996,46.0
2019-01-10,0.0256,0.0256,0.0274,0.030600000000000002,0.0091,0.009300000000000001,0.012,0.0165,0.0181,0.0197,0.024300000000000002,17.999999999999996,50.00000000000001
2019-01-11,0.0255,0.0252,0.0271,0.0304,0.0086,0.0088,0.0118,0.0166,0.0183,0.02,0.024300000000000002,16.000000000000007,52.0
2019-01-14,0.0253,0.0253,0.0271,0.030600000000000002,0.0089,0.009000000000000001,0.012,0.016399999999999998,0.0181,0.019799999999999998,0.0245,17.999999999999996,53.00000000000003
2019-01-15,0.0253,0.0253,0.027200000000000002,0.0308,0.009000000000000001,0.0091,0.0121,0.0163,0.0181,0.0199,0.0245,19.000000000000025,55.000000000000014
2019-01-16,0.0255,0.0254,0.0273,0.030699999999999998,0.009000000000000001,0.0091,0.012,0.016399999999999998,0.0182,0.02,0.024300000000000002,18.00000000000003,52.99999999999999
2019-01-17,0.0256,0.0258,0.0275,0.030699999999999998,0.009399999999999999,0.0096,0.0121,0.016399999999999998,0.0179,0.0194,0.0242,18.99999999999999,48.99999999999998
2019-01-18,0.0262,0.0262,0.0279,0.030899999999999997,0.0095,0.0096,0.0121,0.0167,0.0183,0.0199,0.0241,17.0,46.99999999999996
2019-01-22,0.0258,0.025699999999999997,0.0274,0.030600000000000002,0.009399999999999999,0.0095,0.012,0.0163,0.0179,0.0195,0.024300000000000002,16.000000000000007,49.00000000000005
2019-01-23,0.0258,0.0259,0.0276,0.030699999999999998,0.0095,0.0096,0.0121,0.016399999999999998,0.018000000000000002,0.0196,0.0241,17.999999999999996,47.999999999999986
2019-01-24,0.0256,0.0255,0.027200000000000002,0.0304,0.009300000000000001,0.0095,0.012,0.016200000000000003,0.0177,0.0192,0.023700000000000002,16.000000000000007,49.000000000000014
2019-01-25,0.026000000000000002,0.0259,0.0276,0.030600000000000002,0.0095,0.0097,0.012199999999999999,0.016399999999999998,0.0179,0.0194,0.0239,15.999999999999973,47.00000000000003
2019-01-28,0.026000000000000002,0.0258,0.0275,0.030600000000000002,0.0096,0.0097,0.0123,0.016200000000000003,0.0178,0.0194,0.0242,14.999999999999979,48.00000000000002
2019-01-29,0.0256,0.0255,0.027200000000000002,0.0304,0.009300000000000001,0.009399999999999999,0.012,0.016200000000000003,0.0178,0.0194,0.0242,16.000000000000007,49.000000000000014
2019-01-30,0.0252,0.024900000000000002,0.027000000000000003,0.030600000000000002,0.008100000000000001,0.0086,0.011699999999999999,0.0168,0.0184,0.02,0.0242,18.00000000000003,57.0
2019-01-31,0.0245,0.024300000000000002,0.0263,0.029900000000000003,0.0073,0.0078000000000000005,0.0108,0.017,0.018500000000000003,0.02,0.0241,17.999999999999996,56.00000000000001
2019-02-01,0.0252,0.025099999999999997,0.027000000000000003,0.030299999999999997,0.0079,0.008199999999999999,0.0111,0.0172,0.018799999999999997,0.0204,0.024,18.00000000000003,52.0
2019-02-04,0.0253,0.0253,0.0273,0.030600000000000002,0.008100000000000001,0.0086,0.011399999999999999,0.0172,0.0187,0.0202,0.0242,20.000000000000018,53.00000000000003
2019-02-05,0.0253,0.025099999999999997,0.0271,0.030299999999999997,0.0079,0.0084,0.0111,0.0172,0.0187,0.0202,0.0242,17.999999999999996,52.0
2019-02-06,0.0252,0.025,0.027000000000000003,0.030299999999999997,0.0079,0.0084,0.0113,0.0171,0.018600000000000002,0.020099999999999996,0.0242,18.00000000000003,52.99999999999996
2019-02-07,0.0248,0.0246,0.0265,0.03,0.0077,0.008100000000000001,0.0111,0.0169,0.0184,0.0199,0.0242,17.0,53.999999999999986
2019-02-08,0.0245,0.024399999999999998,0.0263,0.0297,0.0075,0.008100000000000001,0.011000000000000001,0.0169,0.0182,0.0195,0.024300000000000002,17.999999999999996,53.00000000000003
2019-02-11,0.0248,0.024700000000000003,0.0265,0.03,0.0078000000000000005,0.0083,0.0113,0.0169,0.0182,0.0195,0.0245,17.0,52.99999999999996
2019-02-12,0.025,0.024900000000000002,0.0268,0.0302,0.0078000000000000005,0.0085,0.011399999999999999,0.0171,0.0183,0.0195,0.024300000000000002,17.999999999999996,52.99999999999999
2019-02-13,0.0253,0.0253,0.0271,0.0304,0.0077,0.0085,0.011399999999999999,0.0176,0.018600000000000002,0.0196,0.024399999999999998,17.999999999999996,51.00000000000001
2019-02-14,0.025,0.0248,0.026600000000000002,0.0301,0.0074,0.008100000000000001,0.011200000000000002,0.0174,0.018500000000000003,0.0196,0.024300000000000002,16.000000000000007,52.99999999999999
2019-02-15,0.0252,0.024900000000000002,0.026600000000000002,0.03,0.0074,0.008,0.011000000000000001,0.0175,0.018600000000000002,0.0197,0.024300000000000002,14.00000000000002,50.99999999999997
2019-02-19,0.025,0.024700000000000003,0.0265,0.029900000000000003,0.0070999999999999995,0.0078000000000000005,0.0108,0.0176,0.0187,0.019799999999999998,0.0245,14.999999999999979,52.0
2019-02-20,0.025,0.024700000000000003,0.0265,0.03,0.0068000000000000005,0.0076,0.010700000000000001,0.0179,0.0189,0.0199,0.0245,14.999999999999979,52.99999999999996
2019-02-21,0.0253,0.025099999999999997,0.0269,0.0305,0.0070999999999999995,0.0078000000000000005,0.011000000000000001,0.018000000000000002,0.0191,0.0202,0.0245,16.000000000000007,54.00000000000002
2019-02-22,0.0248,0.024700000000000003,0.0265,0.0302,0.006500000000000001,0.0074,0.0106,0.0182,0.0191,0.02,0.0246,17.0,54.99999999999998
2019-02-25,0.025099999999999997,0.0248,0.026699999999999998,0.030299999999999997,0.0066,0.0075,0.0106,0.0182,0.0192,0.0202,0.024700000000000003,16.000000000000007,54.99999999999998
2019-02-26,0.0248,0.0245,0.0264,0.0301,0.0063,0.0072,0.0105,0.0182,0.0192,0.0202,0.0245,16.000000000000007,55.99999999999997
2019-02-27,0.025,0.024900000000000002,0.0269,0.030699999999999998,0.006500000000000001,0.0076,0.011000000000000001,0.0184,0.019299999999999998,0.0202,0.0245,18.99999999999999,57.999999999999964
2019-02-28,0.0252,0.0252,0.0273,0.030899999999999997,0.0068000000000000005,0.0078000000000000005,0.0111,0.0184,0.0195,0.0206,0.0245,21.00000000000001,56.999999999999964
2019-03-01,0.0255,0.0256,0.0276,0.0313,0.0070999999999999995,0.008,0.0113,0.018500000000000003,0.0196,0.0207,0.024399999999999998,21.00000000000001,57.0
2019-03-04,0.0255,0.0253,0.027200000000000002,0.030899999999999997,0.0069,0.0078000000000000005,0.0111,0.0184,0.0194,0.0204,0.0246,17.000000000000036,55.99999999999997
2019-03-05,0.0255,0.0253,0.027200000000000002,0.0308,0.006999999999999999,0.0079,0.0111,0.0183,0.019299999999999998,0.0203,0.0246,17.000000000000036,55.000000000000014
2019-03-06,0.0252,0.024900000000000002,0.0269,0.030600000000000002,0.0068000000000000005,0.0078000000000000005,0.0111,0.0181,0.0191,0.020099999999999996,0.024700000000000003,17.0,57.0
2019-03-07,0.024700000000000003,0.024399999999999998,0.0264,0.030299999999999997,0.0064,0.0074,0.0108,0.018000000000000002,0.019,0.02,0.0245,16.999999999999968,58.99999999999999
2019-03-08,0.0245,0.0242,0.0262,0.03,0.0062,0.0072,0.0106,0.018000000000000002,0.019,0.02,0.0246,17.0,57.99999999999999
2019-03-11,0.024700000000000003,0.024399999999999998,0.0264,0.030299999999999997,0.0062,0.0073,0.0109,0.0182,0.0191,0.02,0.0246,16.999999999999968,58.99999999999999
2019-03-12,0.0245,0.0241,0.026099999999999998,0.03,0.006,0.0070999999999999995,0.0106,0.0181,0.019,0.0199,0.0246,15.999999999999973,58.99999999999999
2019-03-13,0.0245,0.0242,0.026099999999999998,0.0302,0.0058,0.0069,0.0105,0.0184,0.0192,0.02,0.0245,15.999999999999973,60.00000000000002
2019-03-14,0.0246,0.024300000000000002,0.0263,0.0304,0.0058,0.0069,0.0106,0.018500000000000003,0.0194,0.0203,0.0245,17.0,60.99999999999998
2019-03-15,0.024300000000000002,0.024,0.0259,0.0302,0.0054,0.006500000000000001,0.0103,0.018600000000000002,0.0194,0.0202,0.0245,15.999999999999973,62.00000000000001
2019-03-18,0.0245,0.0242,0.026000000000000002,0.0301,0.0054,0.0064,0.0102,0.018799999999999997,0.0196,0.0204,0.024399999999999998,15.000000000000014,58.99999999999999
2019-03-19,0.0246,0.0242,0.026099999999999998,0.0302,0.005699999999999999,0.0066,0.0103,0.018500000000000003,0.0195,0.020499999999999997,0.0246,14.999999999999979,60.00000000000002
2019-03-20,0.024,0.023399999999999997,0.0254,0.0298,0.0046,0.0058,0.0097,0.018799999999999997,0.0196,0.0204,0.0248,13.999999999999984,64.00000000000003
2019-03-21,0.0241,0.023399999999999997,0.0254,0.0296,0.0048,0.0058,0.0096,0.018600000000000002,0.0196,0.0206,0.024900000000000002,12.999999999999991,62.00000000000004
2019-03-22,0.0231,0.022400000000000003,0.024399999999999998,0.0288,0.0044,0.0054,0.0091,0.018000000000000002,0.019,0.02,0.0246,12.999999999999991,63.99999999999996
2019-03-25,0.0226,0.022099999999999998,0.024300000000000002,0.0287,0.0044,0.0055000000000000005,0.009300000000000001,0.0177,0.018799999999999997,0.0199,0.0246,17.000000000000036,66.00000000000001
2019-03-26,0.022400000000000003,0.0218,0.0241,0.0286,0.0043,0.0055000000000000005,0.009399999999999999,0.0175,0.018600000000000002,0.0197,0.0246,16.999999999999968,68.0
2019-03-27,0.0222,0.0218,0.0239,0.028300000000000002,0.0044,0.0055000000000000005,0.009399999999999999,0.0174,0.0184,0.0194,0.024399999999999998,17.0,65.00000000000003
2019-03-28,0.0223,0.022000000000000002,0.0239,0.0281,0.0048,0.005600000000000001,0.009300000000000001,0.0172,0.0183,0.0194,0.024300000000000002,16.000000000000007,60.99999999999998
2019-03-29,0.0227,0.0223,0.0241,0.0281,0.0045000000000000005,0.0053,0.0089,0.0178,0.018799999999999997,0.019799999999999998,0.024,13.999999999999984,57.99999999999999
2019-04-01,0.0233,0.0231,0.024900000000000002,0.028900000000000002,0.0049,0.0059,0.0095,0.0182,0.019,0.019799999999999998,0.024300000000000002,16.000000000000007,58.00000000000003
2019-04-02,0.023,0.022799999999999997,0.0248,0.0288,0.004699999999999999,0.0058,0.009399999999999999,0.0181,0.019,0.0199,0.0242,17.999999999999996,60.00000000000002
2019-04-03,0.0233,0.0232,0.0252,0.029300000000000003,0.0051,0.0060999999999999995,0.009899999999999999,0.0181,0.0191,0.020099999999999996,0.024399999999999998,18.99999999999999,61.00000000000005
2019-04-04,0.0233,0.0232,0.025099999999999997,0.0292,0.0051,0.0060999999999999995,0.009899999999999999,0.0181,0.019,0.0199,0.024399999999999998,17.99999999999996,60.00000000000002
2019-04-05,0.0235,0.0231,0.025,0.0291,0.0052,0.006,0.0097,0.0179,0.019,0.020099999999999996,0.024399999999999998,15.000000000000014,60.00000000000002
2019-04-08,0.0236,0.0233,0.0252,0.029300000000000003,0.0052,0.0060999999999999995,0.0098,0.0181,0.0191,0.020099999999999996,0.024300000000000002,16.000000000000007,60.00000000000002
2019-04-09,0.0235,0.0231,0.025099999999999997,0.0292,0.0051,0.006,0.0098,0.018000000000000002,0.0191,0.0202,0.0242,15.999999999999973,61.000000000000014
2019-04-10,0.0231,0.022799999999999997,0.0248,0.028999999999999998,0.0045000000000000005,0.0054,0.009399999999999999,0.0183,0.0194,0.020499999999999997,0.024300000000000002,17.0,62.00000000000001
2019-04-11,0.0235,0.0231,0.025099999999999997,0.0294,0.0049,0.005699999999999999,0.0098,0.0182,0.0194,0.0206,0.024300000000000002,15.999999999999973,63.0
2019-04-12,0.024,0.023799999999999998,0.0256,0.0297,0.0052,0.0060999999999999995,0.009899999999999999,0.018600000000000002,0.0195,0.0204,0.024399999999999998,16.000000000000007,59.00000000000002
2019-04-15,0.024,0.023700000000000002,0.0255,0.0296,0.0052,0.0060999999999999995,0.009899999999999999,0.018500000000000003,0.0194,0.0203,0.024300000000000002,14.999999999999979,58.99999999999999
2019-04-16,0.0241,0.0241,0.026000000000000002,0.029900000000000003,0.0055000000000000005,0.0064,0.0101,0.018600000000000002,0.0196,0.0206,0.024300000000000002,19.000000000000025,58.00000000000003
2019-04-17,0.024,0.024,0.0259,0.029900000000000003,0.005600000000000001,0.006500000000000001,0.0102,0.0184,0.0194,0.0204,0.024399999999999998,18.99999999999999,59.00000000000002
2019-04-18,0.023799999999999998,0.023799999999999998,0.025699999999999997,0.0296,0.0052,0.0062,0.0098,0.018600000000000002,0.0195,0.0204,0.0242,18.99999999999999,58.00000000000003
2019-04-22,0.023799999999999998,0.0239,0.0259,0.029900000000000003,0.0052,0.0064,0.0101,0.0187,0.0195,0.0203,0.024399999999999998,21.00000000000001,60.00000000000002
2019-04-23,0.0236,0.0236,0.025699999999999997,0.0298,0.0049,0.0062,0.009899999999999999,0.0187,0.0195,0.0203,0.0245,20.99999999999998,62.00000000000001
2019-04-24,0.0232,0.0232,0.0253,0.0294,0.0045000000000000005,0.005699999999999999,0.0095,0.0187,0.0196,0.020499999999999997,0.024399999999999998,21.00000000000001,62.00000000000001
2019-04-25,0.0233,0.0233,0.0254,0.0294,0.004699999999999999,0.005600000000000001,0.009300000000000001,0.018600000000000002,0.019799999999999998,0.021,0.024300000000000002,20.99999999999998,60.99999999999998
2019-04-26,0.022799999999999997,0.0229,0.025099999999999997,0.0292,0.0043,0.0054,0.0092,0.018600000000000002,0.0197,0.0208,0.0242,23.0,63.0
2019-04-29,0.023,0.0232,0.0254,0.0296,0.0046,0.0058,0.0096,0.018600000000000002,0.0196,0.0206,0.024399999999999998,23.999999999999993,64.00000000000003
2019-04-30,0.0227,0.022799999999999997,0.025099999999999997,0.029300000000000003,0.0043,0.005600000000000001,0.009399999999999999,0.018500000000000003,0.0195,0.020499999999999997,0.024300000000000002,23.999999999999957,65.00000000000006
2019-05-01,0.0231,0.0231,0.0252,0.0292,0.0048,0.0059,0.0095,0.0183,0.019299999999999998,0.0203,0.024300000000000002,21.00000000000001,61.000000000000014
2019-05-02,0.0235,0.023399999999999997,0.0255,0.0294,0.005600000000000001,0.0066,0.01,0.0178,0.0189,0.02,0.024700000000000003,19.999999999999982,60.00000000000002
2019-05-03,0.0233,0.0233,0.0254,0.029300000000000003,0.0053,0.0063,0.0097,0.018000000000000002,0.0191,0.0202,0.024300000000000002,20.99999999999998,60.00000000000002
2019-05-06,0.0231,0.023,0.025099999999999997,0.0291,0.0049,0.006,0.0096,0.0181,0.0191,0.020099999999999996,0.024399999999999998,19.999999999999982,61.000000000000014
2019-05-07,0.022799999999999997,0.0225,0.0245,0.0286,0.0049,0.0058,0.009399999999999999,0.0176,0.0187,0.019799999999999998,0.024300000000000002,17.000000000000036,61.000000000000014
2019-05-08,0.023,0.022799999999999997,0.024900000000000002,0.028900000000000002,0.0053,0.0062,0.009899999999999999,0.0175,0.0187,0.0199,0.024300000000000002,19.000000000000025,61.00000000000005
2019-05-09,0.0226,0.0225,0.0245,0.0287,0.0052,0.006,0.0096,0.0173,0.018500000000000003,0.0197,0.024300000000000002,19.000000000000025,62.00000000000001
2019-05-10,0.0226,0.0226,0.024700000000000003,0.028900000000000002,0.0051,0.0059,0.0095,0.0175,0.018799999999999997,0.020099999999999996,0.024300000000000002,21.000000000000046,63.000000000000036
2019-05-13,0.0218,0.0218,0.024,0.028300000000000002,0.0045000000000000005,0.0055000000000000005,0.0092,0.0173,0.018500000000000003,0.0197,0.0241,22.000000000000007,65.00000000000003
2019-05-14,0.022000000000000002,0.022000000000000002,0.0242,0.0286,0.0045000000000000005,0.005600000000000001,0.009300000000000001,0.0175,0.018600000000000002,0.0197,0.0241,21.99999999999997,65.99999999999999
2019-05-15,0.0216,0.0215,0.023700000000000002,0.0282,0.0040999999999999995,0.0054,0.0092,0.0174,0.0183,0.0192,0.0242,21.00000000000001,67.00000000000001
2019-05-16,0.022000000000000002,0.0218,0.024,0.028399999999999998,0.0043,0.005600000000000001,0.009399999999999999,0.0175,0.0184,0.019299999999999998,0.024,19.999999999999982,65.99999999999999
2019-05-17,0.022000000000000002,0.0217,0.0239,0.0282,0.0046,0.0058,0.009399999999999999,0.0171,0.0181,0.0191,0.0239,18.99999999999999,64.99999999999999
2019-05-20,0.022099999999999998,0.022099999999999998,0.0241,0.028300000000000002,0.005,0.006,0.0095,0.0171,0.0181,0.0191,0.0239,20.000000000000018,62.00000000000004
2019-05-21,0.0226,0.0223,0.024300000000000002,0.028399999999999998,0.0051,0.006,0.009399999999999999,0.0172,0.0183,0.0194,0.0239,17.000000000000036,60.99999999999998
2019-05-22,0.0223,0.0219,0.0239,0.0282,0.0051,0.006,0.009399999999999999,0.0168,0.0179,0.019,0.023799999999999998,16.000000000000007,63.0
2019-05-23,0.0212,0.021099999999999997,0.0231,0.0275,0.0049,0.0058,0.0091,0.016200000000000003,0.0173,0.0184,0.023700000000000002,18.99999999999999,64.00000000000003
2019-05-24,0.0216,0.0212,0.0232,0.0275,0.005,0.005600000000000001,0.0089,0.016200000000000003,0.0176,0.019,0.0235,15.999999999999973,63.0
2019-05-28,0.0212,0.0206,0.0226,0.027000000000000003,0.0048,0.0053,0.0087,0.0158,0.0173,0.018799999999999997,0.023700000000000002,13.999999999999984,64.00000000000003
2019-05-29,0.0209,0.020499999999999997,0.0225,0.0269,0.0046,0.005,0.0084,0.0159,0.0175,0.0191,0.023700000000000002,16.000000000000007,64.00000000000003
2019-05-30,0.0206,0.0203,0.0222,0.0265,0.0044,0.0048,0.008100000000000001,0.0159,0.0174,0.0189,0.023799999999999998,16.000000000000007,62.00000000000001
2019-05-31,0.0195,0.019299999999999998,0.021400000000000002,0.0258,0.0034999999999999996,0.004,0.0074,0.0158,0.0174,0.019,0.0235,19.000000000000025,65.00000000000003
2019-06-03,0.0182,0.0183,0.0207,0.0253,0.0027,0.0034000000000000002,0.0072,0.015600000000000001,0.0173,0.019,0.0235,24.999999999999986,69.99999999999999
2019-06-04,0.018799999999999997,0.0189,0.0212,0.026000000000000002,0.003,0.0038,0.0077,0.0159,0.0174,0.0189,0.0235,24.00000000000003,71.00000000000003
2019-06-05,0.0183,0.018600000000000002,0.0212,0.0263,0.0027,0.0037,0.0078000000000000005,0.0159,0.0175,0.0191,0.0235,28.999999999999996,76.99999999999999
2019-06-06,0.018799999999999997,0.018799999999999997,0.0212,0.0262,0.003,0.0039000000000000003,0.008,0.0158,0.0173,0.018799999999999997,0.0233,24.00000000000003,74.00000000000004
2019-06-07,0.018500000000000003,0.018500000000000003,0.0209,0.025699999999999997,0.0024,0.0034999999999999996,0.0076,0.0161,0.0174,0.0187,0.022799999999999997,23.999999999999957,71.99999999999994
2019-06-10,0.019,0.0191,0.0215,0.0262,0.0031,0.0042,0.008199999999999999,0.016,0.0173,0.018600000000000002,0.0229,24.999999999999986,71.00000000000003
2019-06-11,0.019299999999999998,0.0192,0.0215,0.0262,0.0034999999999999996,0.0043,0.008199999999999999,0.015700000000000002,0.0172,0.0187,0.0227,22.000000000000007,70.00000000000003
2019-06-12,0.018799999999999997,0.018799999999999997,0.0213,0.0262,0.0034999999999999996,0.0042,0.0083,0.015300000000000001,0.0171,0.0189,0.022400000000000003,25.00000000000002,74.00000000000004
2019-06-13,0.0183,0.0184,0.021,0.026099999999999998,0.0033,0.0042,0.0084,0.0151,0.0168,0.018500000000000003,0.0219,27.00000000000001,76.99999999999999
2019-06-14,0.0184,0.018500000000000003,0.0209,0.0259,0.0037,0.0046,0.0087,0.0148,0.0163,0.0178,0.022000000000000002,24.999999999999986,73.99999999999997
2019-06-17,0.018600000000000002,0.018500000000000003,0.0209,0.0258,0.004,0.0048,0.0087,0.014499999999999999,0.0161,0.0177,0.0223,22.999999999999964,72.99999999999997
2019-06-18,0.018600000000000002,0.0183,0.0206,0.0255,0.0034000000000000002,0.0042,0.008199999999999999,0.0149,0.016399999999999998,0.0179,0.0222,19.999999999999982,71.99999999999999
2019-06-19,0.0174,0.0177,0.0203,0.0254,0.0024,0.0036,0.0077,0.015300000000000001,0.0167,0.0181,0.0218,28.999999999999996,76.99999999999999
2019-06-20,0.0172,0.0174,0.020099999999999996,0.0253,0.0016,0.0027,0.0072,0.0158,0.0174,0.019,0.021400000000000002,28.999999999999964,79.00000000000001
2019-06-21,0.0177,0.018000000000000002,0.0207,0.0259,0.002,0.0034000000000000002,0.0079,0.016,0.0173,0.018600000000000002,0.021099999999999997,29.999999999999993,78.99999999999997
2019-06-24,0.0172,0.0175,0.0202,0.0255,0.0018,0.0031,0.0076,0.015700000000000002,0.0171,0.018500000000000003,0.0213,29.999999999999993,79.99999999999997
2019-06-25,0.0171,0.0173,0.02,0.0253,0.0021,0.0033,0.0078000000000000005,0.0152,0.0167,0.0182,0.0212,28.999999999999996,80.0
2019-06-26,0.0177,0.018000000000000002,0.020499999999999997,0.025699999999999997,0.0024,0.0034999999999999996,0.0079,0.015600000000000001,0.017,0.0184,0.0215,27.999999999999968,76.99999999999996
2019-06-27,0.0174,0.0176,0.020099999999999996,0.0252,0.0023,0.0033,0.0077,0.015300000000000001,0.0168,0.0183,0.021400000000000002,26.999999999999975,75.99999999999999
2019-06-28,0.0175,0.0176,0.02,0.0252,0.0023,0.0031,0.0078000000000000005,0.015300000000000001,0.0169,0.018500000000000003,0.0212,24.999999999999986,75.99999999999999
2019-07-01,0.0178,0.0179,0.0203,0.0255,0.0026,0.0034000000000000002,0.008100000000000001,0.015300000000000001,0.0169,0.018500000000000003,0.022099999999999998,24.999999999999986,75.99999999999999
2019-07-02,0.0177,0.0175,0.019799999999999998,0.025099999999999997,0.0025,0.0033,0.0079,0.015,0.0165,0.018000000000000002,0.022000000000000002,20.99999999999998,75.99999999999996
2019-07-03,0.0177,0.0174,0.0196,0.024700000000000003,0.0023,0.0031,0.0076,0.0151,0.0165,0.0179,0.022099999999999998,18.99999999999999,73.00000000000004
2019-07-05,0.0187,0.0184,0.0204,0.0254,0.0029,0.0034999999999999996,0.0078000000000000005,0.0155,0.0169,0.0183,0.0223,17.0,69.99999999999999
2019-07-08,0.018799999999999997,0.018600000000000002,0.020499999999999997,0.0253,0.0031,0.0034999999999999996,0.0076,0.0155,0.017,0.018500000000000003,0.0226,17.0,66.99999999999997
2019-07-09,0.0192,0.018799999999999997,0.0207,0.0254,0.0032,0.0036,0.0075,0.015600000000000001,0.0171,0.018600000000000002,0.0226,15.000000000000014,66.00000000000001
2019-07-10,0.0182,0.0182,0.0207,0.025699999999999997,0.0023,0.0033,0.0076,0.0159,0.0174,0.0189,0.022000000000000002,24.999999999999986,74.99999999999996
2019-07-11,0.018500000000000003,0.018799999999999997,0.0213,0.0265,0.0025,0.0036,0.008100000000000001,0.0163,0.0177,0.0191,0.0217,27.999999999999968,77.00000000000001
2019-07-12,0.0184,0.018600000000000002,0.0212,0.0264,0.0024,0.0034999999999999996,0.008,0.016200000000000003,0.0177,0.0192,0.021400000000000002,28.000000000000004,77.99999999999999
2019-07-15,0.0183,0.0184,0.0209,0.026099999999999998,0.0023,0.0032,0.0077,0.0161,0.0177,0.019299999999999998,0.0216,25.999999999999982,76.99999999999999
2019-07-16,0.0187,0.018799999999999997,0.0213,0.0263,0.0025,0.0033,0.0078000000000000005,0.0163,0.018000000000000002,0.0197,0.0215,25.999999999999982,75.00000000000003
2019-07-17,0.0183,0.0183,0.0206,0.025699999999999997,0.0023,0.0031,0.0075,0.016,0.0175,0.019,0.021400000000000002,23.0,73.99999999999997
2019-07-18,0.0177,0.0178,0.0204,0.0256,0.0018,0.0025,0.0074,0.016,0.0179,0.019799999999999998,0.020499999999999997,27.00000000000001,78.00000000000001
2019-07-19,0.018000000000000002,0.018000000000000002,0.020499999999999997,0.025699999999999997,0.002,0.0025,0.0075,0.016,0.018000000000000002,0.02,0.0206,24.999999999999954,76.99999999999996
2019-07-22,0.018000000000000002,0.018000000000000002,0.020499999999999997,0.0258,0.0021,0.0026,0.0075,0.0159,0.0179,0.0199,0.0209,24.999999999999954,77.99999999999999
2019-07-23,0.0183,0.0183,0.0208,0.026099999999999998,0.0022,0.0027,0.0076,0.0161,0.0181,0.020099999999999996,0.0206,24.999999999999986,77.99999999999999
2019-07-24,0.0183,0.0182,0.020499999999999997,0.0258,0.0023,0.0026,0.0075,0.0159,0.0179,0.0199,0.021,21.99999999999997,75.99999999999999
2019-07-25,0.018600000000000002,0.018500000000000003,0.0208,0.026000000000000002,0.0025,0.0028000000000000004,0.0076,0.016,0.018000000000000002,0.02,0.021,21.99999999999997,75.0
2019-07-26,0.018600000000000002,0.018500000000000003,0.0208,0.0259,0.0028000000000000004,0.003,0.0078000000000000005,0.015700000000000002,0.0178,0.0199,0.0212,21.99999999999997,73.99999999999997
2019-07-29,0.018500000000000003,0.0184,0.0206,0.0259,0.0027,0.0029,0.0078000000000000005,0.015700000000000002,0.0177,0.0197,0.0212,20.99999999999998,75.0
2019-07-30,0.018500000000000003,0.0184,0.0206,0.0258,0.0026,0.0028000000000000004,0.0077,0.0158,0.0178,0.019799999999999998,0.0208,20.99999999999998,74.0
2019-07-31,0.0189,0.0184,0.0202,0.0253,0.0028000000000000004,0.0026,0.0072,0.015600000000000001,0.0176,0.0196,0.0208,12.999999999999991,69.0
2019-08-01,0.0173,0.0168,0.019,0.024399999999999998,0.0021,0.002,0.0070999999999999995,0.0147,0.017,0.019299999999999998,0.0207,17.0,75.99999999999999
2019-08-02,0.0172,0.0166,0.018600000000000002,0.0239,0.0021,0.002,0.0069,0.014499999999999999,0.0166,0.0187,0.0206,14.00000000000002,73.00000000000001
2019-08-05,0.0159,0.0155,0.0175,0.023,0.0016,0.0015,0.006500000000000001,0.0139,0.016,0.0181,0.020499999999999997,16.000000000000007,75.0
2019-08-06,0.016,0.015300000000000001,0.0173,0.0225,0.0013,0.0011,0.006,0.013999999999999999,0.016200000000000003,0.0184,0.020499999999999997,12.999999999999991,71.99999999999999
2019-08-07,0.0159,0.0152,0.0171,0.0222,0.0014000000000000002,0.0009,0.005600000000000001,0.0138,0.016200000000000003,0.018600000000000002,0.0202,11.999999999999996,70.00000000000001
2019-08-08,0.016200000000000003,0.0154,0.0172,0.0225,0.0011,0.0007000000000000001,0.0054,0.0143,0.0165,0.0187,0.0202,9.999999999999973,70.99999999999999
2019-08-09,0.0163,0.015700000000000002,0.0174,0.0226,0.0013,0.0008,0.0055000000000000005,0.0144,0.0166,0.018799999999999997,0.02,11.000000000000004,68.99999999999996
2019-08-12,0.0158,0.0149,0.0165,0.021400000000000002,0.001,0.0004,0.004699999999999999,0.0139,0.0161,0.0183,0.02,6.999999999999992,65.00000000000003
2019-08-13,0.0166,0.015700000000000002,0.0168,0.0215,0.0013,0.0005,0.0049,0.0144,0.0163,0.0182,0.02,1.999999999999988,57.999999999999964
2019-08-14,0.0158,0.0151,0.0159,0.0203,0.0015,0.0002,0.0044,0.013600000000000001,0.015700000000000002,0.0178,0.0196,0.999999999999994,51.99999999999998
2019-08-15,0.0148,0.014199999999999999,0.0152,0.019799999999999998,0.0008,-0.0002,0.0040999999999999995,0.0134,0.0154,0.0174,0.0191,3.9999999999999933,55.99999999999999
2019-08-16,0.0148,0.014199999999999999,0.0155,0.020099999999999996,0.0008,0.0001,0.0044,0.0134,0.0154,0.0174,0.0187,6.999999999999992,58.99999999999997
2019-08-19,0.015300000000000001,0.0147,0.016,0.0208,0.0011,0.0004,0.0049,0.013600000000000001,0.015600000000000001,0.0176,0.0194,6.999999999999992,60.99999999999999
2019-08-20,0.015,0.014199999999999999,0.0155,0.0204,0.0008,0.0002,0.0048,0.0134,0.015300000000000001,0.0172,0.0194,5.000000000000004,62.00000000000002
2019-08-21,0.015600000000000001,0.0147,0.0159,0.0207,0.0013,0.0005,0.005,0.0134,0.0154,0.0174,0.0197,2.999999999999999,60.0
2019-08-22,0.0161,0.015,0.016200000000000003,0.021099999999999997,0.0015,0.0007000000000000001,0.0051,0.013500000000000002,0.0155,0.0175,0.02,1.0000000000000286,60.99999999999998
2019-08-23,0.0151,0.013999999999999999,0.0152,0.0202,0.0005,-0.0002,0.0042,0.013500000000000002,0.0154,0.0173,0.0197,0.999999999999994,62.00000000000001
2019-08-26,0.0154,0.0143,0.0154,0.0204,0.0009,0.0,0.0044,0.0134,0.0154,0.0174,0.020099999999999996,0.0,61.000000000000014
2019-08-27,0.015300000000000001,0.013999999999999999,0.0149,0.0197,0.0004,-0.0006,0.0036,0.013600000000000001,0.0155,0.0174,0.019799999999999998,-4.000000000000011,57.0
2019-08-28,0.015,0.0137,0.0147,0.0194,0.0001,-0.0008,0.0032,0.013600000000000001,0.0155,0.0174,0.0199,-2.999999999999999,57.0
2019-08-29,0.015300000000000001,0.013999999999999999,0.015,0.0197,0.0001,-0.0009,0.0031,0.0139,0.0159,0.0179,0.0199,-3.0000000000000164,57.0
2019-08-30,0.015,0.0139,0.015,0.0196,0.0004,-0.0005,0.0034999999999999996,0.013500000000000002,0.0155,0.0175,0.0199,0.0,57.0
2019-09-03,0.0147,0.013500000000000002,0.0147,0.0195,0.0006,-0.0003,0.0037,0.0129,0.015,0.0171,0.019799999999999998,0.0,59.999999999999986
2019-09-04,0.0143,0.0132,0.0147,0.0197,0.0001,-0.0004,0.0039000000000000003,0.0131,0.0151,0.0171,0.0197,3.9999999999999933,64.99999999999999
2019-09-05,0.0155,0.0143,0.015700000000000002,0.0206,0.0008,0.0001,0.0043,0.013500000000000002,0.015600000000000001,0.0177,0.0197,2.0000000000000226,63.0
2019-09-06,0.015300000000000001,0.014199999999999999,0.0155,0.0202,0.0007000000000000001,0.0001,0.0040999999999999995,0.013500000000000002,0.0154,0.0173,0.0196,1.999999999999988,60.0
2019-09-09,0.0158,0.0149,0.0163,0.021099999999999997,0.0011,0.0006,0.004699999999999999,0.0138,0.015700000000000002,0.0176,0.0196,4.99999999999997,61.99999999999997
2019-09-10,0.0167,0.0158,0.0172,0.0219,0.0018,0.0012,0.0054,0.013999999999999999,0.016,0.018000000000000002,0.0195,5.000000000000004,60.99999999999998
2019-09-11,0.0168,0.016,0.0175,0.0222,0.002,0.0015,0.005600000000000001,0.013999999999999999,0.016,0.018000000000000002,0.0196,7.000000000000027,62.00000000000001
2019-09-12,0.0172,0.0165,0.0179,0.0222,0.0022,0.0016,0.0058,0.0143,0.0163,0.0183,0.0195,6.999999999999992,57.0
2019-09-13,0.0179,0.0175,0.019,0.023700000000000002,0.0029,0.0023,0.006500000000000001,0.0146,0.0167,0.018799999999999997,0.0196,11.000000000000004,62.00000000000001
2019-09-16,0.0174,0.0169,0.0184,0.0231,0.0021,0.0017000000000000001,0.0059,0.0148,0.0167,0.018600000000000002,0.0199,10.000000000000009,62.00000000000001
2019-09-17,0.0172,0.0166,0.0181,0.0227,0.002,0.0015,0.005600000000000001,0.0146,0.0166,0.018600000000000002,0.0199,9.000000000000014,61.000000000000014
2019-09-18,0.0177,0.0168,0.018000000000000002,0.0225,0.0028000000000000004,0.0021,0.0059,0.013999999999999999,0.0159,0.0178,0.0195,3.0000000000000164,57.0
2019-09-19,0.0174,0.0166,0.0179,0.0222,0.0025,0.0018,0.005699999999999999,0.0141,0.0161,0.0181,0.019299999999999998,5.000000000000004,56.00000000000001
2019-09-20,0.0169,0.0161,0.0174,0.0217,0.0019,0.0013,0.005,0.014199999999999999,0.0161,0.018000000000000002,0.0191,5.000000000000004,56.00000000000001
2019-09-23,0.0168,0.0159,0.0172,0.0216,0.0017000000000000001,0.0011,0.0049,0.014199999999999999,0.0161,0.018000000000000002,0.0194,4.000000000000011,57.0
2019-09-24,0.016,0.0152,0.016399999999999998,0.0209,0.0013,0.0006,0.0045000000000000005,0.0139,0.0158,0.0177,0.0192,3.999999999999976,56.999999999999986
2019-09-25,0.0168,0.016,0.0173,0.0218,0.0019,0.0013,0.0052,0.0141,0.016,0.0179,0.0189,5.000000000000004,57.99999999999999
2019-09-26,0.0166,0.0159,0.017,0.0215,0.0019,0.0013,0.0051,0.013999999999999999,0.015700000000000002,0.0174,0.0183,4.000000000000011,55.99999999999997
2019-09-27,0.0163,0.015600000000000001,0.0169,0.0213,0.002,0.0016,0.0053,0.013600000000000001,0.015300000000000001,0.017,0.018000000000000002,5.999999999999998,56.999999999999986
2019-09-30,0.0163,0.0155,0.0168,0.0212,0.002,0.0015,0.0053,0.013500000000000002,0.015300000000000001,0.0171,0.018799999999999997,5.000000000000004,57.0
2019-10-01,0.015600000000000001,0.0151,0.0165,0.021099999999999997,0.0018,0.0013,0.0052,0.013300000000000001,0.0152,0.0171,0.0182,8.999999999999998,59.999999999999964
2019-10-02,0.0148,0.0143,0.016,0.0209,0.0014000000000000002,0.001,0.0051,0.0129,0.015,0.0171,0.0179,11.999999999999996,65.99999999999999
2019-10-03,0.0139,0.0134,0.0154,0.0204,0.0009,0.0006,0.0048,0.0125,0.0148,0.0171,0.017,15.000000000000014,70.00000000000001
2019-10-04,0.013999999999999999,0.0134,0.0152,0.020099999999999996,0.0007000000000000001,0.0002,0.0043,0.0127,0.015,0.0173,0.0171,12.000000000000014,66.99999999999996
2019-10-07,0.0146,0.0138,0.015600000000000001,0.020499999999999997,0.0011,0.0005,0.0046,0.0127,0.0151,0.0175,0.0175,10.000000000000009,66.99999999999997
2019-10-08,0.014199999999999999,0.013600000000000001,0.0154,0.0204,0.0011,0.0006,0.0048,0.0125,0.0148,0.0171,0.0172,12.000000000000014,68.0
2019-10-09,0.0147,0.013999999999999999,0.0159,0.0208,0.0016,0.001,0.0052,0.0124,0.0149,0.0174,0.0169,12.000000000000014,68.0
2019-10-10,0.015300000000000001,0.0148,0.0167,0.0216,0.0019,0.0015,0.005699999999999999,0.0129,0.0152,0.0175,0.0168,13.999999999999984,68.0
2019-10-11,0.0163,0.0159,0.0176,0.0222,0.0025,0.002,0.0059,0.0134,0.015600000000000001,0.0178,0.0168,13.000000000000025,63.0
2019-10-15,0.0161,0.0159,0.0177,0.0223,0.0026,0.0021,0.0059,0.013300000000000001,0.015600000000000001,0.0179,0.0167,16.000000000000007,63.99999999999999
2019-10-16,0.0158,0.015700000000000002,0.0175,0.0223,0.0022,0.0018,0.006,0.013500000000000002,0.015700000000000002,0.0179,0.0166,17.0,65.99999999999999
2019-10-17,0.016,0.015700000000000002,0.0176,0.022400000000000003,0.0005,0.0017000000000000001,0.0059,0.0152,0.0159,0.0166,0.0166,16.000000000000007,67.00000000000001
2019-10-18,0.0158,0.015600000000000001,0.0176,0.0225,0.0004,0.0016,0.0058,0.0152,0.016,0.0168,0.0166,17.999999999999996,68.99999999999999
2019-10-21,0.016200000000000003,0.0161,0.018000000000000002,0.022799999999999997,0.0008,0.0019,0.006,0.015300000000000001,0.0161,0.0169,0.0167,17.999999999999996,66.99999999999997
2019-10-22,0.016,0.016,0.0178,0.0226,0.0007000000000000001,0.0017000000000000001,0.0058,0.015300000000000001,0.0161,0.0169,0.0165,17.999999999999996,65.99999999999999
2019-10-23,0.0158,0.0158,0.0177,0.0225,0.0006,0.0016,0.005600000000000001,0.0152,0.0161,0.017,0.0165,18.99999999999999,66.99999999999997
2019-10-24,0.0158,0.0158,0.0177,0.0226,0.0006,0.0015,0.005600000000000001,0.0152,0.016200000000000003,0.0172,0.0167,18.99999999999999,67.99999999999997
2019-10-25,0.0163,0.016200000000000003,0.018000000000000002,0.0229,0.0007000000000000001,0.0015,0.005600000000000001,0.0155,0.0165,0.0175,0.0166,17.000000000000036,66.99999999999997
2019-10-28,0.016399999999999998,0.0166,0.018500000000000003,0.023399999999999997,0.0013,0.0021,0.0060999999999999995,0.015300000000000001,0.016399999999999998,0.0175,0.0165,21.000000000000046,67.99999999999997
2019-10-29,0.016399999999999998,0.0166,0.0184,0.0233,0.0015,0.0023,0.0064,0.0151,0.0161,0.0171,0.0163,20.000000000000018,67.00000000000001
2019-10-30,0.0161,0.0161,0.0178,0.0226,0.0014000000000000002,0.0021,0.006,0.0147,0.015700000000000002,0.0167,0.016200000000000003,17.0,64.99999999999999
2019-10-31,0.0152,0.0151,0.0169,0.0217,0.0007000000000000001,0.0015,0.0055000000000000005,0.0144,0.0154,0.016399999999999998,0.0154,16.999999999999982,66.0
2019-11-01,0.015600000000000001,0.0155,0.0173,0.022099999999999998,0.0005,0.0014000000000000002,0.0054,0.015,0.0159,0.0168,0.0152,16.999999999999982,65.99999999999999
2019-11-04,0.016,0.016,0.0179,0.0227,0.0004,0.0015,0.005600000000000001,0.015600000000000001,0.016399999999999998,0.0172,0.015300000000000001,18.99999999999999,67.00000000000001
2019-11-05,0.0163,0.0166,0.018600000000000002,0.023399999999999997,0.0008,0.0018,0.0058,0.0158,0.0168,0.0178,0.015600000000000001,23.000000000000036,67.99999999999997
2019-11-06,0.0161,0.0163,0.0181,0.023,0.0006,0.0015,0.0054,0.015700000000000002,0.0166,0.0175,0.015600000000000001,20.000000000000018,67.00000000000001
2019-11-07,0.0168,0.0174,0.0192,0.024,0.0013,0.0023,0.0060999999999999995,0.0161,0.0169,0.0177,0.015600000000000001,23.999999999999993,66.00000000000001
2019-11-08,0.0168,0.0174,0.0194,0.024300000000000002,0.0011,0.0023,0.0063,0.0163,0.0171,0.0179,0.0155,26.000000000000018,69.00000000000003
2019-11-12,0.0166,0.0173,0.0192,0.0239,0.0013,0.0022,0.0060999999999999995,0.016,0.017,0.018000000000000002,0.0159,25.999999999999982,66.00000000000001
2019-11-13,0.0163,0.0169,0.018799999999999997,0.0236,0.0011,0.0022,0.006,0.0158,0.0166,0.0174,0.015700000000000002,24.999999999999986,67.00000000000001
2019-11-14,0.0158,0.0163,0.0182,0.0231,0.0009,0.002,0.0058,0.0154,0.016200000000000003,0.017,0.015700000000000002,23.999999999999993,68.0
2019-11-15,0.0161,0.0165,0.0184,0.0231,0.0013,0.0021,0.0059,0.0152,0.0163,0.0174,0.015700000000000002,23.0,65.99999999999999
2019-11-18,0.016,0.0163,0.0181,0.023,0.0009,0.0018,0.005699999999999999,0.0154,0.0163,0.0172,0.015700000000000002,21.00000000000001,67.00000000000001
2019-11-19,0.016,0.0163,0.0179,0.0226,0.001,0.0016,0.0053,0.015300000000000001,0.0163,0.0173,0.015700000000000002,18.99999999999999,63.0
2019-11-20,0.015600000000000001,0.0158,0.0173,0.022000000000000002,0.0007000000000000001,0.0013,0.0049,0.0151,0.016,0.0169,0.015700000000000002,16.999999999999982,62.00000000000001
2019-11-21,0.016,0.016200000000000003,0.0177,0.022400000000000003,0.0009,0.0014000000000000002,0.0051,0.015300000000000001,0.0163,0.0173,0.0158,17.0,62.00000000000001
2019-11-22,0.0161,0.016200000000000003,0.0177,0.0222,0.0009,0.0015,0.0049,0.015300000000000001,0.016200000000000003,0.0171,0.0158,16.000000000000007,59.999999999999986
2019-11-25,0.0161,0.016200000000000003,0.0176,0.022099999999999998,0.0009,0.0014000000000000002,0.004699999999999999,0.015300000000000001,0.016200000000000003,0.0171,0.0161,15.000000000000014,58.99999999999996
2019-11-26,0.0158,0.0158,0.0174,0.0218,0.0006,0.0012,0.0044,0.0152,0.016200000000000003,0.0172,0.016,15.999999999999973,59.999999999999986
2019-11-27,0.0163,0.0163,0.0177,0.0219,0.0009,0.0014000000000000002,0.004699999999999999,0.0154,0.0163,0.0172,0.016200000000000003,14.00000000000002,56.00000000000001
2019-11-29,0.0161,0.016200000000000003,0.0178,0.022099999999999998,0.0012,0.0017000000000000001,0.005,0.015,0.0161,0.0172,0.0159,17.0,58.99999999999996
2019-12-02,0.0161,0.0165,0.0183,0.022799999999999997,0.0011,0.0018,0.0054,0.0154,0.0165,0.0176,0.016,22.000000000000007,62.999999999999964
2019-12-03,0.015300000000000001,0.0154,0.0172,0.0217,0.0003,0.0009,0.0044,0.0151,0.0163,0.0175,0.015700000000000002,18.99999999999999,63.0
2019-12-04,0.0158,0.016,0.0177,0.0222,0.0006,0.0011,0.004699999999999999,0.0154,0.0166,0.0178,0.0155,18.99999999999999,62.00000000000001
2019-12-05,0.0158,0.016200000000000003,0.018000000000000002,0.022400000000000003,0.0007000000000000001,0.0013,0.0049,0.0155,0.0167,0.0179,0.0154,22.000000000000007,62.00000000000001
2019-12-06,0.0161,0.0167,0.0184,0.0229,0.0008,0.0015,0.0051,0.0159,0.0169,0.0179,0.015300000000000001,23.0,62.00000000000001
2019-12-09,0.0163,0.0167,0.0183,0.0227,0.0008,0.0014000000000000002,0.0051,0.0159,0.0169,0.0179,0.0154,20.000000000000018,60.00000000000002
2019-12-10,0.0165,0.0168,0.018500000000000003,0.0226,0.0009,0.0014000000000000002,0.005,0.0159,0.0171,0.0183,0.015600000000000001,20.000000000000018,57.99999999999999
2019-12-11,0.0161,0.016399999999999998,0.0179,0.0223,0.0004,0.001,0.004699999999999999,0.016,0.0169,0.0178,0.015700000000000002,17.999999999999996,59.00000000000002
2019-12-12,0.0166,0.0173,0.019,0.0232,0.0011,0.0018,0.0053,0.016200000000000003,0.0172,0.0182,0.015600000000000001,23.999999999999993,58.99999999999999
2019-12-13,0.0161,0.0166,0.0182,0.0226,0.0004,0.0012,0.005,0.016200000000000003,0.017,0.0178,0.015700000000000002,21.00000000000001,59.999999999999986
2019-12-16,0.0165,0.0172,0.0189,0.023,0.0008,0.0016,0.0052,0.016399999999999998,0.0173,0.0182,0.015700000000000002,23.999999999999993,57.99999999999999
2019-12-17,0.0163,0.0171,0.0189,0.0231,0.0006,0.0014000000000000002,0.0052,0.0165,0.0175,0.018500000000000003,0.015600000000000001,26.000000000000018,59.999999999999986
2019-12-18,0.0163,0.0174,0.0192,0.0235,0.0006,0.0016,0.0054,0.0168,0.0176,0.0184,0.015600000000000001,28.999999999999996,61.000000000000014
2019-12-19,0.016200000000000003,0.0173,0.0192,0.0235,0.0005,0.0015,0.0052,0.0168,0.0177,0.018600000000000002,0.015700000000000002,29.999999999999957,62.00000000000001
2019-12-20,0.0163,0.0173,0.0192,0.023399999999999997,0.0006,0.0015,0.0052,0.0167,0.0177,0.0187,0.0158,28.999999999999996,60.99999999999998
2019-12-23,0.016399999999999998,0.0175,0.019299999999999998,0.0235,0.0008,0.0018,0.0055000000000000005,0.0167,0.0175,0.0183,0.0159,28.999999999999996,59.999999999999986
2019-12-24,0.016200000000000003,0.0172,0.019,0.0233,0.0005,0.0015,0.0053,0.0167,0.0175,0.0183,0.0158,27.999999999999968,61.000000000000014
2019-12-26,0.016399999999999998,0.0172,0.019,0.0233,0.0006,0.0016,0.0054,0.0166,0.0174,0.0182,0.0158,26.000000000000018,61.000000000000014
2019-12-27,0.0159,0.0168,0.018799999999999997,0.0232,0.0004,0.0015,0.0054,0.016399999999999998,0.0173,0.0182,0.015700000000000002,28.999999999999964,63.99999999999999
2019-12-30,0.0158,0.0168,0.019,0.023399999999999997,0.0002,0.0015,0.0055000000000000005,0.0166,0.0175,0.0184,0.015700000000000002,31.99999999999998,65.99999999999999
2019-12-31,0.0158,0.0169,0.0192,0.0239,0.0001,0.0015,0.0058,0.0168,0.0177,0.018600000000000002,0.0155,33.999999999999964,70.00000000000003
2020-01-02,0.0158,0.0167,0.018799999999999997,0.0233,-0.0005,0.0008,0.005,0.0172,0.018000000000000002,0.018799999999999997,0.0154,29.999999999999957,66.00000000000001
2020-01-03,0.015300000000000001,0.0159,0.018000000000000002,0.0226,-0.001,0.0003,0.0045000000000000005,0.0169,0.0177,0.018500000000000003,0.0152,27.00000000000001,66.99999999999997
2020-01-06,0.0154,0.0161,0.0181,0.022799999999999997,-0.0008,0.0006,0.0048,0.0169,0.0175,0.0181,0.015600000000000001,27.00000000000001,66.99999999999997
2020-01-07,0.0154,0.016200000000000003,0.0183,0.0231,-0.0005,0.0009,0.0052,0.0167,0.0174,0.0181,0.0154,28.999999999999996,68.99999999999996
2020-01-08,0.0158,0.0167,0.0187,0.0235,-0.0001,0.0012,0.0054,0.0168,0.0175,0.0182,0.0154,28.999999999999996,68.0
2020-01-09,0.0158,0.0165,0.018500000000000003,0.023799999999999998,-0.0002,0.0011,0.0052,0.0167,0.0174,0.0181,0.0154,27.00000000000001,72.99999999999997
2020-01-10,0.015600000000000001,0.0163,0.0183,0.022799999999999997,-0.0004,0.0007000000000000001,0.004699999999999999,0.0167,0.0176,0.018500000000000003,0.0154,26.999999999999993,64.99999999999999
2020-01-13,0.0158,0.0165,0.018500000000000003,0.023,-0.0005,0.0008,0.0048,0.017,0.0177,0.0184,0.015700000000000002,27.00000000000001,64.99999999999999
2020-01-14,0.0158,0.0163,0.0182,0.0227,-0.0007000000000000001,0.0005,0.0046,0.017,0.0177,0.0184,0.015700000000000002,23.999999999999993,64.00000000000003
2020-01-15,0.015600000000000001,0.016,0.0179,0.0223,-0.0007000000000000001,0.0004,0.0044,0.0167,0.0175,0.0183,0.015700000000000002,22.999999999999982,63.0
2020-01-16,0.0158,0.0163,0.0181,0.0226,-0.0005,0.0007000000000000001,0.0046,0.0168,0.0174,0.018000000000000002,0.0155,23.0,63.0
2020-01-17,0.0158,0.0163,0.0184,0.0229,-0.0005,0.0009,0.0049,0.0168,0.0175,0.0182,0.015600000000000001,25.999999999999982,66.00000000000001
2020-01-21,0.015300000000000001,0.015700000000000002,0.0178,0.0223,-0.0009,0.0004,0.0044,0.0166,0.0174,0.0182,0.015600000000000001,24.999999999999986,65.99999999999999
2020-01-22,0.015300000000000001,0.015700000000000002,0.0177,0.0222,-0.0007000000000000001,0.0005,0.0044,0.016399999999999998,0.0172,0.018000000000000002,0.0155,23.999999999999993,64.99999999999999
2020-01-23,0.0151,0.0155,0.0174,0.0218,-0.0009,0.0004,0.0040999999999999995,0.016399999999999998,0.017,0.0176,0.0155,22.999999999999982,63.0
2020-01-24,0.0149,0.0151,0.017,0.021400000000000002,-0.0011,0.0002,0.0038,0.016200000000000003,0.0168,0.0174,0.0154,21.00000000000001,63.00000000000002
2020-01-27,0.0144,0.0144,0.0161,0.020499999999999997,-0.0012,-0.0002,0.0033,0.015600000000000001,0.0163,0.017,0.0155,17.0,60.99999999999998
2020-01-28,0.014499999999999999,0.0147,0.0165,0.021,-0.0012,0.0,0.0036,0.0159,0.0165,0.0171,0.015700000000000002,20.000000000000018,63.00000000000002
2020-01-29,0.014199999999999999,0.0141,0.016,0.020499999999999997,-0.0017000000000000001,-0.0004,0.0032,0.0158,0.016399999999999998,0.017,0.015600000000000001,18.000000000000014,63.99999999999998
2020-01-30,0.0141,0.0139,0.015700000000000002,0.0204,-0.002,-0.0007000000000000001,0.003,0.0159,0.016399999999999998,0.0169,0.015700000000000002,16.000000000000025,65.00000000000003
2020-01-31,0.013300000000000001,0.0132,0.0151,0.0199,-0.0028000000000000004,-0.0014000000000000002,0.0026,0.016,0.0165,0.017,0.0155,17.999999999999996,67.00000000000001
2020-02-03,0.013600000000000001,0.013500000000000002,0.0154,0.020099999999999996,-0.0021,-0.0009,0.003,0.015600000000000001,0.0163,0.017,0.015700000000000002,17.999999999999996,65.99999999999994
2020-02-04,0.0141,0.014199999999999999,0.0161,0.0208,-0.0016,-0.0003,0.0036,0.0158,0.016399999999999998,0.017,0.015700000000000002,20.0,66.0
2020-02-05,0.0144,0.0146,0.0166,0.021400000000000002,-0.0015,0.0,0.004,0.0161,0.0166,0.0171,0.015700000000000002,22.000000000000007,68.00000000000003
2020-02-06,0.0144,0.014499999999999999,0.0165,0.021099999999999997,-0.0016,-0.0002,0.0036,0.0161,0.0167,0.0173,0.015700000000000002,21.00000000000001,65.99999999999999
2020-02-07,0.0141,0.0141,0.0159,0.020499999999999997,-0.002,-0.0007000000000000001,0.0031,0.0161,0.0166,0.0171,0.015600000000000001,18.000000000000014,63.99999999999998
2020-02-10,0.0137,0.0138,0.015600000000000001,0.0203,-0.0024,-0.001,0.003,0.016200000000000003,0.0166,0.017,0.0158,19.000000000000007,64.99999999999999
2020-02-11,0.0141,0.013999999999999999,0.0159,0.020499999999999997,-0.002,-0.0006,0.0034000000000000002,0.016,0.0165,0.017,0.015700000000000002,18.000000000000014,64.99999999999999
2020-02-12,0.0144,0.014499999999999999,0.016200000000000003,0.0209,-0.0019,-0.0004,0.0036,0.016399999999999998,0.0166,0.0168,0.0158,18.00000000000003,63.99999999999999
2020-02-13,0.0144,0.0143,0.0161,0.0207,-0.0022,-0.0006,0.0033,0.0165,0.0167,0.0169,0.0159,17.0,63.99999999999999
2020-02-14,0.014199999999999999,0.014199999999999999,0.0159,0.0204,-0.0022,-0.0007000000000000001,0.0032,0.016399999999999998,0.0166,0.0168,0.0158,17.000000000000018,62.00000000000002
2020-02-18,0.0141,0.0139,0.0155,0.02,-0.0025,-0.001,0.0028000000000000004,0.016399999999999998,0.0165,0.0166,0.0158,14.000000000000002,61.000000000000014
2020-02-19,0.014199999999999999,0.0141,0.015600000000000001,0.020099999999999996,-0.0024,-0.0009,0.0029,0.0165,0.0165,0.0165,0.0158,14.00000000000002,59.999999999999964
2020-02-20,0.0139,0.0137,0.0152,0.0197,-0.0026,-0.0011,0.0026,0.0163,0.0163,0.0163,0.0158,13.000000000000009,59.999999999999986
2020-02-21,0.0134,0.013000000000000001,0.0146,0.019,-0.003,-0.0015,0.0022,0.016,0.0161,0.016200000000000003,0.015600000000000001,11.999999999999996,59.999999999999986
2020-02-24,0.0126,0.0121,0.0138,0.0184,-0.0036,-0.0021,0.0019,0.015700000000000002,0.0159,0.0161,0.015300000000000001,11.999999999999996,63.0
2020-02-25,0.012,0.0116,0.013300000000000001,0.018000000000000002,-0.0036,-0.002,0.0019,0.0152,0.015300000000000001,0.0154,0.015300000000000001,13.000000000000009,64.00000000000003
2020-02-26,0.0116,0.011399999999999999,0.013300000000000001,0.0181,-0.0036,-0.0021,0.002,0.015,0.0154,0.0158,0.015300000000000001,17.000000000000018,67.00000000000003
2020-02-27,0.0111,0.0111,0.013000000000000001,0.0179,-0.0037,-0.0023,0.0019,0.0148,0.015300000000000001,0.0158,0.014499999999999999,19.000000000000007,67.99999999999999
2020-02-28,0.0086,0.0089,0.0113,0.0165,-0.0044,-0.0028000000000000004,0.0024,0.013300000000000001,0.0141,0.0149,0.0127,26.999999999999993,76.00000000000001
2020-03-02,0.0084,0.0088,0.011000000000000001,0.0166,-0.0044,-0.0031,0.0011,0.0132,0.0141,0.015,0.0113,26.000000000000018,78.0
2020-03-03,0.0070999999999999995,0.0077,0.0102,0.016399999999999998,-0.005699999999999999,-0.0043,0.0005,0.0134,0.014499999999999999,0.015600000000000001,0.0095,31.00000000000001,86.99999999999997
2020-03-04,0.0067,0.0075,0.0102,0.0167,-0.0059,-0.0044,0.0004,0.0134,0.0146,0.0158,0.0072,35.00000000000001,92.0
2020-03-05,0.0059,0.0067,0.0092,0.015600000000000001,-0.0060999999999999995,-0.0048,-0.0001,0.0128,0.013999999999999999,0.0152,0.0062,33.0,89.00000000000001
2020-03-06,0.0049,0.0058,0.0074,0.0125,-0.005600000000000001,-0.005699999999999999,-0.0022,0.011399999999999999,0.0131,0.0148,0.0045000000000000005,25.000000000000004,67.00000000000001
2020-03-09,0.0038,0.0046,0.0054,0.009899999999999999,-0.0034000000000000002,-0.0045000000000000005,-0.002,0.008,0.009899999999999999,0.0118,0.0033,16.000000000000004,52.99999999999999
2020-03-10,0.005,0.0063,0.0076,0.0128,-0.0014000000000000002,-0.0024,0.0006,0.0077,0.01,0.0123,0.0044,26.0,65.0
2020-03-11,0.005,0.0066,0.008199999999999999,0.013000000000000001,-0.0003,-0.0014000000000000002,0.0013,0.0069,0.0096,0.0123,0.0042,31.99999999999999,64.00000000000001
2020-03-12,0.005,0.0066,0.0088,0.0149,0.0003,-0.0004,0.003,0.0063,0.0092,0.0121,0.0033,38.00000000000001,83.0
2020-03-13,0.0049,0.006999999999999999,0.009399999999999999,0.015600000000000001,0.0017000000000000001,0.0004,0.0039000000000000003,0.0053,0.009000000000000001,0.0127,0.0028000000000000004,44.999999999999986,86.00000000000001
2020-03-16,0.0036,0.0049,0.0073,0.0134,0.0019,0.0,0.0031,0.003,0.0073,0.0116,0.0024,37.0,85.0
2020-03-17,0.004699999999999999,0.0066,0.0102,0.0163,0.005,0.0039000000000000003,0.0067,0.0016,0.0063,0.011000000000000001,0.0019,55.000000000000014,96.99999999999999
2020-03-18,0.0054,0.0079,0.0118,0.0177,0.0063,0.0055000000000000005,0.0075,0.0016,0.0063,0.011000000000000001,0.0002,63.99999999999999,98.0
2020-03-19,0.0044,0.0066,0.011200000000000002,0.0178,0.0052,0.0062,0.0078000000000000005,0.0014000000000000002,0.005,0.0086,0.0004,68.00000000000001,112.0
2020-03-20,0.0037,0.0052,0.0092,0.0155,0.0021,0.0017000000000000001,0.0034000000000000002,0.0031,0.0075,0.011899999999999999,0.0005,55.0,103.0
2020-03-23,0.0028000000000000004,0.0038,0.0076,0.013300000000000001,0.0001,-0.0004,-0.0001,0.0037,0.008,0.0123,0.0002,47.99999999999999,95.00000000000001
2020-03-24,0.0038,0.0052,0.0084,0.0139,-0.0003,-0.0013,-0.0007000000000000001,0.0055000000000000005,0.0097,0.0139,0.0001,46.0,87.0
2020-03-25,0.0034000000000000002,0.005600000000000001,0.0088,0.014499999999999999,-0.0013,-0.0019,0.0,0.0069,0.010700000000000001,0.014499999999999999,0.0,54.0,88.99999999999999
2020-03-26,0.003,0.0051,0.0083,0.014199999999999999,-0.0021,-0.0024,-0.0005,0.0072,0.010700000000000001,0.014199999999999999,0.0,53.0,90.99999999999999
2020-03-27,0.0025,0.0040999999999999995,0.0072,0.0129,-0.0013,-0.0022,-0.0003,0.0054,0.009399999999999999,0.0134,0.0003,46.99999999999999,88.0
2020-03-30,0.0023,0.0039000000000000003,0.006999999999999999,0.0131,-0.0018,-0.0025,0.0004,0.005699999999999999,0.0095,0.013300000000000001,0.0012,46.99999999999999,92.0
2020-03-31,0.0023,0.0037,0.006999999999999999,0.013500000000000002,-0.0012,-0.0017000000000000001,0.0016,0.0049,0.0087,0.0125,0.0011,46.99999999999999,98.00000000000001
2020-04-01,0.0023,0.0037,0.0062,0.0127,-0.0019,-0.0029,0.0007000000000000001,0.005600000000000001,0.0091,0.0126,0.0009,39.0,90.0
2020-04-02,0.0023,0.0039000000000000003,0.0063,0.0126,-0.0034000000000000002,-0.004,-0.0003,0.0073,0.0103,0.013300000000000001,0.0009,40.0,87.0
2020-04-03,0.0023,0.0039000000000000003,0.0062,0.0124,-0.0039000000000000003,-0.0046,-0.0008,0.0078000000000000005,0.0108,0.0138,0.001,39.0,84.99999999999999
2020-04-06,0.0027,0.0044,0.0067,0.0127,-0.0040999999999999995,-0.004699999999999999,-0.0009,0.0085,0.011399999999999999,0.0143,0.0015,40.0,82.99999999999999
2020-04-07,0.0028000000000000004,0.0048,0.0075,0.0132,-0.0038,-0.0042,-0.0006,0.0086,0.011699999999999999,0.0148,0.0014000000000000002,46.99999999999999,84.00000000000001
2020-04-08,0.0027,0.004699999999999999,0.0077,0.0137,-0.004,-0.0042,-0.0004,0.0087,0.011899999999999999,0.0151,0.0022,50.0,90.00000000000001
2020-04-09,0.0023,0.0040999999999999995,0.0073,0.013500000000000002,-0.0049,-0.005,-0.0012,0.009000000000000001,0.0123,0.015600000000000001,0.0025,50.0,94.00000000000001
2020-04-13,0.0025,0.0044,0.0076,0.0139,-0.005,-0.005,-0.0013,0.009399999999999999,0.0126,0.0158,0.0026,51.00000000000001,94.99999999999999
2020-04-14,0.0023,0.0042,0.0076,0.0141,-0.0052,-0.0053,-0.0014000000000000002,0.009399999999999999,0.0129,0.016399999999999998,0.002,53.0,98.99999999999999
2020-04-15,0.002,0.0034000000000000002,0.0063,0.0127,-0.0053,-0.005600000000000001,-0.0019,0.0087,0.011899999999999999,0.0151,0.0014000000000000002,43.0,92.99999999999999
2020-04-16,0.002,0.0034999999999999996,0.0060999999999999995,0.0121,-0.0034999999999999996,-0.0042,-0.0009,0.006999999999999999,0.0103,0.013600000000000001,0.0014000000000000002,40.99999999999999,86.0
2020-04-17,0.002,0.0036,0.006500000000000001,0.0127,-0.0031,-0.0036,-0.0002,0.0067,0.0101,0.013500000000000002,0.0012,45.00000000000001,91.0
2020-04-20,0.002,0.0034999999999999996,0.0063,0.0123,-0.0021,-0.0031,-0.0004,0.005600000000000001,0.009399999999999999,0.0132,0.0012,43.0,88.0
2020-04-21,0.002,0.0034000000000000002,0.0058,0.011699999999999999,-0.0024,-0.0038,-0.0014000000000000002,0.0058,0.0096,0.0134,0.0011,37.99999999999999,82.99999999999999
2020-04-22,0.0022,0.0037,0.0063,0.012199999999999999,-0.0032,-0.0043,-0.0017000000000000001,0.0069,0.0106,0.0143,0.0012,40.99999999999999,84.99999999999999
2020-04-23,0.0022,0.0037,0.0060999999999999995,0.0118,-0.003,-0.0044,-0.002,0.0067,0.0105,0.0143,0.0011,38.99999999999999,81.0
2020-04-24,0.0022,0.0036,0.006,0.011699999999999999,-0.0036,-0.0051,-0.0026,0.0072,0.0111,0.015,0.0012,38.0,81.0
2020-04-27,0.0024,0.0040999999999999995,0.0067,0.0125,-0.0037,-0.005,-0.0024,0.0078000000000000005,0.011699999999999999,0.015600000000000001,0.0012,43.0,84.00000000000001
2020-04-28,0.002,0.0037,0.0062,0.012,-0.0039000000000000003,-0.0052,-0.0026,0.0076,0.011399999999999999,0.0152,0.0011,42.0,83.0
2020-04-29,0.002,0.0036,0.0063,0.0124,-0.0042,-0.0051,-0.0022,0.0078000000000000005,0.011399999999999999,0.015,0.001,43.0,87.99999999999999
2020-04-30,0.002,0.0036,0.0064,0.0128,-0.0036,-0.0043,-0.0012,0.0072,0.010700000000000001,0.014199999999999999,0.0009,44.0,92.0
2020-05-01,0.002,0.0036,0.0064,0.0127,-0.0032,-0.0042,-0.0012,0.0068000000000000005,0.0106,0.0144,0.0012,44.0,91.0
2020-05-04,0.0019,0.0036,0.0064,0.0129,-0.0033,-0.0043,-0.0012,0.0069,0.010700000000000001,0.014499999999999999,0.0013,45.00000000000001,92.99999999999999
2020-05-05,0.0019,0.0036,0.0066,0.0132,-0.0034999999999999996,-0.0044,-0.0012,0.0070999999999999995,0.011000000000000001,0.0149,0.0013,47.0,96.00000000000001
2020-05-06,0.0017000000000000001,0.0037,0.0072,0.0141,-0.0034000000000000002,-0.0038,-0.0004,0.0070999999999999995,0.011000000000000001,0.0149,0.0012,55.0,104.0
2020-05-07,0.0013,0.0029,0.0063,0.0131,-0.0040999999999999995,-0.0045000000000000005,-0.0011,0.006999999999999999,0.0108,0.0146,0.0011,50.0,102.00000000000001
2020-05-08,0.0016,0.0033,0.0069,0.0139,-0.0040999999999999995,-0.0043,-0.0007000000000000001,0.0074,0.011200000000000002,0.015,0.0012,53.0,105.99999999999999
2020-05-11,0.0017000000000000001,0.0036,0.0073,0.0143,-0.0039000000000000003,-0.004,-0.0005,0.0075,0.0113,0.0151,0.0012,56.0,107.00000000000001
2020-05-12,0.0017000000000000001,0.0034000000000000002,0.0069,0.0138,-0.0038,-0.004,-0.0005,0.0072,0.0109,0.0146,0.0013,52.0,104.0
2020-05-13,0.0016,0.0031,0.0064,0.013500000000000002,-0.004,-0.0043,-0.0008,0.0070999999999999995,0.010700000000000001,0.0143,0.0013,48.00000000000001,104.00000000000001
2020-05-14,0.0016,0.0031,0.0063,0.013000000000000001,-0.004,-0.0043,-0.0009,0.0070999999999999995,0.0106,0.0141,0.0012,47.0,99.00000000000001
2020-05-15,0.0016,0.0031,0.0064,0.0132,-0.0044,-0.0045000000000000005,-0.0011,0.0075,0.0109,0.0143,0.0012,48.00000000000001,101.0
2020-05-18,0.0018,0.0038,0.0073,0.0144,-0.0046,-0.0044,-0.0007000000000000001,0.0084,0.011699999999999999,0.015,0.0013,55.0,106.0
2020-05-19,0.0017000000000000001,0.0034999999999999996,0.006999999999999999,0.0143,-0.004699999999999999,-0.0045000000000000005,-0.0006,0.008199999999999999,0.0115,0.0148,0.0013,52.99999999999999,108.0
2020-05-20,0.0016,0.0034000000000000002,0.0068000000000000005,0.013999999999999999,-0.0049,-0.0048,-0.001,0.0083,0.0116,0.0149,0.0012,52.00000000000001,105.99999999999999
2020-05-21,0.0017000000000000001,0.0034999999999999996,0.0068000000000000005,0.013999999999999999,-0.0046,-0.0046,-0.0008,0.008100000000000001,0.011399999999999999,0.0147,0.0012,51.00000000000001,104.99999999999999
2020-05-22,0.0017000000000000001,0.0034000000000000002,0.0066,0.0137,-0.0046,-0.0046,-0.0008,0.008,0.011200000000000002,0.0144,0.0012,49.0,103.0
2020-05-26,0.0018,0.0034999999999999996,0.0069,0.0143,-0.004699999999999999,-0.0044,-0.0003,0.008199999999999999,0.0113,0.0144,0.0014000000000000002,51.00000000000001,108.0
2020-05-27,0.0019,0.0034000000000000002,0.0068000000000000005,0.0144,-0.0048,-0.0046,-0.0003,0.008199999999999999,0.011399999999999999,0.0146,0.0015,49.00000000000001,110.0
2020-05-28,0.0017000000000000001,0.0034000000000000002,0.006999999999999999,0.0147,-0.0052,-0.0048,-0.0005,0.0086,0.0118,0.015,0.0015,52.99999999999999,112.99999999999999
2020-05-29,0.0016,0.003,0.006500000000000001,0.0141,-0.0053,-0.005,-0.0007000000000000001,0.0083,0.0115,0.0147,0.0014000000000000002,49.00000000000001,110.99999999999999
2020-06-01,0.0014000000000000002,0.0031,0.0066,0.0146,-0.0053,-0.0052,-0.0006,0.0084,0.0118,0.0152,0.0014000000000000002,52.0,115.0
2020-06-02,0.0017000000000000001,0.0032,0.0068000000000000005,0.0148,-0.0052,-0.005,-0.0003,0.0084,0.0118,0.0152,0.0015,51.00000000000001,116.00000000000001
2020-06-03,0.0019,0.0038,0.0077,0.015600000000000001,-0.005,-0.0044,0.0002,0.0088,0.0121,0.0154,0.0016,58.00000000000001,118.00000000000001
2020-06-04,0.0019,0.004,0.008199999999999999,0.0161,-0.0048,-0.004,0.0006,0.0088,0.012199999999999999,0.015600000000000001,0.0015,62.99999999999999,121.0
2020-06-05,0.0022,0.004699999999999999,0.0091,0.0168,-0.0048,-0.0036,0.001,0.0095,0.0127,0.0159,0.0015,69.0,121.0
2020-06-08,0.0022,0.0045000000000000005,0.0088,0.0165,-0.0053,-0.004,0.0008,0.0098,0.0128,0.0158,0.0017000000000000001,66.0,120.0
2020-06-09,0.002,0.004,0.0084,0.0159,-0.0058,-0.0042,0.0005,0.0098,0.0126,0.0154,0.0019,63.99999999999999,119.00000000000001
2020-06-10,0.0017000000000000001,0.0033,0.0075,0.015300000000000001,-0.0067,-0.0052,-0.0003,0.01,0.0127,0.0154,0.0017000000000000001,57.99999999999999,120.0
2020-06-11,0.0019,0.0032,0.0066,0.0141,-0.0063,-0.0055000000000000005,-0.001,0.0095,0.0121,0.0147,0.0017000000000000001,47.0,109.0
2020-06-12,0.0019,0.0033,0.0070999999999999995,0.014499999999999999,-0.0062,-0.005,-0.0004,0.0095,0.0121,0.0147,0.0016,52.0,111.99999999999999
2020-06-15,0.0019,0.0033,0.0070999999999999995,0.014499999999999999,-0.006500000000000001,-0.0052,-0.0005,0.0098,0.0123,0.0148,0.0018,52.0,111.99999999999999
2020-06-16,0.0021,0.0034000000000000002,0.0075,0.0154,-0.0068000000000000005,-0.0052,-0.0001,0.0102,0.0127,0.0152,0.0017000000000000001,54.0,120.0
2020-06-17,0.0019,0.0034000000000000002,0.0074,0.0152,-0.0067,-0.0052,-0.0001,0.0101,0.0126,0.0151,0.0017000000000000001,55.00000000000001,118.0
2020-06-18,0.0019,0.0034000000000000002,0.0070999999999999995,0.0147,-0.0078000000000000005,-0.005699999999999999,-0.0007000000000000001,0.011200000000000002,0.0128,0.0144,0.0016,52.0,112.99999999999999
2020-06-19,0.0019,0.0033,0.006999999999999999,0.0147,-0.0073,-0.006,-0.0009,0.0106,0.013000000000000001,0.0154,0.0015,50.99999999999999,114.0
2020-06-22,0.0019,0.0034000000000000002,0.0070999999999999995,0.0146,-0.0077,-0.0063,-0.0012,0.0111,0.0134,0.015700000000000002,0.0016,52.0,112.0
2020-06-23,0.0018,0.0033,0.0072,0.0149,-0.008100000000000001,-0.0066,-0.0014000000000000002,0.011399999999999999,0.0138,0.016200000000000003,0.0016,54.0,115.99999999999999
2020-06-24,0.0019,0.0033,0.0069,0.0144,-0.0077,-0.0064,-0.0014000000000000002,0.011000000000000001,0.013300000000000001,0.015600000000000001,0.0015,50.0,110.99999999999999
2020-06-25,0.0017000000000000001,0.0032,0.0068000000000000005,0.0143,-0.0079,-0.006500000000000001,-0.0016,0.0111,0.013300000000000001,0.0155,0.0016,51.00000000000001,111.0
2020-06-26,0.0017000000000000001,0.003,0.0064,0.0137,-0.008100000000000001,-0.0068000000000000005,-0.002,0.0111,0.0132,0.015300000000000001,0.0014000000000000002,47.0,107.00000000000001
2020-06-29,0.0016,0.0028000000000000004,0.0064,0.0139,-0.0086,-0.006999999999999999,-0.0018,0.011399999999999999,0.0134,0.0154,0.0014000000000000002,48.00000000000001,110.99999999999999
2020-06-30,0.0016,0.0029,0.0066,0.0141,-0.0087,-0.0068000000000000005,-0.0015,0.0116,0.0134,0.0152,0.0016,50.0,112.0
2020-07-01,0.0017000000000000001,0.0031,0.0069,0.0143,-0.0086,-0.0068000000000000005,-0.0015,0.011699999999999999,0.0137,0.015700000000000002,0.0014000000000000002,52.0,112.0
2020-07-02,0.0016,0.0029,0.0068000000000000005,0.0143,-0.0092,-0.0073,-0.0018,0.0121,0.0141,0.0161,0.0014000000000000002,52.00000000000001,114.0
2020-07-06,0.0016,0.0031,0.0069,0.014499999999999999,-0.0097,-0.0076,-0.002,0.0128,0.014499999999999999,0.016200000000000003,0.0015,53.0,113.99999999999999
2020-07-07,0.0016,0.0029,0.006500000000000001,0.0138,-0.0097,-0.0078000000000000005,-0.0023,0.0126,0.0143,0.016,0.0015,49.00000000000001,109.0
2020-07-08,0.0016,0.003,0.0067,0.0139,-0.0095,-0.0075,-0.0019,0.0125,0.014199999999999999,0.0159,0.0015,51.00000000000001,109.0
2020-07-09,0.0016,0.0028000000000000004,0.0062,0.0132,-0.009399999999999999,-0.0077,-0.0024,0.012199999999999999,0.0139,0.015600000000000001,0.0013,46.0,104.0
2020-07-10,0.0016,0.003,0.006500000000000001,0.013300000000000001,-0.0095,-0.0076,-0.0022,0.0125,0.0141,0.015700000000000002,0.0013,49.00000000000001,103.0
2020-07-13,0.0016,0.003,0.0064,0.013300000000000001,-0.0097,-0.0078000000000000005,-0.0024,0.0127,0.014199999999999999,0.015700000000000002,0.0014000000000000002,48.00000000000001,103.0
2020-07-14,0.0014000000000000002,0.0028000000000000004,0.0063,0.013000000000000001,-0.009899999999999999,-0.0078000000000000005,-0.0025,0.0127,0.0141,0.0155,0.0015,49.0,102.00000000000001
2020-07-15,0.0016,0.0028000000000000004,0.0064,0.013300000000000001,-0.01,-0.0077,-0.0024,0.0128,0.0141,0.0154,0.0016,48.00000000000001,105.0
2020-07-16,0.0016,0.0028000000000000004,0.0062,0.0131,-0.0102,-0.0079,-0.0027,0.013000000000000001,0.0141,0.0152,0.0011,46.0,103.0
2020-07-17,0.0014000000000000002,0.0029,0.0064,0.013300000000000001,-0.0106,-0.008199999999999999,-0.0028000000000000004,0.013500000000000002,0.0146,0.015700000000000002,0.0011,50.0,104.00000000000001
2020-07-20,0.0016,0.0029,0.0062,0.0132,-0.0108,-0.0084,-0.003,0.0137,0.0146,0.0155,0.0013,46.0,103.0
2020-07-21,0.0014000000000000002,0.0027,0.0060999999999999995,0.0131,-0.0113,-0.0087,-0.0032,0.013999999999999999,0.0148,0.015600000000000001,0.0013,46.99999999999999,104.0
2020-07-22,0.0014000000000000002,0.0027,0.006,0.0129,-0.0113,-0.0088,-0.0032,0.013999999999999999,0.0148,0.015600000000000001,0.0013,46.0,102.00000000000001
2020-07-23,0.0016,0.0027,0.0059,0.0124,-0.011000000000000001,-0.009000000000000001,-0.0034000000000000002,0.0137,0.0149,0.0161,0.0012,43.0,97.0
2020-07-24,0.0014000000000000002,0.0027,0.0059,0.0123,-0.0108,-0.0092,-0.0037,0.013500000000000002,0.0151,0.0167,0.0011,45.0,96.00000000000001
2020-07-27,0.0015,0.003,0.0062,0.0125,-0.0108,-0.009000000000000001,-0.0036,0.0138,0.0152,0.0166,0.0011,46.99999999999999,95.00000000000001
2020-07-28,0.0014000000000000002,0.0026,0.0059,0.012199999999999999,-0.011000000000000001,-0.0092,-0.0039000000000000003,0.013600000000000001,0.0151,0.0166,0.0011,45.0,95.99999999999999
2020-07-29,0.0012,0.0025,0.0058,0.0124,-0.0113,-0.0095,-0.004,0.0138,0.015300000000000001,0.0168,0.0011,46.0,98.99999999999999
2020-07-30,0.0011,0.0023,0.0055000000000000005,0.012,-0.011399999999999999,-0.0097,-0.0042,0.0137,0.0152,0.0167,0.0009,44.0,97.0
2020-07-31,0.0011,0.0021,0.0055000000000000005,0.012,-0.011899999999999999,-0.01,-0.0045000000000000005,0.013999999999999999,0.0155,0.017,0.0009,44.0,99.00000000000001
2020-08-03,0.0011,0.0022,0.005600000000000001,0.0123,-0.0124,-0.0102,-0.0044,0.0146,0.0158,0.017,0.001,45.00000000000001,101.0
2020-08-04,0.0011,0.0019,0.0052,0.011899999999999999,-0.0126,-0.0105,-0.0046,0.014499999999999999,0.015700000000000002,0.0169,0.0009,40.99999999999999,99.99999999999999
2020-08-05,0.0011,0.0022,0.0055000000000000005,0.012199999999999999,-0.013000000000000001,-0.0106,-0.0045000000000000005,0.0152,0.0161,0.017,0.001,44.0,99.99999999999999
2020-08-06,0.0011,0.0021,0.0055000000000000005,0.012,-0.0132,-0.0108,-0.0045000000000000005,0.015300000000000001,0.0163,0.0173,0.001,44.0,99.00000000000001
2020-08-07,0.0013,0.0023,0.005699999999999999,0.0123,-0.0127,-0.0104,-0.0040999999999999995,0.015,0.0161,0.0172,0.001,43.99999999999999,100.0
2020-08-10,0.0014000000000000002,0.0024,0.0059,0.0125,-0.0125,-0.0102,-0.0040999999999999995,0.0149,0.0161,0.0173,0.0011,45.0,101.00000000000001
2020-08-11,0.0016,0.0027,0.0064,0.0132,-0.0123,-0.009899999999999999,-0.0037,0.015,0.0163,0.0176,0.0011,48.00000000000001,104.99999999999999
2020-08-12,0.0016,0.003,0.0069,0.0137,-0.0126,-0.0098,-0.0034999999999999996,0.015600000000000001,0.0167,0.0178,0.0011,53.0,107.00000000000001
2020-08-13,0.0016,0.0032,0.0070999999999999995,0.014199999999999999,-0.0124,-0.0096,-0.003,0.015600000000000001,0.0167,0.0178,0.001,55.0,110.0
2020-08-14,0.0014000000000000002,0.0029,0.0070999999999999995,0.014499999999999999,-0.0124,-0.009399999999999999,-0.0026,0.015300000000000001,0.0165,0.0177,0.001,56.99999999999999,115.99999999999999
2020-08-17,0.0014000000000000002,0.0029,0.0069,0.0143,-0.0125,-0.0097,-0.0028000000000000004,0.0154,0.0166,0.0178,0.001,55.0,114.0
2020-08-18,0.0014000000000000002,0.0027,0.0067,0.013999999999999999,-0.0128,-0.0101,-0.0034999999999999996,0.0155,0.0168,0.0181,0.0009,53.0,112.99999999999997
2020-08-19,0.0014000000000000002,0.0029,0.0068000000000000005,0.014199999999999999,-0.0126,-0.009899999999999999,-0.0033,0.0155,0.0167,0.0179,0.0011,54.0,112.99999999999999
2020-08-20,0.0013,0.0026,0.006500000000000001,0.0138,-0.012199999999999999,-0.0097,-0.0026,0.0148,0.016200000000000003,0.0176,0.0011,52.00000000000001,112.0
2020-08-21,0.0016,0.0027,0.0064,0.013500000000000002,-0.0125,-0.01,-0.0034000000000000002,0.0152,0.016399999999999998,0.0176,0.001,48.00000000000001,108.0
2020-08-24,0.0014000000000000002,0.0028000000000000004,0.006500000000000001,0.013500000000000002,-0.0129,-0.0102,-0.0036,0.015700000000000002,0.0167,0.0177,0.0012,51.00000000000001,107.00000000000001
2020-08-25,0.0015,0.003,0.0069,0.0139,-0.013000000000000001,-0.0101,-0.0034000000000000002,0.016,0.017,0.018000000000000002,0.0011,54.0,109.0
2020-08-26,0.0016,0.0028000000000000004,0.0069,0.0141,-0.013500000000000002,-0.0103,-0.0034999999999999996,0.0163,0.0172,0.0181,0.0011,53.0,112.99999999999999
2020-08-27,0.0016,0.0031,0.0074,0.015,-0.0134,-0.009899999999999999,-0.0026,0.0165,0.0173,0.0181,0.0011,58.00000000000001,118.99999999999999
2020-08-28,0.0014000000000000002,0.0028000000000000004,0.0074,0.0152,-0.013999999999999999,-0.0103,-0.0028000000000000004,0.0168,0.0177,0.018600000000000002,0.001,60.0,124.0
2020-08-31,0.0014000000000000002,0.0028000000000000004,0.0072,0.0149,-0.0141,-0.0108,-0.0034999999999999996,0.0169,0.018000000000000002,0.0191,0.0011,57.99999999999999,121.0
2020-09-01,0.0013,0.0026,0.0068000000000000005,0.0143,-0.0139,-0.0108,-0.0039000000000000003,0.0165,0.0176,0.0187,0.0012,55.00000000000001,117.0
2020-09-02,0.0014000000000000002,0.0026,0.0066,0.0138,-0.013500000000000002,-0.010700000000000001,-0.004,0.0161,0.0173,0.018500000000000003,0.0012,52.0,112.0
2020-09-03,0.0013,0.0024,0.0063,0.0134,-0.0129,-0.0102,-0.0039000000000000003,0.015300000000000001,0.0165,0.0177,0.0011,50.0,110.00000000000001
2020-09-04,0.0014000000000000002,0.003,0.0072,0.0146,-0.0127,-0.0098,-0.0033,0.015700000000000002,0.017,0.0183,0.0011,57.99999999999999,115.99999999999999
2020-09-08,0.0014000000000000002,0.0028000000000000004,0.0069,0.0143,-0.0127,-0.009899999999999999,-0.0034999999999999996,0.0155,0.0168,0.0181,0.0013,55.0,115.0
2020-09-09,0.0014000000000000002,0.0028000000000000004,0.0070999999999999995,0.014499999999999999,-0.0129,-0.01,-0.0034000000000000002,0.015700000000000002,0.0171,0.018500000000000003,0.0012,56.99999999999999,116.99999999999999
2020-09-10,0.0014000000000000002,0.0026,0.0068000000000000005,0.0143,-0.0128,-0.0101,-0.0036,0.0154,0.0169,0.0184,0.0012,54.0,117.0
2020-09-11,0.0013,0.0026,0.0067,0.014199999999999999,-0.0127,-0.0098,-0.0033,0.015300000000000001,0.0165,0.0177,0.0011,54.0,115.99999999999999
2020-09-14,0.0014000000000000002,0.0027,0.0068000000000000005,0.014199999999999999,-0.0127,-0.0097,-0.0032,0.0154,0.0165,0.0176,0.0011,54.0,115.0
2020-09-15,0.0014000000000000002,0.0027,0.0068000000000000005,0.0143,-0.0127,-0.009899999999999999,-0.0034000000000000002,0.0154,0.0167,0.018000000000000002,0.0011,54.0,115.99999999999999
2020-09-16,0.0014000000000000002,0.0028000000000000004,0.0069,0.014499999999999999,-0.0129,-0.009899999999999999,-0.0032,0.015700000000000002,0.0168,0.0179,0.0012,55.0,116.99999999999999
2020-09-17,0.0013,0.0028000000000000004,0.0069,0.0143,-0.0129,-0.0097,-0.0032,0.015700000000000002,0.0166,0.0175,0.0009,56.0,115.0
2020-09-18,0.0014000000000000002,0.0029,0.006999999999999999,0.014499999999999999,-0.0129,-0.0097,-0.0031,0.0158,0.0167,0.0176,0.001,55.99999999999999,115.99999999999999
2020-09-21,0.0014000000000000002,0.0027,0.0068000000000000005,0.0143,-0.0123,-0.009399999999999999,-0.003,0.015,0.016200000000000003,0.0174,0.001,54.0,115.99999999999999
2020-09-22,0.0013,0.0027,0.0068000000000000005,0.014199999999999999,-0.0123,-0.009399999999999999,-0.003,0.015,0.016200000000000003,0.0174,0.001,55.00000000000001,115.0
2020-09-23,0.0014000000000000002,0.0028000000000000004,0.0068000000000000005,0.014199999999999999,-0.012,-0.0092,-0.0031,0.0148,0.016,0.0172,0.0011,54.0,113.99999999999999
2020-09-24,0.0014000000000000002,0.0027,0.0067,0.013999999999999999,-0.0118,-0.0091,-0.0033,0.014499999999999999,0.0158,0.0171,0.001,53.0,112.99999999999997
2020-09-25,0.0012,0.0026,0.0066,0.013999999999999999,-0.011699999999999999,-0.0092,-0.0034000000000000002,0.0143,0.0158,0.0173,0.001,54.0,113.99999999999999
2020-09-28,0.0014000000000000002,0.0026,0.0067,0.014199999999999999,-0.012199999999999999,-0.009399999999999999,-0.0034000000000000002,0.0148,0.0161,0.0174,0.0011,53.0,115.99999999999999
2020-09-29,0.0011,0.0024,0.0066,0.0141,-0.0125,-0.0098,-0.0036,0.0149,0.016399999999999998,0.0179,0.0009,55.0,117.0
2020-09-30,0.0013,0.0028000000000000004,0.0069,0.0146,-0.012199999999999999,-0.009399999999999999,-0.0032,0.015,0.0163,0.0176,0.001,56.0,118.0
2020-10-01,0.0014000000000000002,0.0027,0.0068000000000000005,0.014499999999999999,-0.0121,-0.0095,-0.0034000000000000002,0.0148,0.0163,0.0178,0.0009,54.0,117.99999999999999
2020-10-02,0.0013,0.0028000000000000004,0.006999999999999999,0.0148,-0.012,-0.009399999999999999,-0.0033,0.0148,0.016399999999999998,0.018000000000000002,0.0009,56.99999999999999,120.0
2020-10-05,0.0014000000000000002,0.0033,0.0078000000000000005,0.015700000000000002,-0.011899999999999999,-0.009000000000000001,-0.0027,0.0152,0.0168,0.0184,0.001,64.0,124.00000000000001
2020-10-06,0.0014000000000000002,0.0032,0.0076,0.015600000000000001,-0.011899999999999999,-0.009000000000000001,-0.0026,0.0151,0.0166,0.0181,0.001,62.0,124.00000000000001
2020-10-07,0.0016,0.0034999999999999996,0.008100000000000001,0.016,-0.011899999999999999,-0.009000000000000001,-0.0024,0.0154,0.0171,0.018799999999999997,0.001,65.00000000000001,125.0
2020-10-08,0.0013,0.0033,0.0078000000000000005,0.015700000000000002,-0.0123,-0.009399999999999999,-0.0029,0.015600000000000001,0.0172,0.018799999999999997,0.0009,65.0,124.00000000000001
2020-10-09,0.0016,0.0034000000000000002,0.0079,0.0158,-0.012199999999999999,-0.009399999999999999,-0.0029,0.015600000000000001,0.0173,0.019,0.001,63.00000000000001,124.00000000000001
2020-10-13,0.0016,0.0031,0.0074,0.0152,-0.0121,-0.0096,-0.0033,0.0152,0.017,0.018799999999999997,0.0011,58.00000000000001,121.0
2020-10-14,0.0014000000000000002,0.003,0.0073,0.015,-0.012199999999999999,-0.0096,-0.0033,0.0152,0.0169,0.018600000000000002,0.0012,59.0,120.0
2020-10-15,0.0014000000000000002,0.0032,0.0074,0.0152,-0.012,-0.0095,-0.0033,0.0152,0.0169,0.018600000000000002,0.0011,60.0,120.0
2020-10-16,0.0014000000000000002,0.0032,0.0076,0.0152,-0.0121,-0.0095,-0.0033,0.015300000000000001,0.0171,0.0189,0.0011,62.0,120.0
2020-10-19,0.0016,0.0034000000000000002,0.0078000000000000005,0.0155,-0.011899999999999999,-0.009300000000000001,-0.003,0.015300000000000001,0.0171,0.0189,0.0011,62.00000000000001,121.0
2020-10-20,0.0014000000000000002,0.0034000000000000002,0.008100000000000001,0.016,-0.011899999999999999,-0.0091,-0.0026,0.015300000000000001,0.0172,0.0191,0.001,67.00000000000001,126.0
2020-10-21,0.0014000000000000002,0.0036,0.0083,0.016200000000000003,-0.012,-0.0091,-0.0026,0.015600000000000001,0.0174,0.0192,0.001,69.0,126.00000000000004
2020-10-22,0.0016,0.0038,0.0087,0.0167,-0.013000000000000001,-0.0089,-0.0023,0.0168,0.0176,0.0184,0.0009,71.0,129.0
2020-10-23,0.0018,0.0037,0.0085,0.016399999999999998,-0.0129,-0.009000000000000001,-0.0025,0.0166,0.0175,0.0184,0.001,67.00000000000001,126.99999999999997
2020-10-26,0.0016,0.0034999999999999996,0.008100000000000001,0.0159,-0.0128,-0.0091,-0.0028000000000000004,0.0163,0.0172,0.0181,0.0011,65.00000000000001,124.00000000000001
2020-10-27,0.0016,0.0034000000000000002,0.0079,0.015700000000000002,-0.013000000000000001,-0.0092,-0.003,0.016399999999999998,0.0171,0.0178,0.001,63.00000000000001,123.00000000000001
2020-10-28,0.0016,0.0034000000000000002,0.0079,0.015600000000000001,-0.0127,-0.0091,-0.0029,0.0161,0.017,0.0179,0.001,63.00000000000001,122.00000000000001
2020-10-29,0.0016,0.0038,0.0085,0.016200000000000003,-0.0123,-0.0086,-0.0026,0.0161,0.0171,0.0181,0.0009,69.00000000000001,124.00000000000003
2020-10-30,0.0014000000000000002,0.0038,0.0088,0.0165,-0.0121,-0.008199999999999999,-0.0023,0.0159,0.017,0.0181,0.0009,74.0,127.00000000000001
2020-11-02,0.0016,0.0038,0.0087,0.0163,-0.012199999999999999,-0.0084,-0.0026,0.016,0.0171,0.0182,0.0009,71.0,124.99999999999999
2020-11-03,0.0017000000000000001,0.0039000000000000003,0.009000000000000001,0.0166,-0.0123,-0.008199999999999999,-0.0024,0.016200000000000003,0.0172,0.0182,0.001,73.00000000000001,127.0
2020-11-04,0.0014000000000000002,0.0033,0.0078000000000000005,0.0155,-0.0123,-0.0086,-0.0027,0.015600000000000001,0.016399999999999998,0.0172,0.001,64.0,121.99999999999999
2020-11-05,0.0014000000000000002,0.0033,0.0079,0.0154,-0.012199999999999999,-0.0087,-0.0029,0.0155,0.0166,0.0177,0.001,65.0,121.0
2020-11-06,0.0016,0.0036,0.0083,0.016,-0.0118,-0.008199999999999999,-0.0024,0.0154,0.0165,0.0176,0.001,67.0,124.00000000000001
2020-11-09,0.0017000000000000001,0.0044,0.0096,0.0173,-0.011899999999999999,-0.0077,-0.0015,0.0163,0.0173,0.0183,0.0011,78.99999999999999,128.99999999999997
2020-11-10,0.0019,0.0046,0.0098,0.0175,-0.0123,-0.0078000000000000005,-0.0017000000000000001,0.0169,0.0176,0.0183,0.001,78.99999999999999,129.00000000000003
2020-11-12,0.0017000000000000001,0.004,0.0088,0.016399999999999998,-0.0123,-0.0083,-0.0024,0.0163,0.0171,0.0179,0.001,71.0,123.99999999999997
2020-11-13,0.0017000000000000001,0.0040999999999999995,0.0089,0.0165,-0.0123,-0.0083,-0.0024,0.016399999999999998,0.0172,0.018000000000000002,0.0009,72.0,124.00000000000001
2020-11-16,0.0019,0.0040999999999999995,0.0091,0.0166,-0.0123,-0.008100000000000001,-0.0022,0.016399999999999998,0.0172,0.018000000000000002,0.0009,72.0,125.0
2020-11-17,0.0018,0.0039000000000000003,0.0087,0.016200000000000003,-0.0124,-0.0083,-0.0025,0.0163,0.017,0.0177,0.0009,69.0,123.00000000000001
2020-11-18,0.0016,0.004,0.0088,0.016200000000000003,-0.0123,-0.008199999999999999,-0.0024,0.0163,0.017,0.0177,0.0009,72.0,122.00000000000003
2020-11-19,0.0018,0.0039000000000000003,0.0086,0.0158,-0.0123,-0.0084,-0.0027,0.016200000000000003,0.017,0.0178,0.0007000000000000001,68.0,119.00000000000001
2020-11-20,0.0016,0.0038,0.0083,0.015300000000000001,-0.0123,-0.0086,-0.0031,0.0161,0.0169,0.0177,0.0007000000000000001,67.0,115.00000000000001
2020-11-23,0.0016,0.0039000000000000003,0.0086,0.015600000000000001,-0.0123,-0.0085,-0.003,0.016200000000000003,0.0171,0.018000000000000002,0.0008,70.0,117.0
2020-11-24,0.0016,0.0039000000000000003,0.0088,0.016,-0.0126,-0.0086,-0.0029,0.0165,0.0174,0.0183,0.0009,72.0,121.0
2020-11-25,0.0017000000000000001,0.0039000000000000003,0.0088,0.016200000000000003,-0.0128,-0.0087,-0.0029,0.0167,0.0175,0.0183,0.0009,71.0,123.00000000000001
2020-11-27,0.0016,0.0037,0.0084,0.015700000000000002,-0.013000000000000001,-0.0091,-0.0033,0.0167,0.0175,0.0183,0.0009,68.0,120.00000000000001
2020-11-30,0.0016,0.0036,0.0084,0.0158,-0.0132,-0.009300000000000001,-0.0034999999999999996,0.0168,0.0177,0.018600000000000002,0.0008,68.0,122.00000000000003
2020-12-01,0.0017000000000000001,0.0042,0.0092,0.0166,-0.013000000000000001,-0.0089,-0.003,0.0172,0.0181,0.019,0.0009,75.0,124.00000000000001
2020-12-02,0.0016,0.0042,0.0095,0.017,-0.0134,-0.009000000000000001,-0.0029,0.0176,0.018500000000000003,0.0194,0.0009,78.99999999999999,128.00000000000003
2020-12-03,0.0016,0.004,0.0092,0.0167,-0.0138,-0.009399999999999999,-0.0032,0.0178,0.018600000000000002,0.0194,0.0008,76.0,127.0
2020-12-04,0.0016,0.0042,0.0097,0.0173,-0.0141,-0.0092,-0.0028000000000000004,0.0183,0.0189,0.0195,0.0009,81.0,131.0
2020-12-07,0.0014000000000000002,0.004,0.009399999999999999,0.0169,-0.0144,-0.009399999999999999,-0.003,0.0184,0.018799999999999997,0.0192,0.0008,79.99999999999999,128.99999999999997
2020-12-08,0.0014000000000000002,0.0039000000000000003,0.0092,0.0167,-0.014499999999999999,-0.0097,-0.0032,0.0184,0.0189,0.0194,0.0009,78.0,127.99999999999999
2020-12-09,0.0016,0.0040999999999999995,0.0095,0.0169,-0.0143,-0.0096,-0.0032,0.0184,0.0191,0.019799999999999998,0.0008,78.99999999999999,127.99999999999999
2020-12-10,0.0014000000000000002,0.0039000000000000003,0.0092,0.0165,-0.0144,-0.0096,-0.0034999999999999996,0.0183,0.018799999999999997,0.019299999999999998,0.0008,78.0,126.0
2020-12-11,0.0011,0.0037,0.009000000000000001,0.0163,-0.014499999999999999,-0.0097,-0.0034000000000000002,0.0182,0.0187,0.0192,0.0008,79.00000000000001,125.99999999999999
2020-12-14,0.0013,0.0037,0.009000000000000001,0.0163,-0.0147,-0.0098,-0.0034000000000000002,0.0184,0.018799999999999997,0.0192,0.0009,77.00000000000001,125.99999999999999
2020-12-15,0.0011,0.0037,0.0092,0.0165,-0.0149,-0.009899999999999999,-0.0034999999999999996,0.018600000000000002,0.0191,0.0196,0.0008,81.0,128.0
2020-12-16,0.0013,0.0037,0.0092,0.0166,-0.015300000000000001,-0.01,-0.0033,0.019,0.0192,0.0194,0.0009,79.00000000000001,129.0
2020-12-17,0.0013,0.0038,0.009399999999999999,0.0168,-0.0152,-0.01,-0.0033,0.019,0.0194,0.019799999999999998,0.0008,81.0,130.0
2020-12-18,0.0013,0.0039000000000000003,0.0095,0.017,-0.015300000000000001,-0.01,-0.0032,0.0192,0.0195,0.019799999999999998,0.0008,81.99999999999999,131.0
2020-12-21,0.0013,0.0039000000000000003,0.0095,0.0168,-0.0151,-0.01,-0.0032,0.019,0.0195,0.02,0.0009,81.99999999999999,128.99999999999997
2020-12-22,0.0013,0.0037,0.009300000000000001,0.0165,-0.0155,-0.0101,-0.0033,0.0192,0.0194,0.0196,0.0009,80.0,128.0
2020-12-23,0.0013,0.0038,0.0096,0.017,-0.0155,-0.0101,-0.0032,0.019299999999999998,0.0197,0.020099999999999996,0.0009,82.99999999999999,132.00000000000003
2020-12-24,0.0013,0.0037,0.009399999999999999,0.0166,-0.0155,-0.0103,-0.0034999999999999996,0.0192,0.0197,0.0202,0.0009,81.0,129.0
2020-12-28,0.0013,0.0038,0.009399999999999999,0.0167,-0.0154,-0.0103,-0.0034999999999999996,0.0192,0.0197,0.0202,0.0011,81.0,129.0
2020-12-29,0.0012,0.0037,0.009399999999999999,0.0167,-0.015300000000000001,-0.0102,-0.0034000000000000002,0.019,0.0196,0.0202,0.001,81.99999999999999,130.0
2020-12-30,0.0012,0.0037,0.009300000000000001,0.0166,-0.0155,-0.0103,-0.0034999999999999996,0.0192,0.0196,0.02,0.0008,81.00000000000001,129.0
2020-12-31,0.0013,0.0036,0.009300000000000001,0.0165,-0.0159,-0.0106,-0.0037,0.0195,0.0199,0.0203,0.0009,80.0,129.00000000000003
2021-01-04,0.0011,0.0036,0.009300000000000001,0.0166,-0.016200000000000003,-0.0108,-0.0039000000000000003,0.019799999999999998,0.020099999999999996,0.0204,0.0009,82.0,130.0
2021-01-05,0.0013,0.0038,0.0096,0.017,-0.0163,-0.010700000000000001,-0.0036,0.020099999999999996,0.0203,0.020499999999999997,0.0009,82.99999999999999,132.00000000000003
2021-01-06,0.0014000000000000002,0.0043,0.0104,0.0181,-0.0161,-0.0102,-0.003,0.0204,0.0206,0.0208,0.0009,90.0,138.00000000000003
2021-01-07,0.0014000000000000002,0.0046,0.0108,0.018500000000000003,-0.0163,-0.0101,-0.0028000000000000004,0.0209,0.0209,0.0209,0.0009,94.0,139.00000000000003
2021-01-08,0.0014000000000000002,0.0049,0.0113,0.0187,-0.0158,-0.009300000000000001,-0.0021,0.0207,0.0206,0.020499999999999997,0.0008,98.99999999999999,138.00000000000003
2021-01-11,0.0014000000000000002,0.005,0.0115,0.018799999999999997,-0.0154,-0.0091,-0.002,0.0204,0.0206,0.0208,0.0008,101.0,137.99999999999997
2021-01-12,0.0014000000000000002,0.005,0.0115,0.018799999999999997,-0.015600000000000001,-0.009300000000000001,-0.0022,0.0206,0.0208,0.021,0.0009,101.0,137.99999999999997
2021-01-13,0.0014000000000000002,0.0048,0.011000000000000001,0.0182,-0.015600000000000001,-0.0096,-0.0028000000000000004,0.0204,0.0206,0.0208,0.0009,96.00000000000001,134.00000000000003
2021-01-14,0.0016,0.0049,0.0115,0.018799999999999997,-0.016,-0.009399999999999999,-0.0024,0.0209,0.0209,0.0209,0.0009,98.99999999999999,138.99999999999997
2021-01-15,0.0013,0.0046,0.0111,0.018500000000000003,-0.0163,-0.009899999999999999,-0.0026,0.0209,0.021,0.021099999999999997,0.0009,98.0,139.00000000000003
2021-01-19,0.0014000000000000002,0.0045000000000000005,0.011000000000000001,0.0184,-0.0167,-0.01,-0.0029,0.0212,0.021,0.0208,0.0009,96.00000000000001,139.0
2021-01-20,0.0013,0.0045000000000000005,0.011000000000000001,0.0184,-0.017,-0.0102,-0.003,0.0215,0.0212,0.0209,0.0008,97.0,139.0
2021-01-21,0.0013,0.0045000000000000005,0.011200000000000002,0.0187,-0.0173,-0.0098,-0.003,0.0218,0.021,0.0202,0.0009,99.00000000000003,142.0
2021-01-22,0.0013,0.0044,0.011000000000000001,0.018500000000000003,-0.0172,-0.009899999999999999,-0.003,0.0216,0.0209,0.0202,0.0008,97.0,141.0
2021-01-25,0.0013,0.0042,0.0105,0.018000000000000002,-0.0173,-0.0103,-0.0032,0.0215,0.0208,0.020099999999999996,0.0009,92.0,138.00000000000003
2021-01-26,0.0011,0.0042,0.0105,0.018000000000000002,-0.0173,-0.0103,-0.0029,0.0215,0.0208,0.020099999999999996,0.0007000000000000001,94.0,138.00000000000003
2021-01-27,0.0012,0.0040999999999999995,0.0104,0.0179,-0.0174,-0.0104,-0.0028000000000000004,0.0215,0.0208,0.020099999999999996,0.0008,92.0,138.0
2021-01-28,0.0012,0.0042,0.010700000000000001,0.0181,-0.0176,-0.0106,-0.0031,0.0218,0.0213,0.0208,0.0007000000000000001,95.00000000000001,139.00000000000003
2021-01-29,0.0011,0.0045000000000000005,0.0111,0.0187,-0.0176,-0.0102,-0.0027,0.022099999999999998,0.0213,0.020499999999999997,0.0006,100.0,142.0
2021-02-01,0.0011,0.0042,0.0109,0.0184,-0.0176,-0.0102,-0.0027,0.0218,0.021099999999999997,0.0204,0.0007000000000000001,98.0,142.0
2021-02-02,0.0011,0.0045000000000000005,0.011200000000000002,0.0187,-0.0178,-0.0103,-0.0027,0.0223,0.0215,0.0207,0.0007000000000000001,101.00000000000001,142.0
2021-02-03,0.0011,0.0046,0.0115,0.0192,-0.0181,-0.0104,-0.0025,0.0227,0.0219,0.021099999999999997,0.0004,104.0,145.99999999999997
2021-02-04,0.0011,0.0046,0.0115,0.019299999999999998,-0.0179,-0.0102,-0.0024,0.0225,0.0217,0.0209,0.0004,104.0,146.99999999999997
2021-02-05,0.0009,0.004699999999999999,0.011899999999999999,0.0197,-0.0181,-0.0102,-0.002,0.022799999999999997,0.022099999999999998,0.021400000000000002,0.0003,110.0,150.0
2021-02-08,0.0011,0.0048,0.011899999999999999,0.0196,-0.0183,-0.0103,-0.0022,0.0231,0.0222,0.0213,0.0005,107.99999999999999,148.0
2021-02-09,0.0011,0.0048,0.0118,0.0195,-0.0183,-0.0104,-0.0022,0.0231,0.0222,0.0213,0.0004,107.0,147.0
2021-02-10,0.0011,0.0046,0.0115,0.0192,-0.018500000000000003,-0.0106,-0.0024,0.0231,0.022099999999999998,0.021099999999999997,0.0005,104.0,145.99999999999997
2021-02-11,0.0011,0.0046,0.0116,0.0194,-0.018600000000000002,-0.0104,-0.002,0.0232,0.022000000000000002,0.0208,0.0005,104.99999999999999,148.0
2021-02-12,0.0011,0.005,0.012,0.020099999999999996,-0.018500000000000003,-0.0101,-0.0016,0.0235,0.022099999999999998,0.0207,0.0004,109.0,150.99999999999994
2021-02-16,0.0013,0.005699999999999999,0.013000000000000001,0.0208,-0.018000000000000002,-0.009399999999999999,-0.0011,0.023700000000000002,0.022400000000000003,0.021099999999999997,0.0004,117.00000000000001,151.0
2021-02-17,0.0011,0.005699999999999999,0.0129,0.0206,-0.0178,-0.0092,-0.0011,0.0235,0.022099999999999998,0.0207,0.0004,118.0,149.0
2021-02-18,0.0011,0.005600000000000001,0.0129,0.0208,-0.0173,-0.0087,-0.0004,0.0229,0.0216,0.0203,0.0003,118.0,151.99999999999997
2021-02-19,0.0011,0.0059,0.0134,0.021400000000000002,-0.017,-0.008,0.0003,0.0229,0.021400000000000002,0.0199,0.0004,123.0,155.00000000000003
2021-02-22,0.0011,0.0060999999999999995,0.0137,0.0219,-0.0174,-0.0079,0.0006,0.0235,0.0216,0.0197,0.0003,126.0,158.00000000000003
2021-02-23,0.0011,0.0059,0.0137,0.022099999999999998,-0.0176,-0.0079,0.0008,0.0235,0.0216,0.0197,0.0004,126.0,162.0
2021-02-24,0.0012,0.0062,0.0138,0.022400000000000003,-0.0176,-0.0079,0.0011,0.023799999999999998,0.0217,0.0196,0.0003,126.0,162.00000000000003
2021-02-25,0.0017000000000000001,0.008100000000000001,0.0154,0.0233,-0.015300000000000001,-0.006,0.0022,0.023399999999999997,0.021400000000000002,0.0194,0.0004,137.0,152.0
2021-02-26,0.0014000000000000002,0.0075,0.0144,0.0217,-0.016399999999999998,-0.0070999999999999995,0.0006,0.0239,0.0215,0.0191,0.0004,130.0,142.0
2021-03-01,0.0013,0.0070999999999999995,0.014499999999999999,0.0223,-0.0169,-0.0070999999999999995,0.0012,0.024,0.0216,0.0192,0.0005,132.0,152.00000000000003
2021-03-02,0.0013,0.0067,0.014199999999999999,0.022099999999999998,-0.0176,-0.0078000000000000005,0.0008,0.024300000000000002,0.022000000000000002,0.0197,0.0004,128.99999999999997,153.99999999999997
2021-03-03,0.0014000000000000002,0.0073,0.0147,0.0225,-0.0172,-0.0074,0.001,0.0245,0.022099999999999998,0.0197,0.0005,133.0,151.99999999999997
2021-03-04,0.0014000000000000002,0.0077,0.0154,0.023,-0.0166,-0.0066,0.0015,0.024300000000000002,0.022000000000000002,0.0197,0.0004,140.0,153.0
2021-03-05,0.0014000000000000002,0.0079,0.015600000000000001,0.022799999999999997,-0.016399999999999998,-0.0066,0.0012,0.024300000000000002,0.0222,0.020099999999999996,0.0004,142.0,148.99999999999997
2021-03-08,0.0017000000000000001,0.0086,0.0159,0.0231,-0.015600000000000001,-0.0062,0.0015,0.0242,0.022099999999999998,0.02,0.0005,142.0,145.0
2021-03-09,0.0017000000000000001,0.0083,0.0155,0.0226,-0.0158,-0.0066,0.001,0.0241,0.022099999999999998,0.020099999999999996,0.0005,138.0,142.99999999999997
2021-03-10,0.0016,0.008,0.015300000000000001,0.022400000000000003,-0.0167,-0.0073,0.0005,0.024700000000000003,0.0226,0.020499999999999997,0.0004,137.0,144.00000000000003
2021-03-11,0.0014000000000000002,0.0078000000000000005,0.0154,0.0229,-0.0173,-0.0074,0.0008,0.025099999999999997,0.022799999999999997,0.020499999999999997,0.0004,140.0,151.0
2021-03-12,0.0014000000000000002,0.0085,0.016399999999999998,0.024,-0.0166,-0.0062,0.0021,0.025099999999999997,0.0226,0.020099999999999996,0.0004,149.99999999999997,155.0
2021-03-15,0.0014000000000000002,0.0084,0.016200000000000003,0.023700000000000002,-0.017,-0.006500000000000001,0.0016,0.0254,0.0227,0.02,0.0004,148.00000000000003,153.00000000000003
2021-03-16,0.0015,0.0083,0.016200000000000003,0.023799999999999998,-0.0176,-0.0068000000000000005,0.0014000000000000002,0.0259,0.023,0.020099999999999996,0.0002,147.00000000000003,154.99999999999997
2021-03-17,0.0013,0.008,0.0163,0.0242,-0.0178,-0.0067,0.0017000000000000001,0.0258,0.023,0.0202,0.0002,150.0,162.0
2021-03-18,0.0016,0.0086,0.0171,0.0245,-0.016399999999999998,-0.005600000000000001,0.0021,0.025,0.0227,0.0204,0.0001,155.0,159.0
2021-03-19,0.0016,0.009000000000000001,0.0174,0.0245,-0.0161,-0.005699999999999999,0.0018,0.025099999999999997,0.0231,0.021099999999999997,0.0001,157.99999999999997,155.0
2021-03-22,0.0015,0.0087,0.0169,0.023799999999999998,-0.016399999999999998,-0.0064,0.0008,0.025099999999999997,0.0233,0.0215,0.0003,154.0,151.0
2021-03-23,0.0015,0.0083,0.0163,0.023399999999999997,-0.0165,-0.0066,0.0005,0.0248,0.0229,0.021,0.0001,148.0,150.99999999999997
2021-03-24,0.0014000000000000002,0.0083,0.016200000000000003,0.0231,-0.017,-0.0069,0.0003,0.0253,0.0231,0.0209,0.0002,148.00000000000003,148.0
2021-03-25,0.0014000000000000002,0.008199999999999999,0.0163,0.023399999999999997,-0.0172,-0.0069,0.0005,0.0254,0.0232,0.021,0.0002,148.99999999999997,151.99999999999997
2021-03-26,0.0014000000000000002,0.0085,0.0167,0.023700000000000002,-0.0172,-0.0067,0.0006,0.025699999999999997,0.023399999999999997,0.021099999999999997,0.0002,153.0,152.00000000000003
2021-03-29,0.0014000000000000002,0.0089,0.0173,0.024300000000000002,-0.0167,-0.0063,0.001,0.0256,0.0236,0.0216,0.0003,158.99999999999997,154.00000000000003
2021-03-30,0.0016,0.009000000000000001,0.0173,0.023799999999999998,-0.016200000000000003,-0.0062,0.0009,0.0252,0.0235,0.0218,0.0002,157.0,147.99999999999997
2021-03-31,0.0016,0.0092,0.0174,0.0241,-0.016200000000000003,-0.0063,0.0011,0.0254,0.023700000000000002,0.022000000000000002,0.0003,157.99999999999997,149.0
2021-04-01,0.0017000000000000001,0.009000000000000001,0.0169,0.023399999999999997,-0.0165,-0.0066,0.0007000000000000001,0.0255,0.0235,0.0215,0.0002,151.99999999999997,143.99999999999997
2021-04-02,0.0019,0.0097,0.0172,0.0235,-0.0161,-0.0064,0.0007000000000000001,0.0258,0.0236,0.021400000000000002,0.0002,153.0,138.0
2021-04-05,0.0017000000000000001,0.009399999999999999,0.0173,0.0236,-0.0161,-0.0062,0.001,0.0255,0.0235,0.0215,0.0003,156.0,142.0
2021-04-06,0.0016,0.0088,0.0167,0.0232,-0.016399999999999998,-0.006500000000000001,0.001,0.0252,0.0232,0.0212,0.0002,151.0,143.99999999999997
2021-04-07,0.0016,0.0087,0.0168,0.0235,-0.0166,-0.0066,0.0012,0.0253,0.023399999999999997,0.0215,0.0002,151.99999999999997,148.0
2021-04-08,0.0014000000000000002,0.0085,0.016399999999999998,0.0232,-0.017,-0.0069,0.001,0.0255,0.0233,0.021099999999999997,0.0001,149.99999999999997,146.99999999999997
2021-04-09,0.0016,0.0087,0.0167,0.023399999999999997,-0.016399999999999998,-0.0064,0.0014000000000000002,0.025099999999999997,0.0231,0.021099999999999997,0.0002,151.0,146.99999999999997
2021-04-12,0.0018,0.0089,0.0169,0.023399999999999997,-0.0163,-0.0064,0.0013,0.0252,0.0233,0.021400000000000002,0.0002,151.0,144.99999999999997
2021-04-13,0.0016,0.0085,0.016399999999999998,0.0232,-0.0169,-0.0069,0.0009,0.0254,0.0233,0.0212,0.0003,147.99999999999997,146.99999999999997
2021-04-14,0.0016,0.0087,0.016399999999999998,0.0232,-0.0169,-0.0069,0.001,0.0256,0.0233,0.021,0.0002,147.99999999999997,145.0
2021-04-15,0.0016,0.008100000000000001,0.015600000000000001,0.0223,-0.0174,-0.0077,0.0001,0.0255,0.0233,0.021099999999999997,0.0002,140.0,142.0
2021-04-16,0.0016,0.0084,0.0159,0.0226,-0.0173,-0.0077,0.0001,0.025699999999999997,0.0236,0.0215,0.0002,143.0,142.0
2021-04-19,0.0016,0.0085,0.0161,0.0229,-0.0171,-0.0073,0.0005,0.0256,0.023399999999999997,0.0212,0.0002,145.0,144.0
2021-04-20,0.0015,0.008100000000000001,0.0158,0.0227,-0.0171,-0.0074,0.0004,0.0252,0.0232,0.0212,0.0003,143.00000000000003,146.0
2021-04-21,0.0015,0.008100000000000001,0.015700000000000002,0.0226,-0.0172,-0.0076,0.0002,0.0253,0.0233,0.0213,0.0003,142.00000000000003,144.99999999999997
2021-04-22,0.0016,0.008100000000000001,0.015700000000000002,0.022400000000000003,-0.0161,-0.0076,0.0,0.0242,0.0233,0.022400000000000003,0.0003,141.0,143.00000000000003
2021-04-23,0.0016,0.0083,0.0158,0.0225,-0.0161,-0.0076,0.0,0.024399999999999998,0.023399999999999997,0.022400000000000003,0.0003,142.0,142.0
2021-04-26,0.0018,0.0085,0.0158,0.022400000000000003,-0.016200000000000003,-0.0078000000000000005,-0.0002,0.024700000000000003,0.0236,0.0225,0.0003,140.00000000000003,139.00000000000003
2021-04-27,0.0017000000000000001,0.0088,0.0163,0.0229,-0.0163,-0.0076,-0.0001,0.025099999999999997,0.0239,0.0227,0.0001,145.99999999999997,141.0
2021-04-28,0.0017000000000000001,0.0086,0.0163,0.0229,-0.0168,-0.0078000000000000005,-0.0002,0.0254,0.0241,0.022799999999999997,0.0001,145.99999999999997,143.0
2021-04-29,0.0016,0.0086,0.0165,0.0231,-0.017,-0.0077,0.0001,0.0256,0.0242,0.022799999999999997,0.0001,149.0,145.0
2021-04-30,0.0016,0.0086,0.0165,0.023,-0.0171,-0.0076,0.0002,0.025699999999999997,0.0241,0.0225,0.0001,149.0,144.0
2021-05-03,0.0016,0.0084,0.0163,0.023,-0.0176,-0.0079,0.0002,0.026000000000000002,0.0242,0.022400000000000003,0.0004,146.99999999999997,146.0
2021-05-04,0.0016,0.008199999999999999,0.0161,0.0227,-0.018000000000000002,-0.008100000000000001,0.0,0.0262,0.0242,0.0222,0.0002,145.0,145.00000000000003
2021-05-05,0.0016,0.008,0.0159,0.0225,-0.018799999999999997,-0.0088,-0.0005,0.0268,0.024700000000000003,0.0226,0.0002,143.0,145.0
2021-05-06,0.0016,0.008100000000000001,0.0158,0.022400000000000003,-0.018500000000000003,-0.0087,-0.0003,0.026600000000000002,0.0245,0.022400000000000003,0.0002,142.0,143.00000000000003
2021-05-07,0.0014000000000000002,0.0077,0.016,0.022799999999999997,-0.018799999999999997,-0.0089,-0.0003,0.0265,0.024900000000000002,0.0233,0.0002,146.0,150.99999999999997
2021-05-10,0.0016,0.008,0.0163,0.0232,-0.0191,-0.0091,-0.0003,0.0271,0.0254,0.023700000000000002,0.0002,146.99999999999997,151.99999999999997
2021-05-11,0.0016,0.008,0.016399999999999998,0.0235,-0.018799999999999997,-0.0089,0.0,0.0268,0.0253,0.023799999999999998,0.0001,147.99999999999997,155.0
2021-05-12,0.0016,0.0087,0.0169,0.024,-0.018500000000000003,-0.0085,0.0004,0.027200000000000002,0.0254,0.0236,0.0002,152.99999999999997,153.0
2021-05-13,0.0016,0.0084,0.0166,0.0239,-0.0181,-0.0085,0.0003,0.0265,0.025099999999999997,0.023700000000000002,0.0002,150.0,155.00000000000003
2021-05-14,0.0016,0.008199999999999999,0.0163,0.0235,-0.018600000000000002,-0.0088,-0.0002,0.0268,0.025099999999999997,0.023399999999999997,0.0001,146.99999999999997,153.0
2021-05-17,0.0016,0.0084,0.016399999999999998,0.0236,-0.018799999999999997,-0.009000000000000001,-0.0002,0.027200000000000002,0.0254,0.0236,0.0002,147.99999999999997,152.0
2021-05-18,0.0016,0.0083,0.016399999999999998,0.023700000000000002,-0.0189,-0.0088,0.0,0.027200000000000002,0.0252,0.0232,0.0002,147.99999999999997,154.00000000000003
2021-05-19,0.0016,0.0087,0.0168,0.023799999999999998,-0.0179,-0.008,0.0004,0.026600000000000002,0.0248,0.023,0.0001,151.99999999999997,151.0
2021-05-20,0.0015,0.0083,0.0163,0.023399999999999997,-0.0176,-0.0078000000000000005,0.0004,0.0259,0.0241,0.0223,0.0001,148.0,150.99999999999997
2021-05-21,0.0017000000000000001,0.0084,0.0163,0.0233,-0.0178,-0.008,0.0003,0.0262,0.024300000000000002,0.022400000000000003,0.0001,145.99999999999997,149.00000000000003
2021-05-24,0.0015,0.008199999999999999,0.0161,0.0231,-0.0182,-0.0083,0.0,0.0264,0.024399999999999998,0.022400000000000003,0.0002,146.0,149.0
2021-05-25,0.0015,0.0079,0.015600000000000001,0.0226,-0.0184,-0.0086,-0.0005,0.0263,0.0242,0.022099999999999998,0.0002,141.0,146.99999999999997
2021-05-26,0.0014000000000000002,0.008,0.0158,0.0227,-0.018000000000000002,-0.008199999999999999,-0.0003,0.026000000000000002,0.024,0.022000000000000002,0.0002,144.0,147.0
2021-05-27,0.0014000000000000002,0.008100000000000001,0.0161,0.0229,-0.0178,-0.008100000000000001,-0.0002,0.0259,0.0242,0.0225,0.0002,147.0,148.0
2021-05-28,0.0014000000000000002,0.0079,0.0158,0.0226,-0.0178,-0.0084,-0.0006,0.025699999999999997,0.0242,0.0227,0.0001,144.0,146.99999999999997
2021-06-01,0.0016,0.008100000000000001,0.016200000000000003,0.023,-0.0179,-0.0084,-0.0005,0.026000000000000002,0.0246,0.0232,0.0002,146.00000000000003,148.99999999999997
2021-06-02,0.0013,0.008,0.0159,0.022799999999999997,-0.0179,-0.0085,-0.0005,0.0259,0.024399999999999998,0.0229,0.0002,146.00000000000003,147.99999999999997
2021-06-03,0.0016,0.0084,0.0163,0.023,-0.0172,-0.0079,-0.0003,0.0256,0.0242,0.022799999999999997,0.0002,146.99999999999997,146.0
2021-06-04,0.0014000000000000002,0.0078000000000000005,0.015600000000000001,0.022400000000000003,-0.0176,-0.0084,-0.0008,0.0254,0.024,0.0226,0.0002,142.0,146.00000000000003
2021-06-07,0.0016,0.0079,0.015700000000000002,0.0225,-0.0172,-0.008199999999999999,-0.0006,0.025099999999999997,0.0239,0.0227,0.0002,141.0,145.99999999999997
2021-06-08,0.0014000000000000002,0.0077,0.015300000000000001,0.022099999999999998,-0.017,-0.0083,-0.0009,0.024700000000000003,0.0236,0.0225,0.0002,139.0,143.99999999999997
2021-06-09,0.0016,0.0075,0.015,0.0217,-0.0166,-0.008199999999999999,-0.0011,0.0241,0.0232,0.0223,0.0003,134.0,142.0
2021-06-10,0.0014000000000000002,0.0073,0.014499999999999999,0.0215,-0.0174,-0.009000000000000001,-0.0016,0.024700000000000003,0.0235,0.0223,0.0003,131.0,141.99999999999997
2021-06-11,0.0016,0.0076,0.0147,0.0215,-0.0167,-0.0085,-0.0014000000000000002,0.024300000000000002,0.0232,0.022099999999999998,0.0003,131.0,139.0
2021-06-14,0.0016,0.008,0.0151,0.0219,-0.016399999999999998,-0.0085,-0.0015,0.024399999999999998,0.0236,0.022799999999999997,0.0003,135.0,139.0
2021-06-15,0.0016,0.0079,0.0151,0.022000000000000002,-0.0167,-0.0087,-0.0015,0.0246,0.023799999999999998,0.023,0.0003,135.0,141.0
2021-06-16,0.0021,0.0089,0.015700000000000002,0.022000000000000002,-0.0152,-0.0075,-0.0011,0.0241,0.0232,0.0223,0.0004,136.00000000000003,131.00000000000003
2021-06-17,0.0023,0.009000000000000001,0.0152,0.021099999999999997,-0.0141,-0.0075,-0.0015,0.0231,0.0227,0.0223,0.0004,129.0,120.99999999999996
2021-06-18,0.0026,0.0089,0.014499999999999999,0.020099999999999996,-0.0148,-0.0079,-0.0021,0.023700000000000002,0.022400000000000003,0.021099999999999997,0.0005,118.99999999999999,111.99999999999996
2021-06-21,0.0027,0.009000000000000001,0.015,0.021099999999999997,-0.0151,-0.0075,-0.0012,0.0241,0.0225,0.0209,0.0005,122.99999999999999,120.99999999999996
2021-06-22,0.0025,0.0087,0.0148,0.021,-0.0159,-0.0083,-0.0017000000000000001,0.0246,0.0231,0.0216,0.0004,123.0,123.00000000000001
2021-06-23,0.0026,0.009000000000000001,0.015,0.021099999999999997,-0.0159,-0.0084,-0.0016,0.024900000000000002,0.023399999999999997,0.0219,0.0005,124.0,120.99999999999996
2021-06-24,0.0026,0.009000000000000001,0.0149,0.021,-0.0155,-0.008100000000000001,-0.0016,0.0245,0.023,0.0215,0.0005,123.0,120.0
2021-06-25,0.0028000000000000004,0.0092,0.0154,0.0216,-0.0154,-0.008,-0.0013,0.0246,0.023399999999999997,0.0222,0.0006,126.0,124.00000000000001
2021-06-28,0.0025,0.009000000000000001,0.0149,0.021,-0.0155,-0.0084,-0.0019,0.0245,0.0233,0.022099999999999998,0.0005,124.0,120.0
2021-06-29,0.0027,0.0089,0.0149,0.021,-0.015700000000000002,-0.0083,-0.0017000000000000001,0.0246,0.0232,0.0218,0.0004,121.99999999999999,121.00000000000001
2021-06-30,0.0025,0.0087,0.014499999999999999,0.0206,-0.016,-0.0087,-0.002,0.024700000000000003,0.0232,0.0217,0.0005,119.99999999999999,119.00000000000001
2021-07-01,0.0025,0.0089,0.0148,0.0207,-0.016,-0.0087,-0.0021,0.024900000000000002,0.0235,0.022099999999999998,0.0005,123.0,118.0
2021-07-02,0.0024,0.0086,0.0144,0.020499999999999997,-0.0163,-0.0089,-0.0022,0.024900000000000002,0.0233,0.0217,0.0005,120.0,118.99999999999997
2021-07-06,0.0022,0.008100000000000001,0.0137,0.02,-0.0167,-0.009399999999999999,-0.0026,0.0248,0.0231,0.021400000000000002,0.0005,115.0,118.99999999999999
2021-07-07,0.0022,0.0079,0.013300000000000001,0.0194,-0.016399999999999998,-0.0095,-0.0028000000000000004,0.024300000000000002,0.022799999999999997,0.0213,0.0005,111.0,115.0
2021-07-08,0.0019,0.0074,0.013000000000000001,0.0191,-0.016399999999999998,-0.0092,-0.0025,0.023799999999999998,0.0222,0.0206,0.0006,111.0,116.99999999999999
2021-07-09,0.0023,0.0079,0.0137,0.0199,-0.0165,-0.0091,-0.0023,0.024399999999999998,0.022799999999999997,0.0212,0.0006,114.0,120.0
2021-07-12,0.0023,0.008100000000000001,0.0138,0.02,-0.0167,-0.0095,-0.0025,0.0248,0.0233,0.0218,0.0005,115.0,118.99999999999999
2021-07-13,0.0026,0.0085,0.014199999999999999,0.0204,-0.0171,-0.009399999999999999,-0.0023,0.0256,0.0236,0.0216,0.0005,115.99999999999999,119.00000000000001
2021-07-14,0.0023,0.008,0.0137,0.019799999999999998,-0.0173,-0.0097,-0.0025,0.0253,0.023399999999999997,0.0215,0.0006,114.0,117.99999999999999
2021-07-15,0.0023,0.0078000000000000005,0.0131,0.0192,-0.0175,-0.0101,-0.0029,0.0253,0.0232,0.021099999999999997,0.0005,108.0,113.99999999999997
2021-07-16,0.0025,0.0079,0.0131,0.019299999999999998,-0.0173,-0.0102,-0.0029,0.0252,0.0233,0.021400000000000002,0.0005,106.0,113.99999999999997
2021-07-19,0.0021,0.006999999999999999,0.011899999999999999,0.0181,-0.0171,-0.0105,-0.0034000000000000002,0.0241,0.022400000000000003,0.0207,0.0005,98.0,111.00000000000003
2021-07-20,0.002,0.0069,0.0123,0.018799999999999997,-0.0171,-0.0103,-0.0029,0.024,0.0226,0.0212,0.0005,103.0,118.99999999999997
2021-07-21,0.0022,0.0074,0.013000000000000001,0.0194,-0.0171,-0.0098,-0.0026,0.0245,0.022799999999999997,0.021099999999999997,0.0005,108.0,120.0
2021-07-22,0.002,0.0070999999999999995,0.0127,0.019,-0.0175,-0.0101,-0.0029,0.0246,0.022799999999999997,0.021,0.0005,107.0,119.00000000000001
2021-07-23,0.0022,0.0072,0.013000000000000001,0.0192,-0.0181,-0.0105,-0.0031,0.0253,0.0235,0.0217,0.0005,108.0,119.99999999999999
2021-07-26,0.0022,0.0073,0.0129,0.019299999999999998,-0.018600000000000002,-0.0111,-0.0036,0.0259,0.024,0.022099999999999998,0.0005,107.0,119.99999999999997
2021-07-27,0.002,0.0070999999999999995,0.0125,0.0189,-0.0184,-0.0113,-0.0036,0.0255,0.023799999999999998,0.022099999999999998,0.0005,105.0,118.00000000000001
2021-07-28,0.002,0.0072,0.0126,0.019,-0.018500000000000003,-0.0115,-0.0036,0.025699999999999997,0.0241,0.0225,0.0005,106.0,118.0
2021-07-29,0.002,0.0073,0.0128,0.0191,-0.018500000000000003,-0.0115,-0.0036,0.0258,0.024300000000000002,0.022799999999999997,0.0006,108.0,117.99999999999999
2021-07-30,0.0019,0.0069,0.0124,0.0189,-0.0187,-0.0116,-0.0034999999999999996,0.0256,0.024,0.022400000000000003,0.0006,104.99999999999999,120.0
2021-08-02,0.0017000000000000001,0.0066,0.012,0.018600000000000002,-0.018500000000000003,-0.011699999999999999,-0.0036,0.025099999999999997,0.023700000000000002,0.0223,0.0005,103.0,120.00000000000001
2021-08-03,0.0017000000000000001,0.006500000000000001,0.011899999999999999,0.018500000000000003,-0.018600000000000002,-0.011899999999999999,-0.0037,0.025099999999999997,0.023799999999999998,0.0225,0.0005,101.99999999999999,120.00000000000001
2021-08-04,0.0017000000000000001,0.0067,0.011899999999999999,0.0183,-0.0183,-0.0116,-0.0037,0.025,0.0235,0.022000000000000002,0.0005,101.99999999999999,115.99999999999999
2021-08-05,0.0021,0.0072,0.0123,0.018600000000000002,-0.0174,-0.011000000000000001,-0.0034000000000000002,0.0246,0.0233,0.022000000000000002,0.0005,102.00000000000001,114.00000000000003
2021-08-06,0.0021,0.0077,0.0131,0.0194,-0.0173,-0.0106,-0.003,0.025,0.023700000000000002,0.022400000000000003,0.0006,110.00000000000001,117.0
2021-08-09,0.0023,0.0079,0.013300000000000001,0.0196,-0.0171,-0.0104,-0.0028000000000000004,0.025,0.023700000000000002,0.022400000000000003,0.0006,110.00000000000001,116.99999999999999
2021-08-10,0.0024,0.008199999999999999,0.013600000000000001,0.0199,-0.0171,-0.0104,-0.0028000000000000004,0.0253,0.024,0.0227,0.0005,112.00000000000001,117.00000000000001
2021-08-11,0.0023,0.008100000000000001,0.013500000000000002,0.0199,-0.0174,-0.010700000000000001,-0.0028000000000000004,0.0255,0.0242,0.0229,0.0005,112.00000000000001,118.0
2021-08-12,0.0023,0.0083,0.013600000000000001,0.0203,-0.0172,-0.0105,-0.0026,0.0255,0.0241,0.0227,0.0006,113.00000000000001,119.99999999999999
2021-08-13,0.0023,0.0079,0.0129,0.0194,-0.0173,-0.0108,-0.003,0.0252,0.023700000000000002,0.0222,0.0006,106.0,115.0
2021-08-16,0.0021,0.0075,0.0126,0.0192,-0.0175,-0.011000000000000001,-0.0031,0.025,0.0236,0.0222,0.0006,105.0,116.99999999999999
2021-08-17,0.0023,0.0077,0.0126,0.0192,-0.0172,-0.010700000000000001,-0.0027,0.024900000000000002,0.0233,0.0217,0.0007000000000000001,103.0,114.99999999999999
2021-08-18,0.0023,0.0079,0.0127,0.0191,-0.0169,-0.0105,-0.0029,0.0248,0.0232,0.0216,0.0007000000000000001,104.0,111.99999999999999
2021-08-19,0.0022,0.0078000000000000005,0.0124,0.018799999999999997,-0.0167,-0.0104,-0.003,0.0245,0.022799999999999997,0.021099999999999997,0.0006,101.99999999999999,109.99999999999996
2021-08-20,0.0023,0.008,0.0126,0.0187,-0.016,-0.0101,-0.003,0.024,0.0227,0.021400000000000002,0.0005,103.0,107.00000000000001
2021-08-23,0.0023,0.0078000000000000005,0.0125,0.0187,-0.0165,-0.0102,-0.0031,0.024300000000000002,0.0227,0.021099999999999997,0.0005,102.00000000000001,109.0
2021-08-24,0.0024,0.008,0.0129,0.0191,-0.0165,-0.0101,-0.0029,0.0245,0.023,0.0215,0.0005,105.0,110.99999999999999
2021-08-25,0.0023,0.0084,0.013500000000000002,0.0196,-0.0167,-0.01,-0.0026,0.025099999999999997,0.0235,0.0219,0.0006,112.00000000000001,112.0
2021-08-26,0.0025,0.0084,0.0134,0.0194,-0.0166,-0.009899999999999999,-0.0028000000000000004,0.025,0.0233,0.0216,0.0005,109.0,110.00000000000001
2021-08-27,0.0022,0.0079,0.0131,0.0191,-0.0174,-0.0108,-0.0034999999999999996,0.0253,0.0239,0.0225,0.0005,109.0,111.99999999999999
2021-08-30,0.002,0.0077,0.0129,0.019,-0.0174,-0.0108,-0.0034000000000000002,0.025099999999999997,0.023700000000000002,0.0223,0.0005,109.0,112.99999999999999
2021-08-31,0.002,0.0077,0.013000000000000001,0.0192,-0.0171,-0.0103,-0.003,0.0248,0.0233,0.0218,0.0004,110.00000000000001,114.99999999999999
2021-09-01,0.002,0.0078000000000000005,0.0131,0.0192,-0.017,-0.0103,-0.0031,0.0248,0.023399999999999997,0.022000000000000002,0.0005,111.0,113.99999999999997
2021-09-02,0.002,0.0078000000000000005,0.0129,0.019,-0.0169,-0.0103,-0.0031,0.024700000000000003,0.0232,0.0217,0.0005,109.0,111.99999999999999
2021-09-03,0.0021,0.0078000000000000005,0.013300000000000001,0.0194,-0.017,-0.0101,-0.0028000000000000004,0.0248,0.023399999999999997,0.022000000000000002,0.0005,112.00000000000001,115.99999999999999
2021-09-07,0.0022,0.008199999999999999,0.0138,0.0199,-0.0169,-0.0098,-0.0025,0.025099999999999997,0.0236,0.022099999999999998,0.0005,115.99999999999999,117.00000000000001
2021-09-08,0.0022,0.008100000000000001,0.013500000000000002,0.0195,-0.0172,-0.0103,-0.0029,0.0253,0.023799999999999998,0.0223,0.0005,113.00000000000001,113.99999999999999
2021-09-09,0.0023,0.0079,0.013000000000000001,0.019,-0.0176,-0.0108,-0.0036,0.0255,0.023799999999999998,0.022099999999999998,0.0004,107.00000000000001,110.99999999999999
2021-09-10,0.0023,0.008199999999999999,0.013500000000000002,0.0194,-0.0173,-0.0105,-0.0034000000000000002,0.0255,0.024,0.0225,0.0005,112.00000000000001,112.00000000000001
2021-09-13,0.0021,0.008100000000000001,0.013300000000000001,0.0191,-0.0172,-0.0104,-0.0034000000000000002,0.0253,0.023700000000000002,0.022099999999999998,0.0006,112.00000000000001,109.99999999999997
2021-09-14,0.0021,0.0079,0.0128,0.018500000000000003,-0.017,-0.0105,-0.0037,0.024900000000000002,0.0233,0.0217,0.0004,107.00000000000001,106.00000000000001
2021-09-15,0.0021,0.008100000000000001,0.0131,0.0187,-0.017,-0.0104,-0.0036,0.025099999999999997,0.0235,0.0219,0.0004,110.00000000000001,106.0
2021-09-16,0.0023,0.0084,0.0134,0.018799999999999997,-0.0169,-0.0101,-0.0034000000000000002,0.0253,0.0235,0.0217,0.0004,111.0,103.99999999999997
2021-09-17,0.0023,0.0088,0.0137,0.0191,-0.0163,-0.0096,-0.0032,0.025099999999999997,0.0233,0.0215,0.0004,114.0,102.99999999999999
2021-09-20,0.0023,0.0083,0.0131,0.018500000000000003,-0.016,-0.0098,-0.0034000000000000002,0.024300000000000002,0.0229,0.0215,0.0004,108.0,102.00000000000003
2021-09-21,0.0022,0.0084,0.013300000000000001,0.018600000000000002,-0.016,-0.0096,-0.0033,0.024399999999999998,0.0229,0.021400000000000002,0.0003,111.0,102.00000000000003
2021-09-22,0.0025,0.0086,0.0132,0.0184,-0.0155,-0.0096,-0.0034000000000000002,0.0241,0.022799999999999997,0.0215,0.0003,107.0,98.0
2021-09-23,0.0027,0.009399999999999999,0.0141,0.0192,-0.0154,-0.009000000000000001,-0.003,0.0248,0.0231,0.021400000000000002,0.0003,114.0,98.0
2021-09-24,0.0029,0.0097,0.0147,0.0199,-0.015,-0.0087,-0.0024,0.024700000000000003,0.023399999999999997,0.022099999999999998,0.0003,118.0,102.00000000000001
2021-09-27,0.0031,0.0098,0.0148,0.0199,-0.0152,-0.0087,-0.0025,0.025,0.0235,0.022000000000000002,0.0004,117.0,101.00000000000001
2021-09-28,0.0031,0.0102,0.0154,0.0207,-0.0151,-0.0084,-0.002,0.0253,0.023799999999999998,0.0223,0.0004,123.0,104.99999999999999
2021-09-29,0.003,0.0101,0.0155,0.0209,-0.0151,-0.008199999999999999,-0.0018,0.0252,0.023700000000000002,0.0222,0.0004,125.0,107.99999999999999
2021-09-30,0.0028000000000000004,0.0098,0.0152,0.0208,-0.015300000000000001,-0.0085,-0.0019,0.025099999999999997,0.023700000000000002,0.0223,0.0004,124.0,110.0
2021-10-01,0.0027,0.009300000000000001,0.0148,0.0204,-0.0158,-0.009000000000000001,-0.0023,0.025099999999999997,0.023799999999999998,0.0225,0.0004,121.0,111.0
2021-10-04,0.0027,0.0095,0.0149,0.020499999999999997,-0.0158,-0.0089,-0.0023,0.0253,0.023799999999999998,0.0223,0.0004,121.99999999999999,109.99999999999997
2021-10-05,0.0028000000000000004,0.0098,0.0154,0.021,-0.0161,-0.0091,-0.0023,0.0259,0.0245,0.0231,0.0004,126.0,112.00000000000001
2021-10-06,0.003,0.009899999999999999,0.015300000000000001,0.0208,-0.0158,-0.009000000000000001,-0.0024,0.025699999999999997,0.024300000000000002,0.0229,0.0004,123.00000000000001,109.0
2021-10-07,0.0032,0.0102,0.0158,0.0213,-0.0159,-0.0088,-0.002,0.026099999999999998,0.0246,0.0231,0.0005,126.00000000000001,110.99999999999999
2021-10-08,0.0032,0.0105,0.0161,0.0216,-0.0159,-0.0089,-0.0021,0.0264,0.025,0.0236,0.0005,129.0,111.0
2021-10-12,0.0034999999999999996,0.0108,0.0159,0.021,-0.015600000000000001,-0.009000000000000001,-0.0024,0.0264,0.024900000000000002,0.023399999999999997,0.0006,124.00000000000001,102.00000000000001
2021-10-13,0.0037,0.0109,0.015600000000000001,0.020499999999999997,-0.0159,-0.0096,-0.0032,0.0268,0.0252,0.0236,0.0005,119.00000000000001,95.99999999999997
2021-10-14,0.0036,0.0105,0.0152,0.0202,-0.016399999999999998,-0.01,-0.0034000000000000002,0.0269,0.0252,0.0235,0.0005,115.99999999999999,96.99999999999999
2021-10-15,0.0040999999999999995,0.0113,0.0159,0.020499999999999997,-0.0158,-0.0097,-0.0033,0.0271,0.0256,0.0241,0.0005,118.00000000000001,91.99999999999999
2021-10-18,0.0044,0.0116,0.0159,0.020099999999999996,-0.0155,-0.0095,-0.0034000000000000002,0.0271,0.0254,0.023700000000000002,0.0006,115.0,84.99999999999997
2021-10-19,0.0040999999999999995,0.011699999999999999,0.0165,0.0209,-0.0154,-0.0089,-0.0027,0.0271,0.0254,0.023700000000000002,0.0005,124.00000000000001,92.0
2021-10-20,0.004,0.0116,0.0165,0.0212,-0.0161,-0.0092,-0.0026,0.0277,0.025699999999999997,0.023700000000000002,0.0005,125.0,96.00000000000001
2021-10-21,0.0045000000000000005,0.0123,0.0168,0.0213,-0.0171,-0.0096,-0.0031,0.0294,0.0264,0.023399999999999997,0.0006,122.99999999999999,90.0
2021-10-22,0.0048,0.012199999999999999,0.0166,0.0208,-0.0169,-0.0098,-0.0032,0.0291,0.0264,0.023700000000000002,0.0006,118.00000000000001,86.0
2021-10-25,0.004699999999999999,0.011899999999999999,0.016399999999999998,0.0209,-0.0176,-0.0102,-0.0032,0.029500000000000002,0.026600000000000002,0.023700000000000002,0.0006,116.99999999999999,90.0
2021-10-26,0.004699999999999999,0.012,0.0163,0.020499999999999997,-0.0179,-0.0106,-0.0037,0.029900000000000003,0.0269,0.0239,0.0006,115.99999999999999,84.99999999999997
2021-10-27,0.005,0.0116,0.0154,0.0195,-0.018000000000000002,-0.0111,-0.0046,0.0296,0.0265,0.023399999999999997,0.0006,104.0,79.00000000000001
2021-10-28,0.005,0.0118,0.015700000000000002,0.0196,-0.0172,-0.01,-0.0036,0.028999999999999998,0.025699999999999997,0.022400000000000003,0.0006,107.00000000000001,78.0
2021-10-29,0.0048,0.0118,0.0155,0.019299999999999998,-0.0171,-0.0096,-0.003,0.028900000000000002,0.025099999999999997,0.0213,0.0005,107.00000000000001,74.99999999999999
2021-11-01,0.005,0.012,0.0158,0.019799999999999998,-0.0166,-0.0092,-0.0027,0.0286,0.025,0.021400000000000002,0.0005,108.0,77.99999999999999
2021-11-02,0.0046,0.0115,0.015600000000000001,0.0196,-0.0169,-0.0095,-0.0032,0.028399999999999998,0.025099999999999997,0.0218,0.0005,110.00000000000001,81.0
2021-11-03,0.004699999999999999,0.011899999999999999,0.016,0.02,-0.0167,-0.009300000000000001,-0.003,0.0286,0.0253,0.022000000000000002,0.0005,113.00000000000001,81.00000000000001
2021-11-04,0.0040999999999999995,0.011000000000000001,0.015300000000000001,0.0196,-0.0178,-0.0103,-0.0038,0.0288,0.0256,0.022400000000000003,0.0004,112.00000000000001,85.99999999999999
2021-11-05,0.0039000000000000003,0.0104,0.014499999999999999,0.0187,-0.0183,-0.0109,-0.0045000000000000005,0.0287,0.0254,0.022099999999999998,0.0005,105.99999999999999,83.00000000000001
2021-11-08,0.0045000000000000005,0.0113,0.0151,0.0189,-0.0181,-0.0111,-0.005,0.0294,0.0262,0.023,0.0006,106.0,76.00000000000001
2021-11-09,0.0040999999999999995,0.0108,0.0146,0.0183,-0.018799999999999997,-0.011699999999999999,-0.005699999999999999,0.0296,0.0263,0.023,0.0004,105.0,75.0
2021-11-10,0.0051,0.0123,0.015600000000000001,0.0192,-0.018500000000000003,-0.011399999999999999,-0.0052,0.0308,0.027000000000000003,0.0232,0.0005,105.0,68.99999999999999
2021-11-12,0.0053,0.0124,0.0158,0.0195,-0.0187,-0.0115,-0.0051,0.0311,0.0273,0.0235,0.0005,105.00000000000003,71.0
2021-11-15,0.0053,0.0126,0.0163,0.020099999999999996,-0.0191,-0.0113,-0.0048,0.0317,0.0276,0.0235,0.0005,110.0,74.99999999999996
2021-11-16,0.0054,0.0127,0.0163,0.0202,-0.019,-0.011000000000000001,-0.0042,0.0317,0.0273,0.0229,0.0005,108.99999999999999,75.0
2021-11-17,0.0052,0.0124,0.016,0.02,-0.019,-0.011000000000000001,-0.0043,0.031400000000000004,0.027000000000000003,0.0226,0.0005,108.0,76.00000000000001
2021-11-18,0.0052,0.012199999999999999,0.0159,0.0197,-0.0189,-0.011399999999999999,-0.004699999999999999,0.0311,0.0273,0.0235,0.0005,107.00000000000001,75.0
2021-11-19,0.0052,0.012199999999999999,0.0154,0.0191,-0.018000000000000002,-0.0111,-0.0052,0.0302,0.0265,0.022799999999999997,0.0005,102.00000000000001,69.0
2021-11-22,0.0063,0.013300000000000001,0.0163,0.019799999999999998,-0.0165,-0.0098,-0.0040999999999999995,0.0298,0.026099999999999998,0.022400000000000003,0.0005,99.99999999999999,64.99999999999997
2021-11-23,0.006,0.013300000000000001,0.0167,0.0202,-0.0167,-0.0095,-0.0036,0.03,0.0262,0.022400000000000003,0.0006,107.0,68.99999999999999
2021-11-24,0.0064,0.0134,0.016399999999999998,0.0196,-0.0169,-0.0097,-0.0039000000000000003,0.030299999999999997,0.026099999999999998,0.0219,0.0006,99.99999999999999,61.999999999999986
2021-11-26,0.005,0.0116,0.0148,0.0183,-0.0176,-0.010700000000000001,-0.0048,0.0292,0.0255,0.0218,0.0006,98.0,67.00000000000001
2021-11-29,0.0051,0.0118,0.0152,0.0187,-0.0173,-0.0102,-0.0044,0.0291,0.0254,0.0217,0.0006,101.0,69.00000000000001
2021-11-30,0.0052,0.011399999999999999,0.0143,0.0178,-0.0166,-0.010700000000000001,-0.0051,0.027999999999999997,0.025,0.022000000000000002,0.0005,91.0,64.00000000000001
2021-12-01,0.005600000000000001,0.0115,0.0143,0.0177,-0.0155,-0.0101,-0.005,0.027000000000000003,0.024399999999999998,0.0218,0.0006,87.0,62.00000000000001
2021-12-02,0.0063,0.0121,0.0144,0.0176,-0.0152,-0.0103,-0.005600000000000001,0.0273,0.024700000000000003,0.022099999999999998,0.0005,81.0,55.000000000000014
2021-12-03,0.006,0.0113,0.013500000000000002,0.0169,-0.0159,-0.0108,-0.0059,0.027200000000000002,0.024300000000000002,0.021400000000000002,0.0006,75.00000000000001,55.99999999999999
2021-12-06,0.006500000000000001,0.0121,0.0143,0.0175,-0.0158,-0.0101,-0.005,0.0279,0.024399999999999998,0.0209,0.0005,78.0,54.00000000000002
2021-12-07,0.006999999999999999,0.0126,0.0148,0.018000000000000002,-0.0158,-0.009899999999999999,-0.004699999999999999,0.028399999999999998,0.024700000000000003,0.021,0.0006,78.00000000000001,54.00000000000002
2021-12-08,0.0068000000000000005,0.0127,0.0152,0.0187,-0.0161,-0.01,-0.0043,0.0288,0.0252,0.0216,0.0007000000000000001,84.0,60.00000000000002
2021-12-09,0.006999999999999999,0.0126,0.0149,0.0187,-0.0154,-0.0098,-0.0040999999999999995,0.027999999999999997,0.024700000000000003,0.021400000000000002,0.0006,79.00000000000001,61.000000000000014
2021-12-10,0.0067,0.0125,0.0148,0.018799999999999997,-0.0151,-0.0096,-0.0036,0.0276,0.024399999999999998,0.0212,0.0006,81.0,62.999999999999964
2021-12-13,0.0066,0.0121,0.014199999999999999,0.0181,-0.0152,-0.0098,-0.004,0.0273,0.024,0.0207,0.0005,75.99999999999999,60.00000000000002
2021-12-14,0.0067,0.0123,0.0144,0.0182,-0.0143,-0.009300000000000001,-0.0037,0.026600000000000002,0.023700000000000002,0.0208,0.0005,77.0,59.00000000000001
2021-12-15,0.0069,0.0126,0.0147,0.018600000000000002,-0.0141,-0.0092,-0.0034999999999999996,0.026699999999999998,0.0239,0.021099999999999997,0.0005,78.0,60.00000000000002
2021-12-16,0.0064,0.011899999999999999,0.0144,0.0187,-0.0151,-0.0098,-0.0034000000000000002,0.027000000000000003,0.0242,0.021400000000000002,0.0005,80.0,68.00000000000003
2021-12-17,0.0066,0.0118,0.0141,0.0182,-0.0147,-0.0097,-0.0037,0.0265,0.023799999999999998,0.021099999999999997,0.0005,75.0,64.00000000000001
2021-12-20,0.006500000000000001,0.011699999999999999,0.0143,0.018500000000000003,-0.0148,-0.0096,-0.0036,0.0265,0.0239,0.0213,0.0007000000000000001,78.0,68.00000000000004
2021-12-21,0.006999999999999999,0.0124,0.0148,0.0189,-0.014499999999999999,-0.0096,-0.0038,0.0269,0.024399999999999998,0.0219,0.0007000000000000001,78.00000000000001,65.0
2021-12-22,0.0068000000000000005,0.0123,0.0146,0.018600000000000002,-0.0147,-0.0101,-0.0043,0.027000000000000003,0.024700000000000003,0.022400000000000003,0.0008,78.0,63.00000000000002
2021-12-23,0.0070999999999999995,0.0125,0.015,0.0191,-0.0147,-0.0097,-0.0038,0.027200000000000002,0.024700000000000003,0.0222,0.0007000000000000001,79.00000000000001,65.99999999999999
2021-12-27,0.0076,0.0126,0.0148,0.018799999999999997,-0.0149,-0.0102,-0.0042,0.0275,0.025,0.0225,0.0006,72.0,61.99999999999997
2021-12-28,0.0074,0.0127,0.0149,0.019,-0.0151,-0.0101,-0.004,0.0278,0.025,0.0222,0.0006,75.0,63.0
2021-12-29,0.0075,0.0129,0.0155,0.0196,-0.0154,-0.0098,-0.0038,0.028300000000000002,0.0253,0.0223,0.0005,80.0,67.0
2021-12-30,0.0073,0.0127,0.0152,0.019299999999999998,-0.0159,-0.0106,-0.0043,0.0286,0.0258,0.023,0.0005,79.00000000000001,65.99999999999999
2021-12-31,0.0073,0.0126,0.0152,0.019,-0.0161,-0.0104,-0.0044,0.0287,0.0256,0.0225,0.0006,79.00000000000001,63.99999999999999
2022-01-03,0.0078000000000000005,0.0137,0.0163,0.020099999999999996,-0.0158,-0.0097,-0.0036,0.029500000000000002,0.026000000000000002,0.0225,0.0008,84.99999999999997,63.99999999999996
2022-01-04,0.0077,0.0137,0.0166,0.0207,-0.015600000000000001,-0.0091,-0.0027,0.029300000000000003,0.025699999999999997,0.022099999999999998,0.0008,89.0,69.99999999999999
2022-01-05,0.0083,0.0143,0.0171,0.0209,-0.0144,-0.008199999999999999,-0.002,0.0287,0.0253,0.0219,0.0009,88.0,65.99999999999999
2022-01-06,0.0088,0.0147,0.0173,0.0209,-0.013000000000000001,-0.0073,-0.0015,0.0277,0.0246,0.0215,0.001,84.99999999999999,61.999999999999986
2022-01-07,0.0087,0.015,0.0176,0.021099999999999997,-0.0128,-0.0072,-0.0016,0.0278,0.0248,0.0218,0.001,89.00000000000001,60.99999999999998
2022-01-10,0.0092,0.015300000000000001,0.0178,0.021099999999999997,-0.0124,-0.006999999999999999,-0.0015,0.0277,0.0248,0.0219,0.0013,86.0,57.999999999999964
2022-01-11,0.009000000000000001,0.0151,0.0175,0.0208,-0.013600000000000001,-0.0079,-0.0022,0.0287,0.0254,0.022099999999999998,0.0011,85.0,56.999999999999986
2022-01-12,0.0092,0.015,0.0174,0.0208,-0.0132,-0.0074,-0.0017000000000000001,0.0282,0.0248,0.021400000000000002,0.0012,81.99999999999999,57.99999999999999
2022-01-13,0.0091,0.0147,0.017,0.020499999999999997,-0.013000000000000001,-0.0073,-0.0017000000000000001,0.0277,0.024300000000000002,0.0209,0.0012,79.00000000000001,57.99999999999998
2022-01-14,0.009899999999999999,0.0155,0.0178,0.0212,-0.0124,-0.0066,-0.001,0.0279,0.024399999999999998,0.0209,0.0013,79.00000000000001,57.0
2022-01-18,0.0106,0.0165,0.0187,0.0218,-0.0115,-0.0059,-0.0006,0.027999999999999997,0.0246,0.0212,0.0016,81.00000000000001,52.99999999999999
2022-01-19,0.0104,0.016200000000000003,0.0183,0.021400000000000002,-0.0111,-0.005699999999999999,-0.0005,0.0273,0.024,0.0207,0.0017000000000000001,79.00000000000001,52.0
2022-01-20,0.0108,0.016200000000000003,0.0183,0.021400000000000002,-0.011200000000000002,-0.005,-0.0005,0.0274,0.0233,0.0192,0.0017000000000000001,75.0,52.0
2022-01-21,0.0101,0.0154,0.0175,0.0207,-0.0116,-0.0059,-0.0012,0.027000000000000003,0.023399999999999997,0.019799999999999998,0.0017000000000000001,74.00000000000001,52.99999999999999
2022-01-24,0.009899999999999999,0.015300000000000001,0.0175,0.021,-0.0121,-0.0063,-0.0012,0.0274,0.023799999999999998,0.0202,0.0019,76.00000000000003,57.0
2022-01-25,0.0102,0.015600000000000001,0.0178,0.0212,-0.012199999999999999,-0.0063,-0.0009,0.0278,0.0241,0.0204,0.0019,75.99999999999999,55.99999999999999
2022-01-26,0.0113,0.0166,0.018500000000000003,0.0216,-0.0109,-0.0053,-0.0003,0.0275,0.023799999999999998,0.020099999999999996,0.0019,72.00000000000003,50.00000000000001
2022-01-27,0.0118,0.0166,0.0181,0.0209,-0.011000000000000001,-0.0059,-0.0011,0.0276,0.024,0.0204,0.002,63.00000000000002,42.999999999999986
2022-01-28,0.0115,0.0161,0.0178,0.0207,-0.011899999999999999,-0.0066,-0.0014000000000000002,0.027999999999999997,0.024399999999999998,0.0208,0.0019,63.0,46.0
2022-01-31,0.0118,0.016200000000000003,0.0179,0.021099999999999997,-0.012,-0.006500000000000001,-0.0012,0.0282,0.024399999999999998,0.0206,0.0022,60.99999999999999,48.99999999999994
2022-02-01,0.0118,0.0163,0.0181,0.0212,-0.011699999999999999,-0.0062,-0.0008,0.027999999999999997,0.024300000000000002,0.0206,0.0019,63.00000000000002,49.000000000000014
2022-02-02,0.0116,0.016,0.0178,0.021099999999999997,-0.011899999999999999,-0.0063,-0.0007000000000000001,0.0279,0.0241,0.0203,0.0019,62.00000000000001,50.99999999999997
2022-02-03,0.011899999999999999,0.0166,0.0182,0.021400000000000002,-0.011000000000000001,-0.005600000000000001,-0.0001,0.0276,0.023799999999999998,0.02,0.002,63.00000000000002,48.00000000000002
2022-02-04,0.0131,0.0178,0.019299999999999998,0.0223,-0.01,-0.0048,0.0006,0.0278,0.0241,0.0204,0.0023,61.99999999999997,45.00000000000001
2022-02-07,0.013000000000000001,0.0176,0.0192,0.0222,-0.009899999999999999,-0.0048,0.0005,0.0275,0.024,0.020499999999999997,0.0027,61.99999999999997,46.0
2022-02-08,0.013500000000000002,0.0181,0.0196,0.0225,-0.0096,-0.0046,0.0005,0.0277,0.0242,0.0207,0.0025,60.99999999999998,43.99999999999998
2022-02-09,0.013600000000000001,0.0182,0.0194,0.0225,-0.0096,-0.0048,0.0005,0.0278,0.0242,0.0206,0.0026,57.99999999999999,42.999999999999986
2022-02-10,0.0161,0.0196,0.0203,0.023,-0.0085,-0.0042,0.0011,0.0281,0.0245,0.0209,0.004,41.999999999999986,34.0
2022-02-11,0.015,0.0184,0.0192,0.022400000000000003,-0.0098,-0.0051,0.0009,0.0282,0.024300000000000002,0.0204,0.0036,41.999999999999986,40.000000000000036
2022-02-14,0.0158,0.019,0.019799999999999998,0.0229,-0.0101,-0.005,0.0013,0.0291,0.0248,0.020499999999999997,0.0043,39.999999999999964,39.00000000000001
2022-02-15,0.0158,0.0194,0.020499999999999997,0.023700000000000002,-0.0095,-0.0043,0.0018,0.028900000000000002,0.0248,0.0207,0.004,46.99999999999996,43.000000000000014
2022-02-16,0.0152,0.019,0.0203,0.023399999999999997,-0.0097,-0.0043,0.0017000000000000001,0.0287,0.0246,0.020499999999999997,0.0038,50.999999999999986,43.99999999999998
2022-02-17,0.0149,0.018500000000000003,0.0197,0.0231,-0.0102,-0.0046,0.0019,0.0287,0.024300000000000002,0.0199,0.0036,47.999999999999986,45.999999999999964
2022-02-18,0.0147,0.0182,0.0192,0.022400000000000003,-0.0104,-0.0049,0.0012,0.0286,0.0241,0.0196,0.0034999999999999996,44.999999999999986,42.00000000000002
2022-02-22,0.015600000000000001,0.018500000000000003,0.0194,0.022400000000000003,-0.0104,-0.0051,0.0011,0.028900000000000002,0.0245,0.020099999999999996,0.0037,37.99999999999999,39.00000000000001
2022-02-23,0.0158,0.0189,0.0199,0.0229,-0.011200000000000002,-0.0054,0.0012,0.0301,0.0253,0.020499999999999997,0.0034000000000000002,40.99999999999999,40.0
2022-02-24,0.0154,0.0184,0.0196,0.022799999999999997,-0.0121,-0.0059,0.001,0.0305,0.0255,0.020499999999999997,0.0032,41.999999999999986,43.99999999999998
2022-02-25,0.0155,0.018600000000000002,0.0197,0.0229,-0.0116,-0.005699999999999999,0.0009,0.0302,0.0254,0.0206,0.0033,41.999999999999986,42.999999999999986
2022-02-28,0.0144,0.0171,0.0183,0.0217,-0.013999999999999999,-0.0079,-0.0011,0.0311,0.0262,0.0213,0.0034999999999999996,39.00000000000001,46.0
2022-03-01,0.0131,0.015600000000000001,0.0172,0.021099999999999997,-0.0158,-0.009000000000000001,-0.0016,0.031400000000000004,0.0262,0.021,0.0032,40.99999999999999,54.999999999999964
2022-03-02,0.015,0.0174,0.018600000000000002,0.022400000000000003,-0.0149,-0.0085,-0.0014000000000000002,0.0323,0.0271,0.0219,0.0034000000000000002,36.00000000000003,50.00000000000004
2022-03-03,0.015300000000000001,0.0174,0.018600000000000002,0.022400000000000003,-0.0143,-0.0083,-0.0011,0.0317,0.0269,0.022099999999999998,0.0038,33.00000000000001,50.00000000000004
2022-03-04,0.015,0.0165,0.0174,0.0216,-0.0154,-0.009300000000000001,-0.0017000000000000001,0.0319,0.026699999999999998,0.0215,0.0034000000000000002,23.999999999999993,51.00000000000001
2022-03-07,0.0155,0.0171,0.0178,0.0219,-0.0158,-0.009899999999999999,-0.0023,0.0329,0.0277,0.0225,0.0038,23.0,47.999999999999986
2022-03-08,0.0163,0.018000000000000002,0.018600000000000002,0.022400000000000003,-0.0163,-0.0104,-0.003,0.034300000000000004,0.028999999999999998,0.023700000000000002,0.0036,23.000000000000036,44.000000000000014
2022-03-09,0.0168,0.0187,0.0194,0.0229,-0.0146,-0.009000000000000001,-0.002,0.0333,0.028399999999999998,0.0235,0.0038,26.000000000000018,41.999999999999986
2022-03-10,0.0172,0.0192,0.019799999999999998,0.023799999999999998,-0.015,-0.0088,-0.0014000000000000002,0.0342,0.0286,0.023,0.0039000000000000003,25.999999999999982,46.0
2022-03-11,0.0175,0.0196,0.02,0.0236,-0.015600000000000001,-0.009399999999999999,-0.0022,0.0352,0.0294,0.0236,0.004,24.999999999999986,40.0
2022-03-14,0.0187,0.021,0.021400000000000002,0.024700000000000003,-0.013999999999999999,-0.0079,-0.0013,0.035,0.029300000000000003,0.0236,0.0045000000000000005,27.00000000000001,37.00000000000002
2022-03-15,0.018500000000000003,0.021,0.0215,0.024900000000000002,-0.0132,-0.0069,-0.0003,0.0342,0.028399999999999998,0.0226,0.0046,29.999999999999957,39.00000000000001
2022-03-16,0.0195,0.0218,0.0219,0.0246,-0.0116,-0.0060999999999999995,-0.0002,0.0334,0.027999999999999997,0.0226,0.0044,23.999999999999993,28.000000000000004
2022-03-17,0.0194,0.0217,0.022000000000000002,0.025,-0.0134,-0.0070999999999999995,-0.0008,0.0351,0.0291,0.0231,0.004,26.000000000000018,33.00000000000001
2022-03-18,0.0197,0.021400000000000002,0.021400000000000002,0.0242,-0.0134,-0.0072,-0.0009,0.0348,0.0286,0.022400000000000003,0.0042,17.000000000000036,27.999999999999968
2022-03-21,0.021400000000000002,0.0233,0.0232,0.0255,-0.011899999999999999,-0.0058,0.0001,0.0352,0.028999999999999998,0.022799999999999997,0.0054,17.99999999999996,21.99999999999997
2022-03-22,0.0218,0.0239,0.023799999999999998,0.026000000000000002,-0.0113,-0.0053,0.0004,0.0352,0.0291,0.023,0.0051,19.999999999999982,21.00000000000001
2022-03-23,0.0213,0.023399999999999997,0.0232,0.0252,-0.0123,-0.0062,-0.0006,0.035699999999999996,0.0294,0.0231,0.005,18.99999999999999,18.00000000000003
2022-03-24,0.0213,0.023700000000000002,0.023399999999999997,0.025099999999999997,-0.012,-0.0058,-0.0002,0.035699999999999996,0.0292,0.0227,0.0052,20.99999999999998,13.99999999999995
2022-03-25,0.023,0.0255,0.0248,0.026000000000000002,-0.0104,-0.004699999999999999,0.0006,0.0359,0.029500000000000002,0.0231,0.0055000000000000005,17.999999999999996,5.000000000000039
2022-03-28,0.0235,0.0254,0.0246,0.025699999999999997,-0.0102,-0.0049,0.0002,0.0356,0.029500000000000002,0.023399999999999997,0.0059,11.000000000000004,2.999999999999982
2022-03-29,0.0235,0.024900000000000002,0.0241,0.0253,-0.0091,-0.0045000000000000005,0.0005,0.034,0.0286,0.0232,0.0055000000000000005,5.999999999999998,3.999999999999976
2022-03-30,0.0231,0.024399999999999998,0.0235,0.0248,-0.0097,-0.0051,0.0,0.0341,0.0286,0.0231,0.0055000000000000005,4.000000000000011,4.000000000000011
2022-03-31,0.022799999999999997,0.0242,0.0232,0.024399999999999998,-0.0092,-0.0052,-0.0003,0.0334,0.028399999999999998,0.023399999999999997,0.0052,4.000000000000011,1.999999999999988
2022-04-01,0.024399999999999998,0.0255,0.0239,0.024399999999999998,-0.0073,-0.0040999999999999995,0.0,0.032799999999999996,0.027999999999999997,0.0232,0.0053,-4.99999999999997,-11.000000000000004
2022-04-04,0.024300000000000002,0.0256,0.0242,0.0248,-0.0072,-0.0038,0.0002,0.032799999999999996,0.027999999999999997,0.0232,0.0066,-1.0000000000000286,-8.000000000000021
2022-04-05,0.025099999999999997,0.0269,0.0254,0.025699999999999997,-0.0062,-0.003,0.0009,0.0331,0.028399999999999998,0.023700000000000002,0.006500000000000001,3.0000000000000164,-12.000000000000032
2022-04-06,0.025,0.027000000000000003,0.026099999999999998,0.0263,-0.0058,-0.0022,0.0015,0.032799999999999996,0.028300000000000002,0.023799999999999998,0.0067,10.999999999999968,-7.000000000000027
2022-04-07,0.024700000000000003,0.027000000000000003,0.026600000000000002,0.0269,-0.005600000000000001,-0.0016,0.0021,0.0326,0.0282,0.023799999999999998,0.0068000000000000005,18.99999999999999,-1.0000000000000286
2022-04-08,0.0253,0.0276,0.027200000000000002,0.0276,-0.005699999999999999,-0.0015,0.0023,0.0333,0.0287,0.0241,0.006999999999999999,19.000000000000025,0.0
2022-04-11,0.025,0.0279,0.0279,0.028399999999999998,-0.0058,-0.0012,0.0027,0.0337,0.0291,0.0245,0.0077,28.999999999999996,4.99999999999997
2022-04-12,0.0239,0.026600000000000002,0.027200000000000002,0.0282,-0.006500000000000001,-0.0014000000000000002,0.0028000000000000004,0.0331,0.0286,0.0241,0.0074,33.00000000000001,15.999999999999973
2022-04-13,0.023700000000000002,0.026600000000000002,0.027000000000000003,0.0281,-0.0059,-0.001,0.003,0.0325,0.027999999999999997,0.0235,0.0075,33.00000000000001,14.999999999999979
2022-04-14,0.024700000000000003,0.0279,0.028300000000000002,0.0292,-0.0054,-0.0006,0.0034000000000000002,0.0333,0.028900000000000002,0.0245,0.0079,35.99999999999999,12.999999999999991
2022-04-18,0.0246,0.0279,0.0285,0.029500000000000002,-0.005699999999999999,-0.0007000000000000001,0.0033,0.0336,0.0292,0.0248,0.008100000000000001,39.00000000000001,16.000000000000007
2022-04-19,0.026099999999999998,0.0291,0.029300000000000003,0.0301,-0.0045000000000000005,0.0,0.0038,0.0336,0.029300000000000003,0.025,0.008100000000000001,32.00000000000005,9.999999999999973
2022-04-20,0.026000000000000002,0.0287,0.0285,0.028999999999999998,-0.0049,-0.0007000000000000001,0.0028000000000000004,0.0336,0.0292,0.0248,0.008199999999999999,24.999999999999986,2.999999999999982
2022-04-21,0.0268,0.0296,0.028999999999999998,0.0294,-0.0040999999999999995,-0.0012,0.0025,0.0337,0.0302,0.026699999999999998,0.0083,21.99999999999997,-2.0000000000000226
2022-04-22,0.027200000000000002,0.0294,0.028999999999999998,0.029500000000000002,-0.0043,-0.0008,0.003,0.0337,0.0298,0.0259,0.0083,17.99999999999996,1.0000000000000286
2022-04-25,0.0263,0.028399999999999998,0.0281,0.0288,-0.0043,-0.001,0.003,0.0327,0.0291,0.0255,0.0091,17.999999999999996,4.000000000000011
2022-04-26,0.0254,0.0279,0.0277,0.0286,-0.0046,-0.0008,0.0033,0.0325,0.0285,0.0245,0.0083,23.0,6.999999999999992
2022-04-27,0.0258,0.0281,0.0282,0.0291,-0.004699999999999999,-0.0006,0.0036,0.032799999999999996,0.0288,0.0248,0.008199999999999999,23.999999999999993,10.000000000000009
2022-04-28,0.0263,0.0286,0.0285,0.0292,-0.0053,-0.0012,0.0029,0.0339,0.0297,0.0255,0.008199999999999999,22.000000000000007,5.999999999999998
2022-04-29,0.027000000000000003,0.0292,0.028900000000000002,0.0296,-0.0038,0.0001,0.004,0.033,0.0288,0.0246,0.0085,18.99999999999999,4.000000000000011
2022-05-02,0.0273,0.0301,0.029900000000000003,0.030699999999999998,-0.002,0.0018,0.005600000000000001,0.0321,0.0281,0.0241,0.009000000000000001,26.000000000000018,5.999999999999998
2022-05-03,0.0278,0.0301,0.0297,0.030299999999999997,-0.002,0.0014000000000000002,0.0048,0.0321,0.028300000000000002,0.0245,0.0091,19.000000000000025,1.999999999999988
2022-05-04,0.026600000000000002,0.029300000000000003,0.029300000000000003,0.0301,-0.0031,0.0007000000000000001,0.0044,0.032400000000000005,0.0286,0.0248,0.0089,27.00000000000001,7.999999999999952
2022-05-05,0.0271,0.0301,0.0305,0.0315,-0.0022,0.0018,0.0055000000000000005,0.0323,0.0287,0.025099999999999997,0.0085,34.0,14.00000000000002
2022-05-06,0.027200000000000002,0.030600000000000002,0.031200000000000002,0.0323,-0.0016,0.0026,0.0063,0.0322,0.0286,0.025,0.0085,40.0,17.0
2022-05-09,0.026099999999999998,0.029500000000000002,0.0305,0.0319,-0.0011,0.003,0.0066,0.030600000000000002,0.0275,0.024399999999999998,0.0092,44.000000000000014,23.999999999999957
2022-05-10,0.0262,0.0291,0.029900000000000003,0.031200000000000002,-0.0001,0.0034000000000000002,0.0067,0.0292,0.0265,0.023799999999999998,0.0089,37.00000000000002,21.00000000000001
2022-05-11,0.026600000000000002,0.028900000000000002,0.0291,0.0305,-0.0011,0.0021,0.0051,0.03,0.027000000000000003,0.024,0.0091,24.999999999999986,15.999999999999973
2022-05-12,0.0256,0.0281,0.028399999999999998,0.03,-0.0008,0.0025,0.005699999999999999,0.028900000000000002,0.0259,0.0229,0.0096,27.999999999999968,18.99999999999999
2022-05-13,0.026099999999999998,0.028900000000000002,0.029300000000000003,0.031,-0.0014000000000000002,0.0024,0.005699999999999999,0.030299999999999997,0.0269,0.0235,0.0103,32.00000000000005,20.99999999999998
2022-05-16,0.0258,0.028300000000000002,0.0288,0.030899999999999997,-0.0021,0.002,0.0059,0.0304,0.0268,0.0232,0.010700000000000001,29.999999999999993,25.999999999999947
2022-05-17,0.0271,0.0296,0.0298,0.0317,-0.0012,0.0027,0.006500000000000001,0.0308,0.0271,0.023399999999999997,0.0106,27.00000000000001,20.99999999999998
2022-05-18,0.0268,0.028900000000000002,0.028900000000000002,0.030699999999999998,-0.0016,0.0017000000000000001,0.0054,0.0305,0.027200000000000002,0.0239,0.0103,21.00000000000001,17.99999999999996
2022-05-19,0.0263,0.028399999999999998,0.028399999999999998,0.0305,-0.0013,0.0025,0.0063,0.0297,0.0259,0.022099999999999998,0.0105,20.99999999999998,21.00000000000001
2022-05-20,0.026000000000000002,0.027999999999999997,0.0278,0.029900000000000003,-0.0008,0.0023,0.0064,0.0288,0.0255,0.0222,0.0103,17.99999999999996,19.000000000000057
2022-05-23,0.0265,0.0288,0.0286,0.0308,-0.0004,0.0026,0.0068000000000000005,0.0292,0.026000000000000002,0.022799999999999997,0.010700000000000001,21.00000000000001,20.000000000000018
2022-05-24,0.025,0.0276,0.0276,0.0298,-0.0011,0.0021,0.0062,0.0287,0.0255,0.0223,0.0106,25.999999999999982,22.000000000000007
2022-05-25,0.0248,0.0271,0.0275,0.0297,-0.0017000000000000001,0.0019,0.0064,0.0288,0.0256,0.022400000000000003,0.0106,27.00000000000001,26.000000000000018
2022-05-26,0.0246,0.027000000000000003,0.0275,0.029900000000000003,-0.0026,0.0013,0.0060999999999999995,0.0296,0.0262,0.022799999999999997,0.010700000000000001,28.999999999999996,28.999999999999996
2022-05-27,0.024700000000000003,0.0271,0.0274,0.0297,-0.0024,0.0011,0.0059,0.029500000000000002,0.0263,0.0231,0.0108,26.999999999999975,26.000000000000018
2022-05-31,0.0253,0.0281,0.0285,0.030699999999999998,-0.0015,0.0021,0.0067,0.0296,0.0264,0.0232,0.0116,32.000000000000014,25.999999999999982
2022-06-01,0.026600000000000002,0.0294,0.0294,0.030899999999999997,-0.0002,0.0029,0.0067,0.0296,0.0265,0.023399999999999997,0.0115,27.999999999999968,14.999999999999979
2022-06-02,0.0265,0.0292,0.0292,0.030899999999999997,-0.0005,0.0026,0.0062,0.0297,0.026600000000000002,0.0235,0.011699999999999999,27.00000000000001,16.999999999999968
2022-06-03,0.026600000000000002,0.029500000000000002,0.0296,0.0311,-0.0009,0.0022,0.0055000000000000005,0.0304,0.0274,0.024399999999999998,0.0121,29.999999999999993,15.999999999999973
2022-06-06,0.0273,0.030299999999999997,0.0304,0.0319,-0.0002,0.0028000000000000004,0.0062,0.0305,0.0276,0.024700000000000003,0.0126,30.999999999999986,16.000000000000007
2022-06-07,0.0275,0.029900000000000003,0.0298,0.0313,-0.0004,0.0025,0.0058,0.030299999999999997,0.0273,0.024300000000000002,0.0126,23.0,13.999999999999984
2022-06-08,0.0278,0.030299999999999997,0.030299999999999997,0.0318,-0.0003,0.0028000000000000004,0.0063,0.030600000000000002,0.0275,0.024399999999999998,0.0128,24.999999999999986,15.000000000000048
2022-06-09,0.028300000000000002,0.030699999999999998,0.0304,0.0318,-0.0001,0.0029,0.0062,0.0308,0.0275,0.0242,0.013000000000000001,20.99999999999998,11.000000000000037
2022-06-10,0.030600000000000002,0.0325,0.0315,0.032,0.0012,0.0039000000000000003,0.0067,0.0313,0.0276,0.0239,0.0139,8.99999999999998,-5.000000000000004
2022-06-13,0.034,0.0356,0.034300000000000004,0.0342,0.0045000000000000005,0.0069,0.009000000000000001,0.0311,0.0274,0.023700000000000002,0.0173,3.0000000000000164,-13.999999999999984
2022-06-14,0.0345,0.0361,0.0349,0.0345,0.0073,0.0089,0.0101,0.0288,0.026000000000000002,0.0232,0.0183,3.999999999999976,-15.999999999999973
2022-06-15,0.032,0.0338,0.0333,0.0339,0.0038,0.0063,0.0086,0.03,0.027000000000000003,0.024,0.0174,13.000000000000025,1.0000000000000286
2022-06-16,0.031400000000000004,0.0335,0.032799999999999996,0.0335,0.0048,0.0066,0.0086,0.0287,0.0262,0.023700000000000002,0.0159,13.999999999999915,0.0
2022-06-17,0.0317,0.0334,0.0325,0.033,0.0054,0.0067,0.0085,0.027999999999999997,0.0258,0.0236,0.0163,8.000000000000021,-3.999999999999976
2022-06-21,0.0321,0.0338,0.0331,0.0339,0.0054,0.006999999999999999,0.009000000000000001,0.028399999999999998,0.026099999999999998,0.023799999999999998,0.017,10.000000000000009,1.0000000000000286
2022-06-22,0.030600000000000002,0.0322,0.0316,0.0325,0.0048,0.0062,0.008,0.0274,0.0254,0.023399999999999997,0.0161,10.000000000000009,3.0000000000000164
2022-06-23,0.0301,0.031400000000000004,0.030899999999999997,0.0321,0.0045000000000000005,0.0059,0.008100000000000001,0.0269,0.025,0.0231,0.0165,7.999999999999987,6.999999999999923
2022-06-24,0.0304,0.0318,0.0313,0.0326,0.0036,0.005699999999999999,0.008100000000000001,0.0282,0.0256,0.023,0.0173,9.000000000000014,7.999999999999952
2022-06-27,0.0308,0.032400000000000005,0.032,0.0331,0.0045000000000000005,0.006500000000000001,0.0087,0.0279,0.0255,0.0231,0.0179,11.999999999999996,6.999999999999923
2022-06-28,0.031,0.0325,0.032,0.033,0.0052,0.0072,0.0091,0.0273,0.0248,0.0223,0.0179,10.000000000000009,5.000000000000004
2022-06-29,0.030600000000000002,0.0315,0.031,0.0322,0.005600000000000001,0.0074,0.0096,0.0259,0.0236,0.0213,0.0178,3.999999999999976,6.999999999999992
2022-06-30,0.0292,0.0301,0.0298,0.031400000000000004,0.0043,0.006500000000000001,0.0091,0.0258,0.0233,0.0208,0.0172,5.999999999999998,13.00000000000006
2022-07-01,0.028399999999999998,0.0288,0.0288,0.0311,0.0028000000000000004,0.0054,0.0088,0.026000000000000002,0.023399999999999997,0.0208,0.0173,4.000000000000011,23.0
2022-07-05,0.0282,0.0282,0.0282,0.0305,0.0031,0.0052,0.0084,0.025099999999999997,0.023,0.0209,0.019,0.0,23.0
2022-07-06,0.0297,0.0296,0.029300000000000003,0.031400000000000004,0.0048,0.0064,0.009399999999999999,0.0248,0.0229,0.021,0.019,-3.999999999999976,18.00000000000003
2022-07-07,0.030299999999999997,0.0305,0.0301,0.032,0.0052,0.0068000000000000005,0.0098,0.0253,0.0233,0.0213,0.0195,-1.999999999999988,15.000000000000014
2022-07-08,0.031200000000000002,0.0313,0.030899999999999997,0.0327,0.0051,0.0072,0.0102,0.0262,0.023700000000000002,0.0212,0.019799999999999998,-3.000000000000051,13.999999999999984
2022-07-11,0.030699999999999998,0.0305,0.029900000000000003,0.0318,0.0049,0.0067,0.009899999999999999,0.0256,0.0232,0.0208,0.0218,-7.999999999999952,13.000000000000025
2022-07-12,0.030299999999999997,0.0301,0.0296,0.0313,0.0051,0.0064,0.009399999999999999,0.025,0.0232,0.021400000000000002,0.0222,-6.999999999999957,12.000000000000032
2022-07-13,0.0313,0.0302,0.0291,0.0308,0.0051,0.006,0.0088,0.025099999999999997,0.0231,0.021099999999999997,0.0239,-22.000000000000007,5.999999999999998
2022-07-14,0.0315,0.030600000000000002,0.0296,0.0311,0.0052,0.0062,0.0089,0.0254,0.023399999999999997,0.021400000000000002,0.024,-18.99999999999999,4.99999999999997
2022-07-15,0.0313,0.0305,0.029300000000000003,0.031,0.0046,0.005699999999999999,0.0086,0.0259,0.0236,0.0213,0.023700000000000002,-19.999999999999982,5.000000000000004
2022-07-18,0.0315,0.030600000000000002,0.0296,0.031400000000000004,0.0043,0.0059,0.009000000000000001,0.0263,0.023700000000000002,0.021099999999999997,0.025,-18.99999999999999,8.000000000000021
2022-07-19,0.0323,0.031400000000000004,0.0301,0.0317,0.004699999999999999,0.0062,0.0092,0.026699999999999998,0.0239,0.021099999999999997,0.0252,-22.00000000000004,2.999999999999947
2022-07-20,0.0325,0.0318,0.0304,0.0317,0.0051,0.0066,0.0095,0.026699999999999998,0.023799999999999998,0.0209,0.025099999999999997,-21.00000000000001,-1.0000000000000286
2022-07-21,0.031,0.03,0.0291,0.0308,0.0045000000000000005,0.0058,0.009300000000000001,0.0255,0.0233,0.021099999999999997,0.0248,-18.99999999999999,8.000000000000021
2022-07-22,0.0298,0.0287,0.0277,0.03,0.0031,0.0043,0.008199999999999999,0.0256,0.023399999999999997,0.0212,0.024900000000000002,-21.00000000000001,12.999999999999991
2022-07-25,0.03,0.028900000000000002,0.0281,0.0304,0.0031,0.0045000000000000005,0.0085,0.0258,0.0236,0.021400000000000002,0.0262,-18.99999999999999,14.999999999999979
2022-07-26,0.0302,0.028900000000000002,0.0281,0.030299999999999997,0.0033,0.0045000000000000005,0.0085,0.0256,0.0236,0.0216,0.0255,-21.00000000000001,13.99999999999995
2022-07-27,0.0296,0.0282,0.0278,0.030299999999999997,0.0021,0.0036,0.008,0.026099999999999998,0.0242,0.0223,0.024399999999999998,-18.00000000000003,20.99999999999998
2022-07-28,0.0285,0.0269,0.0268,0.0302,0.0002,0.002,0.0075,0.026699999999999998,0.0248,0.0229,0.0242,-17.0,33.00000000000001
2022-07-29,0.028900000000000002,0.027000000000000003,0.026699999999999998,0.03,-0.0003,0.0014000000000000002,0.0070999999999999995,0.0273,0.0253,0.0233,0.0241,-22.00000000000004,29.999999999999957
2022-08-01,0.028999999999999998,0.026600000000000002,0.026000000000000002,0.0292,-0.0006,0.0009,0.0067,0.027200000000000002,0.025099999999999997,0.023,0.0256,-29.999999999999957,25.999999999999982
2022-08-02,0.030600000000000002,0.0285,0.0275,0.03,0.0016,0.0027,0.0079,0.0269,0.0248,0.0227,0.0256,-31.00000000000002,14.999999999999979
2022-08-03,0.031,0.0286,0.0273,0.0296,0.0014000000000000002,0.0023,0.0072,0.027200000000000002,0.025,0.022799999999999997,0.0252,-36.999999999999986,10.000000000000009
2022-08-04,0.030299999999999997,0.0276,0.0268,0.0297,0.0012,0.0022,0.0074,0.0264,0.0246,0.022799999999999997,0.025,-34.999999999999964,21.00000000000001
2022-08-05,0.032400000000000005,0.0297,0.028300000000000002,0.030600000000000002,0.0033,0.0037,0.008100000000000001,0.0264,0.0246,0.022799999999999997,0.0258,-41.00000000000003,9.000000000000014
2022-08-08,0.0321,0.0291,0.0277,0.03,0.0026,0.0029,0.0074,0.0265,0.0248,0.0231,0.0265,-43.99999999999998,8.99999999999998
2022-08-09,0.032799999999999996,0.0297,0.027999999999999997,0.0301,0.0031,0.0033,0.0078000000000000005,0.026600000000000002,0.024700000000000003,0.022799999999999997,0.026699999999999998,-47.999999999999986,3.999999999999976
2022-08-10,0.0323,0.029300000000000003,0.0278,0.0304,0.0032,0.0034999999999999996,0.008199999999999999,0.026099999999999998,0.024300000000000002,0.0225,0.0265,-45.00000000000004,10.999999999999968
2022-08-11,0.0323,0.0298,0.0287,0.0315,0.0031,0.004,0.009000000000000001,0.026699999999999998,0.024700000000000003,0.0227,0.0262,-36.00000000000003,17.0
2022-08-12,0.0325,0.0297,0.028399999999999998,0.031200000000000002,0.003,0.0037,0.0089,0.026699999999999998,0.024700000000000003,0.0227,0.0263,-41.00000000000003,15.000000000000014
2022-08-15,0.032,0.0291,0.0279,0.031,0.0029,0.0034999999999999996,0.0089,0.0262,0.024399999999999998,0.0226,0.027200000000000002,-40.99999999999999,18.99999999999999
2022-08-16,0.0325,0.029500000000000002,0.0282,0.0311,0.0034000000000000002,0.0038,0.0089,0.026099999999999998,0.024399999999999998,0.0227,0.027000000000000003,-43.000000000000014,15.999999999999973
2022-08-17,0.032799999999999996,0.0304,0.028900000000000002,0.0315,0.0039000000000000003,0.0043,0.0092,0.0265,0.0246,0.0227,0.0268,-38.999999999999936,11.000000000000004
2022-08-18,0.0322,0.0302,0.0288,0.031400000000000004,0.0032,0.0036,0.0086,0.027000000000000003,0.0252,0.023399999999999997,0.0271,-34.0,12.000000000000032
2022-08-19,0.0325,0.0311,0.0298,0.0322,0.0039000000000000003,0.0043,0.0087,0.027200000000000002,0.0255,0.023799999999999998,0.0274,-27.00000000000001,11.000000000000004
2022-08-22,0.0332,0.0317,0.030299999999999997,0.032400000000000005,0.0043,0.0046,0.0088,0.0274,0.025699999999999997,0.024,0.0282,-29.000000000000032,7.000000000000062
2022-08-23,0.0329,0.0318,0.0305,0.0326,0.0040999999999999995,0.004699999999999999,0.0089,0.0277,0.0258,0.0239,0.027999999999999997,-23.999999999999993,7.999999999999952
2022-08-24,0.0336,0.032,0.0311,0.0332,0.0040999999999999995,0.0049,0.0092,0.0279,0.0262,0.0245,0.0282,-24.999999999999986,11.999999999999996
2022-08-25,0.0335,0.0315,0.030299999999999997,0.0325,0.0038,0.0043,0.0087,0.0277,0.026000000000000002,0.024300000000000002,0.0288,-32.00000000000005,10.000000000000009
2022-08-26,0.0337,0.032,0.0304,0.0321,0.004699999999999999,0.004699999999999999,0.0085,0.0273,0.025699999999999997,0.0241,0.028900000000000002,-33.00000000000001,0.9999999999999593
2022-08-29,0.0342,0.0327,0.031200000000000002,0.0325,0.005600000000000001,0.0054,0.009000000000000001,0.0271,0.0258,0.0245,0.0297,-29.999999999999993,-1.999999999999988
2022-08-30,0.0346,0.0327,0.0311,0.0323,0.006,0.005600000000000001,0.0087,0.026699999999999998,0.0255,0.024300000000000002,0.0297,-34.99999999999999,-3.999999999999976
2022-08-31,0.0345,0.033,0.0315,0.0327,0.0072,0.0067,0.0096,0.0258,0.0248,0.023799999999999998,0.0296,-30.00000000000003,-3.0000000000000164
2022-09-01,0.0351,0.0339,0.0326,0.0337,0.0087,0.008100000000000001,0.010700000000000001,0.0252,0.0245,0.023799999999999998,0.0297,-25.00000000000002,-1.999999999999988
2022-09-02,0.034,0.033,0.032,0.0335,0.0075,0.0073,0.0101,0.0255,0.024700000000000003,0.0239,0.0294,-20.000000000000018,5.000000000000004
2022-09-06,0.035,0.034300000000000004,0.0333,0.0349,0.0087,0.0085,0.0111,0.0256,0.0248,0.024,0.0304,-17.0,5.999999999999964
2022-09-07,0.0345,0.0337,0.0327,0.0342,0.0086,0.008199999999999999,0.010700000000000001,0.025099999999999997,0.0245,0.0239,0.030699999999999998,-18.00000000000003,5.000000000000004
2022-09-08,0.0348,0.0339,0.0329,0.0345,0.009300000000000001,0.0088,0.0111,0.0246,0.0241,0.0236,0.030600000000000002,-18.99999999999999,6.000000000000033
2022-09-09,0.0356,0.0345,0.0333,0.0347,0.009399999999999999,0.0091,0.011399999999999999,0.025099999999999997,0.0242,0.0233,0.0308,-22.999999999999964,1.999999999999988
2022-09-12,0.0358,0.0347,0.0337,0.0353,0.0095,0.0095,0.0121,0.0252,0.0242,0.0232,0.0317,-20.99999999999998,5.999999999999964
2022-09-13,0.0375,0.0358,0.0342,0.0351,0.0102,0.0098,0.011899999999999999,0.0256,0.024399999999999998,0.0232,0.032799999999999996,-32.99999999999997,-6.999999999999992
2022-09-14,0.0378,0.036000000000000004,0.0341,0.0347,0.0098,0.0095,0.0115,0.0262,0.0246,0.023,0.032400000000000005,-37.00000000000002,-13.000000000000025
2022-09-15,0.0387,0.0366,0.0345,0.0348,0.0109,0.0102,0.0118,0.025699999999999997,0.024300000000000002,0.0229,0.0322,-41.99999999999996,-18.00000000000003
2022-09-16,0.0385,0.0362,0.0345,0.0352,0.0113,0.010700000000000001,0.0125,0.024900000000000002,0.023799999999999998,0.0227,0.032,-39.999999999999964,-10.000000000000009
2022-09-19,0.0395,0.0369,0.0349,0.0352,0.0125,0.0115,0.0128,0.024399999999999998,0.023399999999999997,0.022400000000000003,0.0337,-46.0,-17.0
2022-09-20,0.039599999999999996,0.0375,0.035699999999999996,0.0359,0.0127,0.011699999999999999,0.013000000000000001,0.0248,0.024,0.0232,0.0335,-39.00000000000001,-15.999999999999973
2022-09-21,0.04019999999999999,0.0374,0.0351,0.035,0.0127,0.0113,0.0124,0.024700000000000003,0.023799999999999998,0.0229,0.0331,-50.999999999999936,-23.999999999999993
2022-09-22,0.041100000000000005,0.0391,0.037000000000000005,0.0365,0.0146,0.0129,0.0138,0.0245,0.0241,0.023700000000000002,0.0329,-40.99999999999999,-26.00000000000005
2022-09-23,0.042,0.039599999999999996,0.0369,0.0361,0.0158,0.0132,0.0138,0.023799999999999998,0.023700000000000002,0.0236,0.032400000000000005,-51.00000000000001,-34.999999999999964
2022-09-26,0.042699999999999995,0.0415,0.0388,0.037200000000000004,0.0182,0.015600000000000001,0.0152,0.0233,0.0232,0.0231,0.0339,-38.999999999999936,-42.999999999999986
2022-09-27,0.043,0.0421,0.0397,0.0387,0.018600000000000002,0.016399999999999998,0.0166,0.0235,0.0233,0.0231,0.0335,-32.99999999999997,-34.0
2022-09-28,0.0407,0.0392,0.037200000000000004,0.037000000000000005,0.0155,0.0139,0.015,0.023700000000000002,0.0233,0.0229,0.034,-34.999999999999964,-21.999999999999936
2022-09-29,0.0416,0.0398,0.037599999999999995,0.0371,0.018000000000000002,0.015700000000000002,0.016399999999999998,0.0218,0.0219,0.022000000000000002,0.0336,-40.000000000000036,-27.00000000000001
2022-09-30,0.042199999999999994,0.0406,0.0383,0.0379,0.0192,0.0168,0.0174,0.021400000000000002,0.0215,0.0216,0.0333,-38.999999999999936,-26.99999999999994
2022-10-03,0.0412,0.039,0.036699999999999997,0.0373,0.016399999999999998,0.0143,0.0158,0.0226,0.022400000000000003,0.0222,0.0346,-45.00000000000004,-17.0
2022-10-04,0.040999999999999995,0.0384,0.0362,0.037000000000000005,0.015600000000000001,0.0138,0.0158,0.022799999999999997,0.022400000000000003,0.022000000000000002,0.0345,-47.999999999999915,-13.999999999999915
2022-10-05,0.0415,0.039599999999999996,0.037599999999999995,0.0378,0.017,0.0154,0.0168,0.0226,0.0222,0.0218,0.0346,-39.00000000000008,-17.99999999999996
2022-10-06,0.042300000000000004,0.0405,0.0383,0.0381,0.0176,0.0161,0.0173,0.0229,0.0222,0.0215,0.0346,-40.000000000000036,-23.999999999999993
2022-10-07,0.043,0.0414,0.038900000000000004,0.038599999999999995,0.0178,0.016200000000000003,0.0173,0.0236,0.0227,0.0218,0.0345,-40.99999999999993,-28.00000000000004
2022-10-11,0.043,0.0414,0.0393,0.0392,0.0178,0.016200000000000003,0.0173,0.0236,0.0231,0.0226,0.036699999999999997,-36.99999999999995,-22.000000000000007
2022-10-12,0.042800000000000005,0.0412,0.0391,0.039,0.018000000000000002,0.016200000000000003,0.0171,0.0232,0.0229,0.0226,0.037000000000000005,-37.00000000000002,-22.000000000000007
2022-10-13,0.0447,0.0421,0.0397,0.0397,0.0183,0.0163,0.0172,0.023799999999999998,0.023399999999999997,0.023,0.0379,-49.99999999999997,-23.999999999999993
2022-10-14,0.044800000000000006,0.0425,0.04,0.039900000000000005,0.0181,0.0159,0.0166,0.024399999999999998,0.0241,0.023799999999999998,0.0381,-48.00000000000006,-25.999999999999982
2022-10-17,0.044500000000000005,0.0424,0.04019999999999999,0.0404,0.0176,0.015700000000000002,0.0165,0.0248,0.0245,0.0242,0.0397,-43.00000000000012,-20.000000000000018
2022-10-18,0.0443,0.0421,0.0401,0.0404,0.0179,0.016,0.0171,0.0242,0.0241,0.024,0.0404,-42.00000000000002,-17.0
2022-10-19,0.0455,0.0435,0.0414,0.0415,0.0189,0.0172,0.0179,0.0246,0.0242,0.023799999999999998,0.0407,-40.99999999999999,-19.999999999999947
2022-10-20,0.0462,0.044500000000000005,0.0424,0.0424,0.018000000000000002,0.0173,0.0177,0.0265,0.025099999999999997,0.023700000000000002,0.0409,-37.99999999999998,-21.000000000000046
2022-10-21,0.0449,0.0434,0.0421,0.0433,0.0165,0.0169,0.0182,0.0269,0.0252,0.0235,0.0409,-28.00000000000004,-1.0000000000000286
2022-10-24,0.045,0.0436,0.0425,0.044000000000000004,0.016399999999999998,0.0166,0.0178,0.027200000000000002,0.0259,0.0246,0.0416,-24.999999999999954,4.000000000000045
2022-10-25,0.044199999999999996,0.0425,0.040999999999999995,0.0426,0.0163,0.0159,0.0174,0.0262,0.025099999999999997,0.024,0.0414,-32.000000000000014,0.9999999999999593
2022-10-26,0.043899999999999995,0.042,0.0404,0.04190000000000001,0.016399999999999998,0.016,0.0175,0.0256,0.024399999999999998,0.0232,0.041100000000000005,-34.999999999999964,-0.9999999999999593
2022-10-27,0.043,0.0409,0.039599999999999996,0.0412,0.0152,0.0151,0.0167,0.025699999999999997,0.0245,0.0233,0.041299999999999996,-34.0,3.0000000000000164
2022-10-28,0.0441,0.04190000000000001,0.04019999999999999,0.0415,0.015700000000000002,0.0151,0.0165,0.0262,0.025099999999999997,0.024,0.0418,-39.00000000000008,-4.000000000000045
2022-10-31,0.0451,0.042699999999999995,0.040999999999999995,0.042199999999999994,0.016,0.0158,0.0169,0.026699999999999998,0.0252,0.023700000000000002,0.042199999999999994,-41.000000000000064,-5.000000000000004
2022-11-01,0.0454,0.042699999999999995,0.0407,0.0414,0.016200000000000003,0.015600000000000001,0.016399999999999998,0.0265,0.025099999999999997,0.023700000000000002,0.042300000000000004,-47.00000000000003,-12.999999999999956
2022-11-02,0.0461,0.043,0.040999999999999995,0.0415,0.016200000000000003,0.015700000000000002,0.0163,0.0268,0.0253,0.023799999999999998,0.042199999999999994,-51.00000000000007,-14.999999999999943
2022-11-03,0.0471,0.0436,0.0414,0.0418,0.0182,0.0174,0.0176,0.0254,0.024,0.0226,0.0425,-57.000000000000036,-18.00000000000003
2022-11-04,0.0466,0.0433,0.0417,0.042699999999999995,0.0172,0.0169,0.0177,0.026099999999999998,0.0248,0.0235,0.0421,-49.000000000000014,-6.000000000000033
2022-11-07,0.0472,0.043899999999999995,0.042199999999999994,0.0434,0.0172,0.0169,0.0177,0.026699999999999998,0.0253,0.0239,0.0429,-50.00000000000004,-4.999999999999935
2022-11-08,0.0467,0.0431,0.0414,0.042800000000000005,0.017,0.016399999999999998,0.0174,0.026099999999999998,0.025,0.0239,0.042800000000000005,-52.99999999999999,-2.999999999999947
2022-11-09,0.0461,0.042699999999999995,0.0412,0.0431,0.0174,0.017,0.018000000000000002,0.0253,0.0242,0.0231,0.0429,-49.000000000000014,4.000000000000045
2022-11-10,0.0434,0.0395,0.0382,0.0403,0.0148,0.0143,0.0158,0.024700000000000003,0.0239,0.0231,0.042800000000000005,-52.000000000000036,8.000000000000021
2022-11-14,0.044000000000000004,0.04,0.0388,0.0407,0.0158,0.0151,0.0165,0.0242,0.023700000000000002,0.0232,0.0434,-52.000000000000036,6.999999999999992
2022-11-15,0.0437,0.0393,0.038,0.0398,0.015300000000000001,0.014499999999999999,0.015700000000000002,0.024,0.0235,0.023,0.0431,-57.000000000000036,5.000000000000004
2022-11-16,0.0435,0.0383,0.036699999999999997,0.0385,0.0148,0.0138,0.0151,0.0235,0.0229,0.0223,0.0432,-68.0,1.999999999999988
2022-11-17,0.0443,0.0393,0.0377,0.038900000000000004,0.0161,0.0149,0.015700000000000002,0.0232,0.022799999999999997,0.022400000000000003,0.0432,-66.00000000000001,-3.999999999999976
2022-11-18,0.0451,0.039900000000000005,0.0382,0.0392,0.0171,0.015700000000000002,0.0163,0.022799999999999997,0.0225,0.0222,0.0434,-69.00000000000003,-7.000000000000062
2022-11-21,0.044800000000000006,0.0397,0.0383,0.0391,0.0163,0.0152,0.015700000000000002,0.023399999999999997,0.0231,0.022799999999999997,0.0441,-65.00000000000006,-5.999999999999964
2022-11-22,0.0447,0.0393,0.037599999999999995,0.0383,0.0158,0.0144,0.0151,0.0235,0.0232,0.0229,0.044000000000000004,-71.00000000000003,-10.000000000000009
2022-11-23,0.0446,0.0388,0.0371,0.0374,0.0155,0.0139,0.0143,0.0233,0.0232,0.0231,0.044000000000000004,-75.0,-13.999999999999984
2022-11-25,0.044199999999999996,0.0385,0.0368,0.0374,0.0151,0.013600000000000001,0.014199999999999999,0.023399999999999997,0.0232,0.023,0.0441,-73.99999999999997,-10.999999999999968
2022-11-28,0.0446,0.0388,0.0369,0.0374,0.0159,0.0143,0.0147,0.0229,0.0226,0.0223,0.0441,-76.99999999999999,-13.999999999999984
2022-11-29,0.044800000000000006,0.0392,0.0375,0.0381,0.016200000000000003,0.015,0.0154,0.023,0.0225,0.022000000000000002,0.0438,-73.00000000000009,-10.999999999999968
2022-11-30,0.0438,0.0382,0.0368,0.038,0.0141,0.0134,0.0146,0.0241,0.023399999999999997,0.0227,0.0437,-69.99999999999999,-1.999999999999988
2022-12-01,0.0425,0.0368,0.0353,0.0364,0.0123,0.011699999999999999,0.0129,0.0245,0.0236,0.0227,0.0433,-72.00000000000006,-3.999999999999976
2022-12-02,0.042800000000000005,0.036699999999999997,0.0351,0.0356,0.0116,0.0108,0.0115,0.025099999999999997,0.024300000000000002,0.0235,0.0434,-77.00000000000006,-10.999999999999968
2022-12-05,0.0441,0.038,0.036000000000000004,0.0362,0.0134,0.0121,0.0123,0.0246,0.0239,0.0232,0.0436,-80.99999999999996,-17.99999999999996
2022-12-06,0.0434,0.0373,0.0351,0.0352,0.013500000000000002,0.012,0.0121,0.023799999999999998,0.0231,0.022400000000000003,0.0437,-83.00000000000001,-20.99999999999998
2022-12-07,0.0426,0.0362,0.0342,0.0342,0.0129,0.0116,0.0116,0.0233,0.0226,0.0219,0.0429,-83.99999999999997,-20.000000000000018
2022-12-08,0.0431,0.0371,0.0348,0.0344,0.013500000000000002,0.012,0.0115,0.0236,0.022799999999999997,0.022000000000000002,0.042800000000000005,-83.00000000000001,-27.00000000000001
2022-12-09,0.0433,0.0375,0.035699999999999996,0.0356,0.014499999999999999,0.0131,0.0128,0.023,0.0226,0.0222,0.0431,-76.00000000000003,-18.99999999999999
2022-12-12,0.043899999999999995,0.038,0.0361,0.035699999999999996,0.014499999999999999,0.013300000000000001,0.0129,0.0235,0.022799999999999997,0.022099999999999998,0.0438,-77.99999999999994,-23.000000000000036
2022-12-13,0.042199999999999994,0.0366,0.0351,0.0353,0.013500000000000002,0.0127,0.013000000000000001,0.0231,0.022400000000000003,0.0217,0.0435,-70.99999999999996,-13.000000000000025
2022-12-14,0.042300000000000004,0.0364,0.0349,0.0352,0.0139,0.013000000000000001,0.013500000000000002,0.0225,0.0219,0.0213,0.0433,-74.00000000000004,-11.999999999999996
2022-12-15,0.042300000000000004,0.0362,0.0344,0.0348,0.0141,0.0128,0.013300000000000001,0.022099999999999998,0.0216,0.021099999999999997,0.0434,-79.00000000000004,-14.000000000000053
2022-12-16,0.0417,0.0361,0.0348,0.0353,0.0147,0.013500000000000002,0.013999999999999999,0.021400000000000002,0.0213,0.0212,0.0431,-69.00000000000003,-8.000000000000021
2022-12-19,0.0425,0.037000000000000005,0.035699999999999996,0.0362,0.0151,0.014199999999999999,0.0147,0.0219,0.0215,0.021099999999999997,0.0437,-68.00000000000007,-8.000000000000021
2022-12-20,0.0425,0.0379,0.0369,0.0374,0.015300000000000001,0.014499999999999999,0.015,0.0226,0.022400000000000003,0.0222,0.0435,-56.00000000000001,-5.000000000000004
2022-12-21,0.0421,0.0378,0.0368,0.0374,0.0147,0.0141,0.0148,0.0231,0.0227,0.0223,0.0433,-52.99999999999999,-3.999999999999976
2022-12-22,0.0424,0.0379,0.036699999999999997,0.0373,0.0155,0.0148,0.015300000000000001,0.022400000000000003,0.0219,0.021400000000000002,0.0435,-57.000000000000036,-6.000000000000033
2022-12-23,0.0431,0.038599999999999995,0.0375,0.0382,0.015700000000000002,0.0155,0.016,0.0229,0.022000000000000002,0.021099999999999997,0.0434,-56.00000000000001,-3.999999999999976
2022-12-27,0.0432,0.0394,0.0384,0.0393,0.0161,0.0158,0.0165,0.0233,0.0226,0.0219,0.0446,-48.00000000000006,-0.9999999999999593
2022-12-28,0.0431,0.0397,0.0388,0.0398,0.016399999999999998,0.016,0.0167,0.0233,0.022799999999999997,0.0223,0.0446,-42.999999999999986,1.0000000000000286
2022-12-29,0.0434,0.0394,0.0383,0.0392,0.016200000000000003,0.015600000000000001,0.0163,0.0232,0.0227,0.0222,0.044500000000000005,-51.00000000000001,-1.999999999999988
2022-12-30,0.0441,0.039900000000000005,0.0388,0.0397,0.0166,0.0158,0.0167,0.0233,0.023,0.0227,0.044199999999999996,-52.99999999999999,-2.0000000000000573
2023-01-03,0.044000000000000004,0.0394,0.0379,0.0388,0.0165,0.015300000000000001,0.0161,0.0229,0.0226,0.0223,0.0453,-61.000000000000014,-5.999999999999964
2023-01-04,0.0436,0.0385,0.0369,0.0381,0.016399999999999998,0.0147,0.015700000000000002,0.022099999999999998,0.0222,0.0223,0.0455,-66.99999999999997,-3.999999999999976
2023-01-05,0.044500000000000005,0.039,0.0371,0.0378,0.0168,0.0149,0.0155,0.0222,0.0222,0.0222,0.0466,-74.00000000000004,-11.999999999999996
2023-01-06,0.0424,0.0369,0.0355,0.036699999999999997,0.0151,0.0134,0.0143,0.0218,0.022099999999999998,0.022400000000000003,0.0467,-69.00000000000003,-2.0000000000000573
2023-01-09,0.04190000000000001,0.0366,0.0353,0.0366,0.0148,0.0131,0.0141,0.0218,0.0222,0.0226,0.047,-66.00000000000009,0.0
2023-01-10,0.0424,0.037200000000000004,0.0361,0.0374,0.0152,0.0137,0.0147,0.022000000000000002,0.022400000000000003,0.022799999999999997,0.0473,-63.0,1.999999999999988
2023-01-11,0.042,0.0366,0.0354,0.036699999999999997,0.014499999999999999,0.0131,0.0141,0.022099999999999998,0.0223,0.0225,0.0472,-66.00000000000001,0.9999999999999593
2023-01-12,0.0412,0.0353,0.034300000000000004,0.0356,0.0132,0.012199999999999999,0.013300000000000001,0.022099999999999998,0.022099999999999998,0.022099999999999998,0.0466,-68.99999999999996,3.0000000000000164
2023-01-13,0.042199999999999994,0.036000000000000004,0.0349,0.0361,0.013999999999999999,0.0131,0.0144,0.022000000000000002,0.0218,0.0216,0.0467,-72.99999999999994,0.9999999999999593
2023-01-17,0.0418,0.036000000000000004,0.0353,0.0364,0.014199999999999999,0.013600000000000001,0.0147,0.0218,0.0217,0.0216,0.0471,-64.99999999999999,3.999999999999976
2023-01-18,0.0406,0.034300000000000004,0.0337,0.0354,0.0134,0.0125,0.013999999999999999,0.0209,0.0212,0.0215,0.046900000000000004,-68.99999999999996,10.999999999999968
2023-01-19,0.0409,0.0348,0.0339,0.035699999999999996,0.0127,0.011899999999999999,0.0134,0.022099999999999998,0.022000000000000002,0.0219,0.0471,-69.99999999999999,8.99999999999998
2023-01-20,0.0414,0.0356,0.0348,0.0366,0.013300000000000001,0.0125,0.014199999999999999,0.0223,0.0223,0.0223,0.0472,-66.00000000000001,10.000000000000009
2023-01-23,0.0421,0.0361,0.0352,0.0369,0.013300000000000001,0.0124,0.0141,0.022799999999999997,0.022799999999999997,0.022799999999999997,0.0473,-68.99999999999996,8.000000000000021
2023-01-24,0.0412,0.0358,0.0346,0.0362,0.0129,0.011899999999999999,0.0134,0.0229,0.0227,0.0225,0.0472,-66.00000000000001,4.000000000000045
2023-01-25,0.041100000000000005,0.0354,0.0346,0.0362,0.0126,0.011699999999999999,0.013300000000000001,0.022799999999999997,0.0229,0.023,0.0472,-65.00000000000006,8.000000000000021
2023-01-26,0.0417,0.0358,0.0349,0.0362,0.0126,0.0116,0.013000000000000001,0.0232,0.0233,0.023399999999999997,0.0471,-68.0,4.000000000000045
2023-01-27,0.04190000000000001,0.0362,0.0352,0.0364,0.0129,0.011899999999999999,0.013300000000000001,0.0233,0.0233,0.0233,0.0473,-67.00000000000004,1.999999999999988
2023-01-30,0.0425,0.0368,0.0355,0.0366,0.0138,0.0126,0.0139,0.023,0.0229,0.022799999999999997,0.0472,-70.00000000000006,-1.999999999999988
2023-01-31,0.0421,0.0363,0.0352,0.0365,0.013600000000000001,0.0128,0.0143,0.0227,0.022400000000000003,0.022099999999999998,0.047,-68.99999999999996,1.999999999999988
2023-02-01,0.0409,0.0348,0.0339,0.0355,0.011899999999999999,0.011399999999999999,0.013300000000000001,0.0229,0.0225,0.022099999999999998,0.0466,-69.99999999999999,6.999999999999992
2023-02-02,0.0409,0.0349,0.034,0.0355,0.0123,0.0118,0.0138,0.0226,0.0222,0.0218,0.0466,-68.99999999999996,5.999999999999964
2023-02-03,0.043,0.036699999999999997,0.0353,0.0363,0.013999999999999999,0.0131,0.0146,0.0227,0.0222,0.0217,0.047,-76.99999999999999,-3.999999999999976
2023-02-06,0.0444,0.0381,0.0363,0.036699999999999997,0.0148,0.0138,0.0147,0.0233,0.0225,0.0217,0.0471,-81.00000000000003,-14.000000000000053
2023-02-07,0.0447,0.0385,0.036699999999999997,0.037200000000000004,0.014499999999999999,0.013600000000000001,0.0147,0.024,0.0231,0.0222,0.0471,-80.0,-12.999999999999956
2023-02-08,0.044500000000000005,0.0382,0.0363,0.037000000000000005,0.013600000000000001,0.0129,0.0141,0.0246,0.023399999999999997,0.0222,0.0472,-82.00000000000006,-11.999999999999927
2023-02-09,0.044800000000000006,0.0387,0.036699999999999997,0.0375,0.014199999999999999,0.0134,0.0147,0.0245,0.0233,0.022099999999999998,0.04769999999999999,-81.0000000000001,-11.999999999999996
2023-02-10,0.045,0.0393,0.0374,0.0383,0.0146,0.0141,0.015300000000000001,0.024700000000000003,0.0233,0.0219,0.0479,-75.99999999999996,-10.000000000000009
2023-02-13,0.0452,0.0393,0.037200000000000004,0.0379,0.0149,0.0141,0.0151,0.024399999999999998,0.0231,0.0218,0.0481,-79.99999999999993,-13.999999999999984
2023-02-14,0.046,0.04,0.0377,0.0381,0.0155,0.0146,0.015300000000000001,0.0245,0.0231,0.0217,0.048,-83.00000000000001,-18.99999999999999
2023-02-15,0.0462,0.0404,0.0381,0.0385,0.015300000000000001,0.0146,0.0154,0.025099999999999997,0.0235,0.0219,0.0479,-80.99999999999996,-18.99999999999999
2023-02-16,0.0462,0.0406,0.038599999999999995,0.0392,0.0154,0.0149,0.015700000000000002,0.0252,0.023700000000000002,0.0222,0.0484,-76.00000000000003,-13.999999999999984
2023-02-17,0.046,0.0403,0.0382,0.0388,0.015300000000000001,0.0146,0.0154,0.025,0.0236,0.0222,0.0484,-78.00000000000001,-15.000000000000014
2023-02-21,0.0467,0.0416,0.0395,0.0398,0.0158,0.015300000000000001,0.016,0.0258,0.0242,0.0226,0.048600000000000004,-71.99999999999999,-17.99999999999996
2023-02-22,0.0466,0.041299999999999996,0.0393,0.0394,0.0161,0.0152,0.0158,0.0252,0.0241,0.023,0.0484,-73.00000000000001,-18.99999999999999
2023-02-23,0.0466,0.0409,0.0388,0.0388,0.0159,0.0149,0.0155,0.025,0.0239,0.022799999999999997,0.0484,-78.00000000000001,-20.99999999999998
2023-02-24,0.0478,0.04190000000000001,0.0395,0.0393,0.0172,0.015700000000000002,0.0161,0.024700000000000003,0.023799999999999998,0.0229,0.048600000000000004,-83.00000000000001,-26.00000000000005
2023-02-27,0.0478,0.0417,0.0392,0.0393,0.0168,0.015600000000000001,0.0161,0.024900000000000002,0.0236,0.0223,0.0489,-86.00000000000003,-23.999999999999993
2023-02-28,0.0481,0.0418,0.0392,0.0393,0.016,0.0149,0.015700000000000002,0.0258,0.024300000000000002,0.022799999999999997,0.048799999999999996,-88.99999999999999,-24.999999999999954
2023-03-01,0.0489,0.042699999999999995,0.0401,0.0397,0.0168,0.015700000000000002,0.016,0.0259,0.024399999999999998,0.0229,0.049,-88.00000000000003,-29.999999999999957
2023-03-02,0.0489,0.0432,0.0408,0.0403,0.0167,0.016,0.0163,0.0265,0.0248,0.0231,0.049100000000000005,-80.99999999999996,-28.999999999999996
2023-03-03,0.048600000000000004,0.0426,0.0397,0.039,0.0155,0.014499999999999999,0.0149,0.0271,0.0252,0.0233,0.049100000000000005,-89.00000000000006,-35.99999999999999
2023-03-06,0.0489,0.042699999999999995,0.0398,0.0392,0.015700000000000002,0.0149,0.0154,0.027000000000000003,0.024900000000000002,0.022799999999999997,0.0493,-90.99999999999997,-34.999999999999964
2023-03-07,0.05,0.0431,0.0397,0.0388,0.0177,0.0159,0.015600000000000001,0.0254,0.023799999999999998,0.0222,0.0504,-103.00000000000004,-42.999999999999986
2023-03-08,0.050499999999999996,0.0434,0.0398,0.0388,0.0187,0.0166,0.016200000000000003,0.024700000000000003,0.0232,0.0217,0.0506,-106.99999999999994,-46.0
2023-03-09,0.049,0.042199999999999994,0.0393,0.0388,0.0179,0.0163,0.0163,0.024300000000000002,0.023,0.0217,0.050499999999999996,-97.0,-33.999999999999936
2023-03-10,0.046,0.039599999999999996,0.037000000000000005,0.037000000000000005,0.016200000000000003,0.0144,0.014499999999999999,0.023399999999999997,0.0226,0.0218,0.0501,-89.99999999999994,-25.99999999999991
2023-03-13,0.0403,0.0368,0.0355,0.037000000000000005,0.014199999999999999,0.0131,0.0146,0.0226,0.022400000000000003,0.0222,0.0487,-48.00000000000006,2.0000000000000573
2023-03-14,0.042,0.0378,0.0364,0.0377,0.0143,0.013300000000000001,0.0149,0.0235,0.0231,0.0227,0.048799999999999996,-56.00000000000001,-1.0000000000000286
2023-03-15,0.0393,0.0359,0.0351,0.037000000000000005,0.0126,0.012199999999999999,0.0144,0.0233,0.0229,0.0225,0.0475,-42.00000000000002,11.000000000000037
2023-03-16,0.0414,0.037200000000000004,0.0356,0.0371,0.0146,0.0134,0.0148,0.0226,0.0222,0.0218,0.047400000000000005,-57.99999999999999,-1.0000000000000286
2023-03-17,0.0381,0.0344,0.0339,0.036000000000000004,0.0134,0.0129,0.015,0.021,0.021,0.021,0.0452,-42.00000000000002,16.000000000000043
2023-03-20,0.0392,0.0356,0.0347,0.0365,0.014199999999999999,0.013300000000000001,0.0151,0.021400000000000002,0.021400000000000002,0.021400000000000002,0.0481,-44.99999999999997,8.99999999999998
2023-03-21,0.0417,0.0373,0.0359,0.0373,0.0148,0.013600000000000001,0.0152,0.0225,0.0223,0.022099999999999998,0.0478,-57.99999999999999,0.0
2023-03-22,0.039599999999999996,0.0354,0.0348,0.0368,0.0123,0.012,0.0143,0.0231,0.022799999999999997,0.0225,0.0479,-47.999999999999986,13.999999999999984
2023-03-23,0.037599999999999995,0.0339,0.0338,0.0366,0.0113,0.011899999999999999,0.0143,0.0226,0.0219,0.0212,0.0473,-37.99999999999998,27.00000000000001
2023-03-24,0.037599999999999995,0.0341,0.0338,0.0364,0.012,0.0116,0.014499999999999999,0.022099999999999998,0.0222,0.0223,0.047400000000000005,-37.99999999999998,23.000000000000036
2023-03-27,0.0394,0.0359,0.0353,0.0377,0.0132,0.0129,0.0155,0.0227,0.022400000000000003,0.022099999999999998,0.049100000000000005,-40.99999999999999,17.99999999999996
2023-03-28,0.04019999999999999,0.0363,0.0355,0.0377,0.0129,0.0124,0.015,0.023399999999999997,0.0231,0.022799999999999997,0.048,-46.99999999999996,13.999999999999984
2023-03-29,0.0408,0.036699999999999997,0.035699999999999996,0.0378,0.0129,0.0124,0.015,0.023799999999999998,0.0233,0.022799999999999997,0.048,-51.00000000000007,11.000000000000037
2023-03-30,0.040999999999999995,0.0366,0.0355,0.0374,0.0126,0.0121,0.0148,0.024,0.023399999999999997,0.022799999999999997,0.049699999999999994,-54.99999999999998,8.000000000000021
2023-03-31,0.0406,0.036000000000000004,0.0348,0.036699999999999997,0.012,0.0116,0.0144,0.024,0.0232,0.022400000000000003,0.048499999999999995,-57.99999999999999,6.999999999999923
2023-04-03,0.0397,0.0352,0.034300000000000004,0.0364,0.0113,0.011399999999999999,0.0143,0.0239,0.0229,0.0219,0.049,-53.99999999999995,11.999999999999996
2023-04-04,0.0384,0.0339,0.0335,0.036000000000000004,0.010700000000000001,0.011000000000000001,0.0141,0.0232,0.0225,0.0218,0.048799999999999996,-48.99999999999994,21.000000000000046
2023-04-05,0.0379,0.0336,0.033,0.0356,0.010700000000000001,0.010700000000000001,0.0139,0.0229,0.0223,0.0217,0.048600000000000004,-49.000000000000014,20.000000000000018
2023-04-06,0.0382,0.0337,0.033,0.0354,0.0106,0.0106,0.013500000000000002,0.0231,0.022400000000000003,0.0217,0.049100000000000005,-51.999999999999964,17.0
2023-04-07,0.0397,0.0349,0.0339,0.0361,0.0116,0.011399999999999999,0.013999999999999999,0.0233,0.0225,0.0217,0.0495,-57.99999999999999,11.999999999999996
2023-04-10,0.04,0.0352,0.0341,0.0362,0.0118,0.011399999999999999,0.013999999999999999,0.023399999999999997,0.0227,0.022000000000000002,0.0508,-59.00000000000002,10.000000000000009
2023-04-11,0.0403,0.0354,0.034300000000000004,0.0362,0.0118,0.011399999999999999,0.0138,0.0236,0.0229,0.0222,0.0504,-59.999999999999986,8.000000000000021
2023-04-12,0.0395,0.0346,0.0341,0.0364,0.011699999999999999,0.011399999999999999,0.0138,0.0229,0.0227,0.0225,0.050199999999999995,-54.00000000000002,18.00000000000003
2023-04-13,0.039599999999999996,0.0351,0.0345,0.0369,0.012199999999999999,0.0116,0.013999999999999999,0.0229,0.0229,0.0229,0.051,-50.999999999999936,18.00000000000003
2023-04-14,0.0408,0.036000000000000004,0.0352,0.0374,0.0129,0.012199999999999999,0.0146,0.0231,0.023,0.0229,0.051399999999999994,-56.00000000000001,13.999999999999984
2023-04-17,0.0418,0.0369,0.036000000000000004,0.0381,0.0134,0.0128,0.0152,0.0235,0.0232,0.0229,0.0521,-57.99999999999993,11.999999999999996
2023-04-18,0.04190000000000001,0.0369,0.0358,0.0379,0.013600000000000001,0.013000000000000001,0.015300000000000001,0.0233,0.022799999999999997,0.0223,0.052000000000000005,-61.000000000000085,10.000000000000009
2023-04-19,0.0424,0.0371,0.036000000000000004,0.0379,0.0138,0.0132,0.015300000000000001,0.0233,0.022799999999999997,0.0223,0.0516,-63.99999999999996,8.000000000000021
2023-04-20,0.0414,0.0363,0.0354,0.0375,0.013500000000000002,0.0128,0.015,0.022799999999999997,0.0226,0.022400000000000003,0.0512,-59.999999999999986,11.999999999999996
2023-04-21,0.0417,0.0366,0.035699999999999996,0.0378,0.013600000000000001,0.0129,0.015300000000000001,0.023,0.022799999999999997,0.0226,0.051399999999999994,-60.00000000000006,11.999999999999996
2023-04-24,0.0412,0.036000000000000004,0.0352,0.0373,0.0127,0.0124,0.0148,0.0233,0.022799999999999997,0.0223,0.052000000000000005,-59.999999999999986,12.999999999999956
2023-04-25,0.038599999999999995,0.034300000000000004,0.034,0.0365,0.011699999999999999,0.0115,0.0143,0.0226,0.0225,0.022400000000000003,0.0512,-45.99999999999993,21.999999999999936
2023-04-26,0.039,0.0346,0.034300000000000004,0.037000000000000005,0.012,0.0118,0.0146,0.0226,0.0225,0.022400000000000003,0.0516,-46.99999999999996,24.000000000000064
2023-04-27,0.0407,0.036000000000000004,0.0353,0.037599999999999995,0.0131,0.0126,0.015,0.0229,0.0227,0.0225,0.0518,-54.00000000000002,15.999999999999904
2023-04-28,0.0404,0.0351,0.0344,0.036699999999999997,0.0131,0.0126,0.0151,0.022000000000000002,0.0218,0.0216,0.051,-59.999999999999986,15.999999999999973
2023-05-01,0.0414,0.0364,0.0359,0.0384,0.013999999999999999,0.013600000000000001,0.0161,0.022400000000000003,0.0223,0.0222,0.0527,-54.99999999999998,19.999999999999947
2023-05-02,0.0397,0.0346,0.0344,0.037200000000000004,0.0128,0.0124,0.015300000000000001,0.0218,0.022000000000000002,0.0222,0.0524,-52.99999999999999,26.00000000000005
2023-05-03,0.038900000000000004,0.0337,0.0338,0.037000000000000005,0.0118,0.0118,0.015,0.0219,0.022000000000000002,0.022099999999999998,0.0526,-51.00000000000007,33.00000000000004
2023-05-04,0.0375,0.0329,0.0337,0.0373,0.0116,0.0118,0.0152,0.0213,0.0219,0.0225,0.0526,-37.99999999999998,44.000000000000014
2023-05-05,0.0392,0.0341,0.0344,0.037599999999999995,0.012199999999999999,0.0123,0.015300000000000001,0.0219,0.022099999999999998,0.0223,0.0526,-47.999999999999986,34.999999999999964
2023-05-08,0.04,0.0349,0.0352,0.0384,0.0127,0.0129,0.0159,0.0222,0.0223,0.022400000000000003,0.053099999999999994,-47.999999999999986,34.999999999999964
2023-05-09,0.0401,0.0351,0.0353,0.0385,0.0129,0.013000000000000001,0.0161,0.0222,0.0223,0.022400000000000003,0.0529,-47.999999999999986,34.0
2023-05-10,0.039,0.0337,0.034300000000000004,0.038,0.0124,0.0126,0.0158,0.0213,0.0217,0.022099999999999998,0.0524,-46.99999999999996,42.999999999999986
2023-05-11,0.038900000000000004,0.0336,0.0339,0.0373,0.0126,0.0123,0.015300000000000001,0.021,0.0216,0.0222,0.052000000000000005,-50.00000000000004,37.00000000000002
2023-05-12,0.0398,0.0345,0.0346,0.0378,0.0134,0.0128,0.0154,0.021099999999999997,0.0218,0.0225,0.0525,-52.000000000000036,32.99999999999997
2023-05-15,0.039900000000000005,0.0346,0.035,0.0384,0.0134,0.0131,0.0159,0.0212,0.0219,0.0226,0.0521,-49.000000000000014,37.99999999999998
2023-05-16,0.0406,0.0352,0.0354,0.0387,0.0141,0.013500000000000002,0.0161,0.021099999999999997,0.0219,0.0227,0.052300000000000006,-51.999999999999964,34.999999999999964
2023-05-17,0.0412,0.0358,0.035699999999999996,0.0388,0.014199999999999999,0.013500000000000002,0.016,0.0216,0.0222,0.022799999999999997,0.0526,-55.00000000000005,30.00000000000003
2023-05-18,0.0424,0.0369,0.0365,0.0391,0.015300000000000001,0.014199999999999999,0.0163,0.0216,0.0223,0.023,0.053099999999999994,-59.00000000000002,22.000000000000007
2023-05-19,0.042800000000000005,0.037599999999999995,0.037000000000000005,0.0395,0.015700000000000002,0.0146,0.0166,0.0219,0.022400000000000003,0.0229,0.0529,-57.99999999999999,19.000000000000057
2023-05-22,0.0429,0.0377,0.037200000000000004,0.0397,0.0159,0.0148,0.0168,0.0218,0.022400000000000003,0.023,0.054000000000000006,-56.999999999999964,20.000000000000018
2023-05-23,0.0426,0.037599999999999995,0.037000000000000005,0.039599999999999996,0.0155,0.0144,0.0165,0.022099999999999998,0.0226,0.0231,0.053399999999999996,-55.999999999999936,20.000000000000018
2023-05-24,0.0431,0.0375,0.0373,0.0397,0.0161,0.0148,0.0167,0.021400000000000002,0.0225,0.0236,0.0537,-57.99999999999999,22.000000000000007
2023-05-25,0.045,0.039,0.0383,0.0401,0.0178,0.0158,0.0168,0.0212,0.0225,0.023799999999999998,0.0538,-66.99999999999997,10.999999999999968
2023-05-26,0.0454,0.0392,0.038,0.039599999999999996,0.0179,0.015700000000000002,0.016399999999999998,0.0213,0.0223,0.0233,0.053399999999999996,-74.00000000000004,3.999999999999976
2023-05-30,0.0446,0.0381,0.0369,0.039,0.0169,0.0147,0.016200000000000003,0.0212,0.0222,0.0232,0.0555,-76.99999999999999,8.99999999999998
2023-05-31,0.044000000000000004,0.0374,0.0364,0.0385,0.0167,0.0146,0.0163,0.0207,0.0218,0.0229,0.0552,-76.00000000000003,10.999999999999968
2023-06-01,0.0433,0.037000000000000005,0.0361,0.0384,0.0163,0.014499999999999999,0.016200000000000003,0.0207,0.0216,0.0225,0.055,-71.99999999999999,13.999999999999915
2023-06-02,0.045,0.0384,0.0369,0.0388,0.0171,0.0151,0.0166,0.0213,0.0218,0.0223,0.055,-80.99999999999996,4.000000000000045
2023-06-05,0.0446,0.0382,0.0369,0.038900000000000004,0.0167,0.015,0.0166,0.0215,0.0219,0.0223,0.0546,-76.99999999999999,7.000000000000062
2023-06-06,0.0451,0.0385,0.037000000000000005,0.0387,0.0171,0.015,0.016399999999999998,0.021400000000000002,0.022000000000000002,0.0226,0.054400000000000004,-80.99999999999996,1.999999999999988
2023-06-07,0.045599999999999995,0.0393,0.0379,0.0395,0.0178,0.0158,0.017,0.0215,0.022099999999999998,0.0227,0.0542,-76.99999999999991,1.999999999999988
2023-06-08,0.0452,0.0387,0.0373,0.038900000000000004,0.0173,0.015300000000000001,0.0165,0.021400000000000002,0.022000000000000002,0.0226,0.0538,-78.99999999999997,2.0000000000000573
2023-06-09,0.045899999999999996,0.0392,0.0375,0.038900000000000004,0.0179,0.0155,0.0165,0.0213,0.022000000000000002,0.0227,0.0537,-83.99999999999997,-2.999999999999947
2023-06-12,0.0455,0.038900000000000004,0.0373,0.0387,0.018000000000000002,0.015600000000000001,0.0165,0.0209,0.0217,0.0225,0.054000000000000006,-81.99999999999999,-2.0000000000000573
2023-06-13,0.0467,0.0401,0.0384,0.0394,0.0189,0.016399999999999998,0.017,0.0212,0.022000000000000002,0.022799999999999997,0.0536,-83.00000000000001,-6.999999999999992
2023-06-14,0.047400000000000005,0.0406,0.0383,0.039,0.0191,0.016200000000000003,0.0167,0.0215,0.022099999999999998,0.0227,0.0536,-91.00000000000004,-15.999999999999973
2023-06-15,0.0462,0.0391,0.037200000000000004,0.0385,0.0175,0.0151,0.0163,0.0216,0.022099999999999998,0.0226,0.0533,-89.99999999999994,-6.000000000000033
2023-06-16,0.047,0.039900000000000005,0.0377,0.038599999999999995,0.0182,0.0155,0.0163,0.0217,0.0222,0.0227,0.053399999999999996,-93.00000000000003,-13.000000000000094
2023-06-20,0.046799999999999994,0.039599999999999996,0.0374,0.0383,0.0182,0.0152,0.0159,0.021400000000000002,0.0222,0.023,0.053899999999999997,-93.99999999999991,-12.999999999999956
2023-06-21,0.046799999999999994,0.0395,0.037200000000000004,0.0381,0.018000000000000002,0.0151,0.015700000000000002,0.0215,0.022099999999999998,0.0227,0.054000000000000006,-95.9999999999999,-13.999999999999984
2023-06-22,0.04769999999999999,0.0403,0.038,0.0388,0.018500000000000003,0.015600000000000001,0.0163,0.0218,0.022400000000000003,0.023,0.054000000000000006,-96.99999999999993,-15.000000000000014
2023-06-23,0.0471,0.039900000000000005,0.0374,0.0382,0.0183,0.015300000000000001,0.0159,0.0216,0.022099999999999998,0.0226,0.0541,-97.0,-17.00000000000007
2023-06-26,0.04650000000000001,0.039599999999999996,0.037200000000000004,0.0383,0.0183,0.0154,0.016200000000000003,0.0213,0.0218,0.0223,0.055,-93.00000000000003,-12.999999999999956
2023-06-27,0.047400000000000005,0.04019999999999999,0.0377,0.0384,0.019,0.015700000000000002,0.0163,0.0212,0.022000000000000002,0.022799999999999997,0.054400000000000004,-97.00000000000007,-17.99999999999996
2023-06-28,0.0471,0.0397,0.0371,0.0381,0.018500000000000003,0.015300000000000001,0.0161,0.0212,0.0218,0.022400000000000003,0.054400000000000004,-100.00000000000001,-15.999999999999973
2023-06-29,0.0487,0.0414,0.0385,0.0392,0.0199,0.0165,0.0169,0.0215,0.022000000000000002,0.0225,0.0546,-102.00000000000001,-22.000000000000007
2023-06-30,0.0487,0.041299999999999996,0.0381,0.0385,0.0195,0.0159,0.016200000000000003,0.0218,0.0222,0.0226,0.054299999999999994,-105.99999999999999,-27.999999999999968
2023-07-03,0.049400000000000006,0.04190000000000001,0.038599999999999995,0.0387,0.019799999999999998,0.0161,0.016200000000000003,0.022099999999999998,0.0225,0.0229,0.054400000000000004,-108.00000000000011,-32.000000000000085
2023-07-05,0.049400000000000006,0.0425,0.0395,0.0395,0.020499999999999997,0.0169,0.017,0.022000000000000002,0.0226,0.0232,0.054400000000000004,-99.00000000000006,-30.00000000000003
2023-07-06,0.0499,0.0437,0.0405,0.0401,0.0215,0.0178,0.0175,0.0222,0.0227,0.0232,0.0546,-93.99999999999999,-36.00000000000006
2023-07-07,0.049400000000000006,0.0435,0.0406,0.0405,0.0213,0.0179,0.0178,0.0222,0.0227,0.0232,0.0546,-88.00000000000009,-29.999999999999957
2023-07-10,0.048499999999999995,0.0425,0.0401,0.0405,0.0206,0.0176,0.0179,0.0219,0.0225,0.0231,0.0548,-83.99999999999997,-20.000000000000018
2023-07-11,0.048799999999999996,0.0424,0.039900000000000005,0.0403,0.0208,0.0175,0.018000000000000002,0.0216,0.022400000000000003,0.0232,0.054900000000000004,-88.99999999999991,-20.99999999999998
2023-07-12,0.0472,0.0407,0.038599999999999995,0.039599999999999996,0.0189,0.016,0.0167,0.0218,0.0226,0.023399999999999997,0.0547,-86.00000000000003,-11.000000000000037
2023-07-13,0.045899999999999996,0.0393,0.037599999999999995,0.039,0.0177,0.0152,0.016399999999999998,0.0216,0.022400000000000003,0.0232,0.0547,-83.00000000000001,-3.0000000000000164
2023-07-14,0.047400000000000005,0.0404,0.0383,0.0393,0.0189,0.0159,0.0167,0.0215,0.022400000000000003,0.0233,0.054900000000000004,-91.00000000000004,-10.999999999999968
2023-07-17,0.047400000000000005,0.04019999999999999,0.0381,0.0394,0.018600000000000002,0.015600000000000001,0.0167,0.0216,0.0225,0.023399999999999997,0.054900000000000004,-93.00000000000003,-7.999999999999952
2023-07-18,0.047400000000000005,0.04,0.038,0.0391,0.0187,0.015700000000000002,0.0166,0.0213,0.0223,0.0233,0.054900000000000004,-94.00000000000006,-8.99999999999998
2023-07-19,0.047400000000000005,0.0398,0.0375,0.0384,0.018500000000000003,0.015300000000000001,0.0161,0.0213,0.0222,0.0231,0.054900000000000004,-99.00000000000006,-14.000000000000053
2023-07-20,0.048,0.0408,0.0385,0.0391,0.0187,0.015,0.016200000000000003,0.022099999999999998,0.0235,0.024900000000000002,0.054900000000000004,-95.00000000000001,-17.0
2023-07-21,0.0482,0.0409,0.0384,0.0391,0.018600000000000002,0.0149,0.016200000000000003,0.0223,0.0235,0.024700000000000003,0.055,-98.00000000000003,-17.99999999999996
2023-07-24,0.0481,0.041299999999999996,0.038599999999999995,0.0392,0.018500000000000003,0.0148,0.0161,0.022799999999999997,0.023799999999999998,0.0248,0.055099999999999996,-95.00000000000001,-20.99999999999998
2023-07-25,0.048499999999999995,0.0415,0.0391,0.0395,0.0189,0.0152,0.0165,0.0226,0.0239,0.0252,0.055099999999999996,-93.99999999999991,-20.000000000000018
2023-07-26,0.0482,0.0409,0.038599999999999995,0.0394,0.018500000000000003,0.015,0.0165,0.022400000000000003,0.0236,0.0248,0.055099999999999996,-96.00000000000004,-15.000000000000014
2023-07-27,0.049100000000000005,0.0424,0.0401,0.0406,0.0197,0.016399999999999998,0.0176,0.0227,0.023700000000000002,0.024700000000000003,0.055099999999999996,-90.00000000000009,-18.00000000000003
2023-07-28,0.0487,0.0418,0.039599999999999996,0.0403,0.019,0.0158,0.0172,0.022799999999999997,0.023799999999999998,0.0248,0.0552,-91.00000000000004,-14.999999999999943
2023-07-31,0.048799999999999996,0.0418,0.0397,0.04019999999999999,0.0191,0.016,0.0176,0.0227,0.023700000000000002,0.024700000000000003,0.0555,-90.99999999999997,-16.000000000000043
2023-08-01,0.0492,0.0424,0.0405,0.041100000000000005,0.019799999999999998,0.0168,0.0181,0.0226,0.023700000000000002,0.0248,0.0554,-87.0,-12.999999999999956
2023-08-02,0.048799999999999996,0.0424,0.0408,0.0417,0.0199,0.0172,0.018500000000000003,0.0225,0.0236,0.024700000000000003,0.0553,-79.99999999999993,-6.999999999999992
2023-08-03,0.049,0.043,0.042,0.0432,0.0206,0.0183,0.0199,0.022400000000000003,0.023700000000000002,0.025,0.0554,-69.99999999999999,2.0000000000000573
2023-08-04,0.0478,0.0415,0.0405,0.0421,0.0189,0.0167,0.0187,0.0226,0.023799999999999998,0.025,0.0554,-73.00000000000001,5.999999999999964
2023-08-07,0.047599999999999996,0.0416,0.0409,0.042699999999999995,0.0187,0.0168,0.0189,0.0229,0.0241,0.0253,0.0556,-66.99999999999997,10.999999999999968
2023-08-08,0.047400000000000005,0.040999999999999995,0.04019999999999999,0.042,0.018600000000000002,0.0166,0.018799999999999997,0.022400000000000003,0.0236,0.0248,0.0557,-72.00000000000011,10.000000000000078
2023-08-09,0.0479,0.0412,0.04,0.0418,0.0189,0.0166,0.0187,0.0223,0.023399999999999997,0.0245,0.0555,-78.99999999999997,5.999999999999964
2023-08-10,0.0482,0.0421,0.0409,0.0424,0.0196,0.0176,0.0196,0.0225,0.0233,0.0241,0.0554,-73.00000000000001,3.0000000000000164
2023-08-11,0.0489,0.0431,0.0416,0.042699999999999995,0.020099999999999996,0.018000000000000002,0.0196,0.023,0.0236,0.0242,0.0554,-73.00000000000001,-4.000000000000045
2023-08-14,0.0496,0.0436,0.04190000000000001,0.0429,0.0207,0.0183,0.019799999999999998,0.0229,0.0236,0.024300000000000002,0.0556,-76.99999999999991,-6.999999999999992
2023-08-15,0.0492,0.0436,0.0421,0.0432,0.0212,0.0189,0.0202,0.022400000000000003,0.0232,0.024,0.0556,-71.00000000000003,-3.999999999999976
2023-08-16,0.049699999999999994,0.044199999999999996,0.042800000000000005,0.0438,0.0219,0.0196,0.0206,0.0223,0.0232,0.0241,0.0556,-68.9999999999999,-3.999999999999976
2023-08-17,0.049400000000000006,0.044199999999999996,0.043,0.0441,0.0218,0.0197,0.0209,0.022400000000000003,0.0233,0.0242,0.0556,-64.0000000000001,-0.9999999999999593
2023-08-18,0.0492,0.0438,0.0426,0.0438,0.0216,0.0194,0.0208,0.0222,0.0232,0.0242,0.0555,-66.00000000000001,0.0
2023-08-21,0.049699999999999994,0.0446,0.0434,0.044500000000000005,0.022099999999999998,0.02,0.0212,0.0225,0.023399999999999997,0.024300000000000002,0.0557,-62.99999999999993,-0.9999999999999593
2023-08-22,0.050199999999999995,0.0449,0.0434,0.044199999999999996,0.0222,0.0199,0.0207,0.0227,0.0235,0.024300000000000002,0.0557,-67.99999999999993,-7.000000000000062
2023-08-23,0.0495,0.0436,0.04190000000000001,0.042699999999999995,0.021,0.0184,0.019299999999999998,0.0226,0.0235,0.024399999999999998,0.0557,-75.99999999999996,-9.00000000000005
2023-08-24,0.049800000000000004,0.043899999999999995,0.042300000000000004,0.043,0.0215,0.0191,0.019799999999999998,0.022400000000000003,0.0232,0.024,0.0558,-75.0,-8.99999999999998
2023-08-25,0.050300000000000004,0.0444,0.0425,0.043,0.0219,0.0192,0.0199,0.0225,0.0233,0.0241,0.056100000000000004,-78.00000000000001,-14.000000000000053
2023-08-28,0.049800000000000004,0.0438,0.042,0.0429,0.0217,0.019,0.0199,0.022099999999999998,0.023,0.0239,0.0558,-78.00000000000001,-8.99999999999998
2023-08-29,0.0487,0.0426,0.0412,0.042300000000000004,0.0208,0.0183,0.0195,0.0218,0.0229,0.024,0.0556,-75.0,-2.999999999999947
2023-08-30,0.049,0.042699999999999995,0.0412,0.042300000000000004,0.021099999999999997,0.018600000000000002,0.0197,0.0216,0.0226,0.0236,0.0556,-78.00000000000001,-3.9999999999999063
2023-08-31,0.048499999999999995,0.042300000000000004,0.0409,0.042,0.0208,0.018500000000000003,0.0196,0.0215,0.022400000000000003,0.0233,0.0556,-75.99999999999996,-3.0000000000000164
2023-09-01,0.0487,0.0429,0.0418,0.0429,0.0212,0.0192,0.0204,0.0217,0.0226,0.0235,0.0553,-69.00000000000003,0.0
2023-09-05,0.049400000000000006,0.0437,0.042699999999999995,0.0438,0.0216,0.019799999999999998,0.021,0.022099999999999998,0.0229,0.023700000000000002,0.0555,-67.00000000000011,0.9999999999999593
2023-09-06,0.0501,0.0444,0.043,0.0437,0.022099999999999998,0.02,0.0208,0.0223,0.023,0.023700000000000002,0.0555,-71.00000000000003,-6.999999999999992
2023-09-07,0.049400000000000006,0.0438,0.042699999999999995,0.0436,0.021400000000000002,0.0195,0.0206,0.022400000000000003,0.0232,0.024,0.0553,-67.00000000000011,-1.999999999999988
2023-09-08,0.049800000000000004,0.043899999999999995,0.0426,0.0433,0.0213,0.019299999999999998,0.020099999999999996,0.0226,0.0233,0.024,0.0555,-72.00000000000006,-5.999999999999964
2023-09-11,0.049699999999999994,0.044000000000000004,0.0429,0.0437,0.021400000000000002,0.0194,0.0204,0.0226,0.0235,0.024399999999999998,0.0555,-67.99999999999993,-3.0000000000000164
2023-09-12,0.049800000000000004,0.0441,0.042699999999999995,0.0435,0.021400000000000002,0.019299999999999998,0.0202,0.0227,0.023399999999999997,0.0241,0.0556,-71.00000000000009,-6.000000000000033
2023-09-13,0.0496,0.043899999999999995,0.0425,0.0434,0.021099999999999997,0.019,0.02,0.022799999999999997,0.0235,0.0242,0.0555,-70.99999999999996,-4.999999999999935
2023-09-14,0.05,0.044199999999999996,0.0429,0.043899999999999995,0.0215,0.0195,0.0206,0.0227,0.023399999999999997,0.0241,0.0555,-71.00000000000003,-3.0000000000000164
2023-09-15,0.050199999999999995,0.044500000000000005,0.0433,0.044199999999999996,0.0218,0.019799999999999998,0.0208,0.0227,0.0235,0.024300000000000002,0.0556,-68.99999999999996,-3.000000000000086
2023-09-18,0.050499999999999996,0.0446,0.0432,0.044000000000000004,0.0217,0.0196,0.020499999999999997,0.0229,0.0236,0.024300000000000002,0.0555,-72.99999999999994,-5.999999999999964
2023-09-19,0.0508,0.0451,0.0437,0.0443,0.022099999999999998,0.02,0.0209,0.023,0.023700000000000002,0.024399999999999998,0.0554,-70.99999999999996,-8.000000000000021
2023-09-20,0.0512,0.0452,0.0435,0.044000000000000004,0.0225,0.02,0.0207,0.0227,0.0235,0.024300000000000002,0.0556,-77.00000000000006,-11.999999999999927
2023-09-21,0.0512,0.0461,0.0449,0.045599999999999995,0.0232,0.021099999999999997,0.022000000000000002,0.0229,0.023799999999999998,0.024700000000000003,0.0557,-63.0,-5.000000000000074
2023-09-22,0.051,0.045700000000000005,0.0444,0.0453,0.022799999999999997,0.0207,0.0216,0.0229,0.023700000000000002,0.0245,0.0556,-65.99999999999994,-4.000000000000045
2023-09-25,0.0509,0.0462,0.0455,0.0467,0.023700000000000002,0.0218,0.022799999999999997,0.0225,0.023700000000000002,0.024900000000000002,0.0558,-54.00000000000002,5.000000000000004
2023-09-26,0.0504,0.0462,0.045599999999999995,0.047,0.0242,0.0223,0.0233,0.022000000000000002,0.0233,0.0246,0.0558,-48.00000000000006,8.000000000000021
2023-09-27,0.051,0.0467,0.0461,0.0473,0.024399999999999998,0.0227,0.0235,0.0223,0.023399999999999997,0.0245,0.0558,-48.99999999999994,6.000000000000033
2023-09-28,0.0504,0.0462,0.045899999999999996,0.0471,0.0235,0.022000000000000002,0.0229,0.0227,0.0239,0.025099999999999997,0.0556,-45.00000000000004,9.00000000000005
2023-09-29,0.050300000000000004,0.046,0.045899999999999996,0.0473,0.023799999999999998,0.022400000000000003,0.0233,0.0222,0.0235,0.0248,0.0555,-44.00000000000008,13.000000000000025
2023-10-02,0.0512,0.0472,0.046900000000000004,0.0481,0.024900000000000002,0.023399999999999997,0.0241,0.0223,0.0235,0.024700000000000003,0.0562,-42.999999999999986,8.99999999999998
2023-10-03,0.051500000000000004,0.048,0.0481,0.0495,0.0259,0.0245,0.025099999999999997,0.022099999999999998,0.0236,0.025099999999999997,0.0562,-34.00000000000007,15.000000000000014
2023-10-04,0.050499999999999996,0.0472,0.0473,0.0487,0.0254,0.024,0.024399999999999998,0.0218,0.0233,0.0248,0.056100000000000004,-31.999999999999947,15.000000000000014
2023-10-05,0.050300000000000004,0.046799999999999994,0.0472,0.0489,0.0254,0.0241,0.024900000000000002,0.021400000000000002,0.0231,0.0248,0.056100000000000004,-31.000000000000057,21.000000000000046
2023-10-06,0.0508,0.0475,0.0478,0.0495,0.0258,0.024700000000000003,0.0254,0.0217,0.0231,0.0245,0.056299999999999996,-29.999999999999957,20.000000000000018
2023-10-10,0.0496,0.0462,0.0466,0.048499999999999995,0.024399999999999998,0.023399999999999997,0.024300000000000002,0.0218,0.0232,0.0246,0.056100000000000004,-29.999999999999957,22.999999999999964
2023-10-11,0.0499,0.045899999999999996,0.0458,0.0473,0.0239,0.0226,0.023399999999999997,0.022000000000000002,0.0232,0.024399999999999998,0.056100000000000004,-40.99999999999999,14.000000000000053
2023-10-12,0.0506,0.046900000000000004,0.047,0.048600000000000004,0.0246,0.0236,0.0246,0.0223,0.023399999999999997,0.0245,0.056299999999999996,-35.99999999999999,17.0
2023-10-13,0.0504,0.04650000000000001,0.0463,0.0478,0.0239,0.0229,0.023799999999999998,0.0226,0.023399999999999997,0.0242,0.0562,-40.99999999999999,12.999999999999956
2023-10-16,0.0509,0.0472,0.0471,0.0487,0.0242,0.0233,0.024399999999999998,0.023,0.023799999999999998,0.0246,0.056100000000000004,-37.99999999999998,15.000000000000014
2023-10-17,0.0519,0.048600000000000004,0.0483,0.049400000000000006,0.0254,0.0242,0.024700000000000003,0.0232,0.0241,0.025,0.0562,-35.99999999999999,8.000000000000021
2023-10-18,0.0519,0.0492,0.049100000000000005,0.05,0.025699999999999997,0.024700000000000003,0.025,0.0235,0.024399999999999998,0.0253,0.056100000000000004,-27.999999999999968,8.000000000000021
2023-10-19,0.051399999999999994,0.0495,0.049800000000000004,0.051100000000000007,0.024300000000000002,0.024900000000000002,0.0255,0.0252,0.024900000000000002,0.0246,0.055999999999999994,-15.999999999999904,16.000000000000043
2023-10-20,0.0507,0.048600000000000004,0.0493,0.0509,0.0239,0.0246,0.0255,0.024700000000000003,0.024700000000000003,0.024700000000000003,0.0558,-14.000000000000053,22.999999999999964
2023-10-23,0.050499999999999996,0.0481,0.048600000000000004,0.0501,0.024,0.0245,0.0252,0.0241,0.0241,0.0241,0.0558,-18.99999999999992,20.000000000000018
2023-10-24,0.050199999999999995,0.0482,0.0483,0.0496,0.024399999999999998,0.024300000000000002,0.024700000000000003,0.023799999999999998,0.024,0.0242,0.0558,-18.99999999999992,13.999999999999984
2023-10-25,0.0508,0.0489,0.0495,0.0509,0.024900000000000002,0.0252,0.0256,0.024,0.024300000000000002,0.0246,0.0559,-12.999999999999956,20.000000000000018
2023-10-26,0.050199999999999995,0.0479,0.048600000000000004,0.0501,0.0242,0.024399999999999998,0.025,0.023700000000000002,0.0242,0.024700000000000003,0.0559,-15.999999999999904,22.000000000000007
2023-10-27,0.0499,0.047599999999999996,0.0484,0.050300000000000004,0.023700000000000002,0.0242,0.025099999999999997,0.0239,0.0242,0.0245,0.0559,-15.000000000000014,27.000000000000078
2023-10-30,0.050300000000000004,0.048,0.048799999999999996,0.0504,0.024,0.024399999999999998,0.0252,0.024,0.024399999999999998,0.0248,0.055999999999999994,-15.000000000000083,23.999999999999993
2023-10-31,0.0507,0.0482,0.048799999999999996,0.0504,0.0242,0.0246,0.025099999999999997,0.024,0.0242,0.024399999999999998,0.0559,-19.000000000000057,22.000000000000007
2023-11-01,0.0495,0.0467,0.04769999999999999,0.0496,0.0231,0.0236,0.024399999999999998,0.0236,0.0241,0.0246,0.0557,-18.0000000000001,28.999999999999996
2023-11-02,0.049800000000000004,0.04650000000000001,0.0467,0.0482,0.023,0.0227,0.0232,0.0235,0.024,0.0245,0.0554,-31.000000000000057,16.999999999999932
2023-11-03,0.0483,0.0449,0.045700000000000005,0.04769999999999999,0.0217,0.0218,0.022799999999999997,0.0232,0.0239,0.0246,0.0553,-25.999999999999982,27.9999999999999
2023-11-06,0.0493,0.046,0.0467,0.0484,0.0225,0.0225,0.0232,0.0235,0.0242,0.024900000000000002,0.0556,-25.999999999999982,23.999999999999993
2023-11-07,0.049100000000000005,0.0453,0.0458,0.0475,0.022099999999999998,0.0219,0.0225,0.0232,0.0239,0.0246,0.0555,-33.00000000000004,22.000000000000007
2023-11-08,0.0493,0.0451,0.0449,0.0464,0.0222,0.0215,0.0218,0.0229,0.023399999999999997,0.0239,0.0554,-43.99999999999994,12.999999999999956
2023-11-09,0.050300000000000004,0.04650000000000001,0.0462,0.04769999999999999,0.0235,0.0229,0.0231,0.023,0.0233,0.0236,0.0554,-41.000000000000064,11.999999999999858
2023-11-10,0.0504,0.04650000000000001,0.0461,0.0473,0.023700000000000002,0.0229,0.023,0.022799999999999997,0.0232,0.0236,0.0553,-42.999999999999986,7.999999999999952
2023-11-13,0.050199999999999995,0.0466,0.0463,0.0475,0.023700000000000002,0.0232,0.023399999999999997,0.0229,0.0231,0.0233,0.0555,-38.999999999999936,8.99999999999998
2023-11-14,0.048,0.044199999999999996,0.0444,0.0461,0.0219,0.0216,0.022400000000000003,0.0223,0.022799999999999997,0.0233,0.0552,-35.99999999999999,19.000000000000057
2023-11-15,0.049,0.0452,0.0453,0.046799999999999994,0.022799999999999997,0.0222,0.022799999999999997,0.022400000000000003,0.0231,0.023799999999999998,0.0553,-37.00000000000002,15.999999999999973
2023-11-16,0.0483,0.0443,0.044500000000000005,0.0463,0.0223,0.0218,0.0226,0.022000000000000002,0.0227,0.023399999999999997,0.055099999999999996,-37.99999999999998,20.000000000000018
2023-11-17,0.048799999999999996,0.044500000000000005,0.0444,0.045899999999999996,0.0222,0.0216,0.022400000000000003,0.0223,0.022799999999999997,0.0233,0.055,-43.99999999999994,13.999999999999915
2023-11-20,0.0489,0.0444,0.044199999999999996,0.045700000000000005,0.0218,0.0212,0.022000000000000002,0.0226,0.023,0.023399999999999997,0.0554,-47.00000000000003,13.000000000000025
2023-11-21,0.048600000000000004,0.0441,0.0441,0.045700000000000005,0.0222,0.0216,0.022400000000000003,0.0219,0.0225,0.0231,0.0553,-45.00000000000004,16.000000000000043
2023-11-22,0.0489,0.0444,0.044199999999999996,0.0455,0.0223,0.0216,0.022000000000000002,0.022099999999999998,0.0226,0.0231,0.0554,-47.00000000000003,10.999999999999968
2023-11-24,0.0492,0.0449,0.0447,0.046,0.022799999999999997,0.022099999999999998,0.0225,0.022099999999999998,0.0226,0.0231,0.0554,-45.00000000000004,10.999999999999968
2023-11-27,0.0484,0.0438,0.043899999999999995,0.0453,0.0226,0.0218,0.0222,0.0212,0.022099999999999998,0.023,0.054900000000000004,-45.00000000000004,15.000000000000014
2023-11-28,0.0473,0.0429,0.0434,0.0452,0.021400000000000002,0.0212,0.022099999999999998,0.0215,0.0222,0.0229,0.0547,-39.00000000000001,22.999999999999964
2023-11-29,0.0464,0.042199999999999994,0.042699999999999995,0.0444,0.0208,0.0206,0.0215,0.021400000000000002,0.022099999999999998,0.022799999999999997,0.0545,-37.00000000000002,22.000000000000075
2023-11-30,0.0473,0.0431,0.0437,0.0454,0.0216,0.021400000000000002,0.0222,0.0215,0.0223,0.0231,0.0545,-35.99999999999999,23.000000000000036
2023-12-01,0.045599999999999995,0.0414,0.042199999999999994,0.044000000000000004,0.0202,0.02,0.0212,0.0212,0.0222,0.0232,0.054299999999999994,-34.0,26.00000000000005
2023-12-04,0.0464,0.042300000000000004,0.042800000000000005,0.0443,0.021,0.0207,0.0217,0.0213,0.022099999999999998,0.0229,0.0546,-35.99999999999992,19.999999999999947
2023-12-05,0.045700000000000005,0.0414,0.0418,0.043,0.020499999999999997,0.020099999999999996,0.0208,0.0209,0.0217,0.0225,0.0545,-39.00000000000008,15.999999999999973
2023-12-06,0.046,0.0412,0.0412,0.042199999999999994,0.0207,0.019799999999999998,0.0202,0.020499999999999997,0.021400000000000002,0.0223,0.0545,-47.999999999999986,9.99999999999994
2023-12-07,0.0458,0.041100000000000005,0.0414,0.0425,0.020499999999999997,0.0197,0.0202,0.0206,0.0217,0.022799999999999997,0.054400000000000004,-44.000000000000014,13.999999999999984
2023-12-08,0.0471,0.0424,0.042300000000000004,0.0431,0.0213,0.0202,0.020499999999999997,0.021099999999999997,0.022099999999999998,0.0231,0.054400000000000004,-47.999999999999986,6.999999999999992
2023-12-11,0.0471,0.0425,0.042300000000000004,0.0432,0.021400000000000002,0.0204,0.0209,0.021099999999999997,0.0219,0.0227,0.0547,-47.999999999999986,6.999999999999992
2023-12-12,0.0473,0.042300000000000004,0.042,0.043,0.0215,0.0204,0.0209,0.0208,0.0216,0.022400000000000003,0.0546,-52.99999999999999,6.999999999999923
2023-12-13,0.0446,0.04,0.0404,0.04190000000000001,0.0192,0.018799999999999997,0.02,0.0208,0.0216,0.022400000000000003,0.054400000000000004,-42.00000000000002,19.000000000000057
2023-12-14,0.0437,0.039,0.0392,0.0403,0.0172,0.017,0.0182,0.0218,0.0222,0.0226,0.054299999999999994,-45.00000000000004,13.000000000000025
2023-12-15,0.0444,0.0391,0.0391,0.04,0.0174,0.0169,0.0182,0.0217,0.0222,0.0227,0.054400000000000004,-52.99999999999999,8.99999999999998
2023-12-18,0.0443,0.0394,0.0395,0.0405,0.0176,0.0174,0.0187,0.0218,0.022099999999999998,0.022400000000000003,0.0546,-47.999999999999986,11.000000000000037
2023-12-19,0.0441,0.0394,0.0393,0.0403,0.0177,0.0174,0.0187,0.0217,0.0219,0.022099999999999998,0.054299999999999994,-47.999999999999986,9.00000000000005
2023-12-20,0.0434,0.038599999999999995,0.038599999999999995,0.0398,0.017,0.0167,0.0183,0.0216,0.0219,0.0222,0.054400000000000004,-48.00000000000006,12.000000000000066
2023-12-21,0.0433,0.0387,0.038900000000000004,0.0403,0.0169,0.017,0.018600000000000002,0.0218,0.0219,0.022000000000000002,0.0542,-43.99999999999994,16.000000000000043
2023-12-22,0.0431,0.0387,0.039,0.0405,0.0171,0.0171,0.0189,0.0216,0.0219,0.0222,0.054400000000000004,-40.99999999999999,18.00000000000003
2023-12-26,0.0426,0.038900000000000004,0.038900000000000004,0.0404,0.0172,0.0171,0.0189,0.0217,0.0218,0.0219,0.0545,-36.99999999999995,14.999999999999943
2023-12-27,0.042,0.0378,0.0379,0.0395,0.0166,0.016399999999999998,0.0182,0.0212,0.0215,0.0218,0.054400000000000004,-40.99999999999999,17.0
2023-12-28,0.0426,0.0383,0.0384,0.0398,0.0172,0.0168,0.0184,0.021099999999999997,0.0216,0.022099999999999998,0.0545,-42.00000000000002,15.000000000000014
2023-12-29,0.042300000000000004,0.0384,0.0388,0.0403,0.0172,0.0172,0.019,0.0212,0.0216,0.022000000000000002,0.054000000000000006,-35.00000000000003,19.000000000000057
2024-01-02,0.0433,0.0393,0.0395,0.0408,0.0176,0.0174,0.0191,0.0217,0.022099999999999998,0.0225,0.0546,-37.99999999999998,15.000000000000014
2024-01-03,0.0433,0.039,0.0391,0.0405,0.0173,0.0171,0.0189,0.0217,0.022000000000000002,0.0223,0.0548,-41.99999999999996,15.000000000000014
2024-01-04,0.0438,0.0397,0.039900000000000005,0.041299999999999996,0.0179,0.0177,0.0196,0.0218,0.0222,0.0226,0.0548,-38.999999999999936,15.999999999999973
2024-01-05,0.044000000000000004,0.04019999999999999,0.0405,0.0421,0.0183,0.0183,0.0202,0.0219,0.0222,0.0225,0.0547,-35.00000000000003,19.000000000000057
2024-01-08,0.0436,0.0397,0.0401,0.0417,0.0178,0.0179,0.019799999999999998,0.0219,0.0222,0.0225,0.054900000000000004,-35.00000000000003,20.000000000000018
2024-01-09,0.0436,0.0397,0.04019999999999999,0.0418,0.018000000000000002,0.018000000000000002,0.0199,0.0217,0.0222,0.0227,0.0547,-34.00000000000007,20.99999999999998
2024-01-10,0.0437,0.039900000000000005,0.0404,0.042,0.0181,0.0182,0.020099999999999996,0.0218,0.0222,0.0226,0.0546,-33.00000000000004,20.99999999999998
2024-01-11,0.0426,0.039,0.0398,0.0418,0.0172,0.0176,0.019799999999999998,0.0218,0.0222,0.0226,0.0546,-27.999999999999968,27.999999999999968
2024-01-12,0.0414,0.0384,0.039599999999999996,0.042,0.016200000000000003,0.0169,0.0195,0.0222,0.0227,0.0232,0.0545,-18.00000000000003,36.00000000000006
2024-01-16,0.042199999999999994,0.0395,0.0407,0.043,0.0171,0.0177,0.0203,0.022400000000000003,0.023,0.0236,0.0545,-14.999999999999943,34.999999999999964
2024-01-17,0.0434,0.04019999999999999,0.040999999999999995,0.0431,0.0178,0.018000000000000002,0.0203,0.022400000000000003,0.023,0.0236,0.0547,-24.000000000000064,29.000000000000068
2024-01-18,0.0434,0.0404,0.0414,0.0437,0.0176,0.018000000000000002,0.020499999999999997,0.022799999999999997,0.023399999999999997,0.024,0.0545,-20.000000000000018,33.00000000000004
2024-01-19,0.043899999999999995,0.0408,0.0415,0.0436,0.0178,0.0181,0.0203,0.023,0.023399999999999997,0.023799999999999998,0.0545,-23.999999999999925,27.999999999999968
2024-01-22,0.0437,0.0403,0.041100000000000005,0.0432,0.0176,0.018000000000000002,0.0203,0.0227,0.0231,0.0235,0.0546,-25.999999999999982,28.999999999999996
2024-01-23,0.0431,0.0406,0.0414,0.0438,0.018000000000000002,0.018500000000000003,0.0209,0.0226,0.0229,0.0232,0.0545,-17.0,32.000000000000014
2024-01-24,0.0434,0.0406,0.0418,0.0441,0.0183,0.018799999999999997,0.021099999999999997,0.0223,0.023,0.023700000000000002,0.054400000000000004,-16.000000000000043,35.00000000000003
2024-01-25,0.042800000000000005,0.0401,0.0414,0.0438,0.0177,0.018500000000000003,0.021,0.022400000000000003,0.0229,0.023399999999999997,0.054400000000000004,-14.000000000000053,37.00000000000002
2024-01-26,0.0434,0.0404,0.0415,0.0438,0.0178,0.018500000000000003,0.021,0.0226,0.023,0.023399999999999997,0.054400000000000004,-18.99999999999999,34.0
2024-01-29,0.0429,0.0397,0.0408,0.0431,0.0171,0.0178,0.0203,0.0226,0.023,0.023399999999999997,0.0542,-20.99999999999998,34.0
2024-01-30,0.0436,0.04,0.0406,0.042800000000000005,0.0175,0.018000000000000002,0.0204,0.0225,0.0226,0.0227,0.0542,-30.00000000000003,28.00000000000004
2024-01-31,0.042699999999999995,0.0391,0.039900000000000005,0.042199999999999994,0.0167,0.0173,0.0199,0.022400000000000003,0.0226,0.022799999999999997,0.0542,-27.9999999999999,30.999999999999915
2024-02-01,0.042,0.038,0.0387,0.040999999999999995,0.0163,0.0168,0.0191,0.0217,0.0219,0.022099999999999998,0.0542,-33.00000000000004,29.999999999999957
2024-02-02,0.0436,0.039900000000000005,0.0403,0.042199999999999994,0.018000000000000002,0.0182,0.0202,0.0219,0.022099999999999998,0.0223,0.054299999999999994,-32.99999999999997,22.999999999999897
2024-02-05,0.0446,0.041299999999999996,0.0417,0.0435,0.0187,0.019,0.0209,0.0226,0.0227,0.022799999999999997,0.0542,-28.999999999999996,22.000000000000007
2024-02-06,0.043899999999999995,0.0403,0.0409,0.0429,0.0179,0.018500000000000003,0.0206,0.022400000000000003,0.022400000000000003,0.022400000000000003,0.054400000000000004,-29.999999999999957,25.999999999999982
2024-02-07,0.0441,0.0406,0.0409,0.0431,0.018000000000000002,0.018600000000000002,0.0208,0.0226,0.0223,0.022000000000000002,0.054299999999999994,-32.000000000000014,25.00000000000002
2024-02-08,0.0446,0.0412,0.0415,0.0436,0.0184,0.0191,0.0212,0.022799999999999997,0.022400000000000003,0.022000000000000002,0.054400000000000004,-30.999999999999986,23.999999999999993
2024-02-09,0.044800000000000006,0.0414,0.0417,0.0437,0.018600000000000002,0.0192,0.0213,0.022799999999999997,0.0225,0.0222,0.054400000000000004,-31.000000000000057,23.000000000000036
2024-02-12,0.0446,0.041299999999999996,0.0417,0.0437,0.018600000000000002,0.019299999999999998,0.0215,0.0227,0.022400000000000003,0.022099999999999998,0.054299999999999994,-28.999999999999996,24.000000000000064
2024-02-13,0.0464,0.0431,0.0431,0.0446,0.019799999999999998,0.0202,0.022000000000000002,0.0233,0.0229,0.0225,0.0545,-32.99999999999997,15.000000000000014
2024-02-14,0.045599999999999995,0.0425,0.042699999999999995,0.044500000000000005,0.0191,0.0197,0.0218,0.023399999999999997,0.023,0.0226,0.054299999999999994,-28.999999999999996,20.000000000000018
2024-02-15,0.045599999999999995,0.042199999999999994,0.0424,0.044199999999999996,0.0187,0.0194,0.0216,0.0235,0.023,0.0225,0.054299999999999994,-31.999999999999947,20.000000000000018
2024-02-16,0.0464,0.0429,0.043,0.044500000000000005,0.0191,0.0197,0.0217,0.023799999999999998,0.0233,0.022799999999999997,0.054400000000000004,-34.0,16.000000000000043
2024-02-20,0.045899999999999996,0.0425,0.042699999999999995,0.0444,0.018799999999999997,0.0195,0.0217,0.023700000000000002,0.0232,0.0227,0.054400000000000004,-32.000000000000014,18.99999999999999
2024-02-21,0.0464,0.043,0.0432,0.0449,0.0191,0.019799999999999998,0.0218,0.0239,0.023399999999999997,0.0229,0.054400000000000004,-31.999999999999947,19.000000000000057
2024-02-22,0.046900000000000004,0.0433,0.0433,0.0447,0.0196,0.0202,0.0219,0.023700000000000002,0.0231,0.0225,0.0545,-36.00000000000006,13.999999999999984
2024-02-23,0.0467,0.042800000000000005,0.0426,0.0437,0.0194,0.0196,0.021099999999999997,0.023399999999999997,0.023,0.0226,0.0546,-40.99999999999999,8.99999999999998
2024-02-26,0.046900000000000004,0.0429,0.042800000000000005,0.044000000000000004,0.019299999999999998,0.0197,0.0213,0.0236,0.0231,0.0226,0.0547,-40.99999999999999,11.000000000000037
2024-02-27,0.047,0.0432,0.0431,0.0444,0.0194,0.0199,0.0216,0.023799999999999998,0.0232,0.0226,0.0545,-39.00000000000001,11.999999999999996
2024-02-28,0.0464,0.0426,0.042699999999999995,0.044000000000000004,0.018799999999999997,0.0194,0.0212,0.023799999999999998,0.0233,0.022799999999999997,0.0545,-37.00000000000002,14.000000000000053
2024-02-29,0.0464,0.0426,0.0425,0.0438,0.018600000000000002,0.0192,0.0209,0.024,0.0233,0.0226,0.0545,-38.999999999999936,11.999999999999996
2024-03-01,0.0454,0.0417,0.04190000000000001,0.0433,0.0177,0.0187,0.020499999999999997,0.024,0.0232,0.022400000000000003,0.0542,-34.999999999999964,15.999999999999973
2024-03-04,0.0461,0.0421,0.042199999999999994,0.0436,0.0179,0.018799999999999997,0.020499999999999997,0.0242,0.023399999999999997,0.0226,0.0548,-39.00000000000008,15.000000000000014
2024-03-05,0.0454,0.041299999999999996,0.041299999999999996,0.042699999999999995,0.0174,0.0181,0.019799999999999998,0.0239,0.0232,0.0225,0.0547,-41.000000000000064,13.999999999999984
2024-03-06,0.0455,0.0412,0.041100000000000005,0.0424,0.0174,0.0181,0.019799999999999998,0.023799999999999998,0.023,0.0222,0.0547,-43.99999999999994,11.999999999999996
2024-03-07,0.045,0.0407,0.0409,0.0425,0.0173,0.0181,0.020099999999999996,0.023399999999999997,0.022799999999999997,0.0222,0.0547,-40.99999999999999,18.00000000000003
2024-03-08,0.044800000000000006,0.0406,0.0409,0.0426,0.0172,0.0181,0.020099999999999996,0.023399999999999997,0.022799999999999997,0.0222,0.0546,-39.00000000000008,20.000000000000018
2024-03-11,0.0451,0.0408,0.040999999999999995,0.0426,0.0176,0.0183,0.0202,0.0232,0.0227,0.0222,0.0548,-41.000000000000064,17.99999999999996
2024-03-12,0.0458,0.0415,0.0416,0.0431,0.018000000000000002,0.018600000000000002,0.020499999999999997,0.0235,0.023,0.0225,0.0548,-42.00000000000002,15.999999999999973
2024-03-13,0.0461,0.04190000000000001,0.04190000000000001,0.0435,0.0182,0.0189,0.0208,0.023700000000000002,0.023,0.0223,0.0548,-41.99999999999996,15.999999999999904
2024-03-14,0.046799999999999994,0.0429,0.0429,0.0444,0.0192,0.0199,0.0217,0.023700000000000002,0.023,0.0223,0.0548,-38.999999999999936,15.000000000000014
2024-03-15,0.0472,0.0433,0.0431,0.0443,0.0194,0.0199,0.0216,0.0239,0.0232,0.0225,0.0548,-40.99999999999999,10.000000000000009
2024-03-18,0.0473,0.0436,0.0434,0.0446,0.0197,0.0203,0.0219,0.0239,0.0231,0.0223,0.0548,-39.00000000000001,10.000000000000009
2024-03-19,0.046799999999999994,0.0431,0.043,0.0444,0.019299999999999998,0.02,0.0218,0.023799999999999998,0.023,0.0222,0.0548,-37.99999999999998,13.000000000000025
2024-03-20,0.045899999999999996,0.0425,0.042699999999999995,0.044500000000000005,0.018500000000000003,0.0196,0.0217,0.024,0.0231,0.0222,0.0547,-32.000000000000014,20.000000000000018
2024-03-21,0.0462,0.0426,0.042699999999999995,0.0444,0.0183,0.019299999999999998,0.021400000000000002,0.024300000000000002,0.023399999999999997,0.0225,0.0548,-35.00000000000003,18.00000000000003
2024-03-22,0.045899999999999996,0.042,0.042199999999999994,0.043899999999999995,0.0179,0.0187,0.021,0.0241,0.0235,0.0229,0.0546,-37.00000000000002,18.99999999999992
2024-03-25,0.0454,0.042300000000000004,0.0425,0.044199999999999996,0.0182,0.0192,0.021400000000000002,0.0241,0.0233,0.0225,0.0546,-28.999999999999996,18.99999999999992
2024-03-26,0.045599999999999995,0.042199999999999994,0.0424,0.044000000000000004,0.0184,0.0192,0.0213,0.023799999999999998,0.0232,0.0226,0.0546,-31.999999999999947,18.0000000000001
2024-03-27,0.0454,0.0418,0.042,0.0436,0.0181,0.018799999999999997,0.0209,0.023700000000000002,0.0232,0.0227,0.0545,-34.0,18.00000000000003
2024-03-28,0.045899999999999996,0.0421,0.042,0.0434,0.0183,0.018799999999999997,0.0207,0.023799999999999998,0.0232,0.0226,0.0546,-38.999999999999936,13.000000000000025
2024-04-01,0.0472,0.0434,0.0433,0.0447,0.019299999999999998,0.019799999999999998,0.0217,0.0241,0.0235,0.0229,0.054400000000000004,-39.00000000000001,12.999999999999956
2024-04-02,0.047,0.0435,0.0436,0.0451,0.0191,0.02,0.0219,0.024399999999999998,0.0236,0.022799999999999997,0.0542,-34.0,16.000000000000043
2024-04-03,0.046799999999999994,0.0434,0.0436,0.0451,0.0191,0.02,0.022000000000000002,0.024300000000000002,0.0236,0.0229,0.0542,-31.999999999999947,17.0
2024-04-04,0.04650000000000001,0.043,0.0431,0.0447,0.018799999999999997,0.0197,0.0217,0.0242,0.023399999999999997,0.0226,0.0541,-34.00000000000007,17.0
2024-04-05,0.0473,0.0438,0.043899999999999995,0.0454,0.019299999999999998,0.0202,0.0222,0.0245,0.023700000000000002,0.0229,0.054299999999999994,-34.00000000000007,16.000000000000043
2024-04-08,0.0478,0.0443,0.044199999999999996,0.0455,0.0196,0.0204,0.0222,0.024700000000000003,0.023799999999999998,0.0229,0.054299999999999994,-36.00000000000006,11.999999999999996
2024-04-09,0.047400000000000005,0.0437,0.0436,0.045,0.019299999999999998,0.02,0.0218,0.024399999999999998,0.0236,0.022799999999999997,0.054299999999999994,-38.00000000000005,12.999999999999956
2024-04-10,0.049699999999999994,0.0461,0.0455,0.0464,0.0212,0.0215,0.0229,0.024900000000000002,0.024,0.0231,0.0545,-41.99999999999996,2.999999999999947
2024-04-11,0.0493,0.0461,0.045599999999999995,0.04650000000000001,0.0213,0.0216,0.0231,0.0248,0.024,0.0232,0.0545,-37.00000000000002,4.000000000000045
2024-04-12,0.048799999999999996,0.0454,0.045,0.0461,0.0207,0.021099999999999997,0.0227,0.024700000000000003,0.0239,0.0231,0.0545,-37.99999999999998,6.999999999999992
2024-04-15,0.0493,0.04650000000000001,0.0463,0.047400000000000005,0.0213,0.022000000000000002,0.023700000000000002,0.0252,0.024300000000000002,0.023399999999999997,0.0545,-29.999999999999957,8.99999999999998
2024-04-16,0.049699999999999994,0.046900000000000004,0.0467,0.04769999999999999,0.0217,0.022400000000000003,0.024,0.0252,0.024300000000000002,0.023399999999999997,0.0545,-29.999999999999957,7.999999999999882
2024-04-17,0.0493,0.0462,0.045899999999999996,0.0471,0.0215,0.022000000000000002,0.0236,0.024700000000000003,0.0239,0.0231,0.0545,-34.0,9.00000000000005
2024-04-18,0.049800000000000004,0.046799999999999994,0.0464,0.047400000000000005,0.022400000000000003,0.022400000000000003,0.023799999999999998,0.024399999999999998,0.024,0.0236,0.0546,-34.00000000000007,6.000000000000102
2024-04-19,0.049699999999999994,0.0466,0.0462,0.0472,0.0222,0.022099999999999998,0.0236,0.024399999999999998,0.0241,0.023799999999999998,0.0545,-34.999999999999964,5.999999999999964
2024-04-22,0.049699999999999994,0.0466,0.0462,0.0472,0.022099999999999998,0.022099999999999998,0.0236,0.0245,0.0241,0.023700000000000002,0.0542,-34.999999999999964,5.999999999999964
2024-04-23,0.048600000000000004,0.0463,0.0461,0.0473,0.0219,0.022000000000000002,0.023799999999999998,0.024399999999999998,0.0241,0.023799999999999998,0.0545,-25.00000000000002,10.000000000000009
2024-04-24,0.0489,0.0464,0.04650000000000001,0.0478,0.0222,0.022400000000000003,0.0241,0.0242,0.0241,0.024,0.0546,-23.999999999999925,14.000000000000053
2024-04-25,0.0496,0.047,0.047,0.0482,0.0227,0.022799999999999997,0.0242,0.024300000000000002,0.0242,0.0241,0.0547,-25.999999999999982,11.999999999999996
2024-04-26,0.0496,0.046799999999999994,0.0467,0.0478,0.022400000000000003,0.022400000000000003,0.023799999999999998,0.024399999999999998,0.024300000000000002,0.0242,0.0546,-28.999999999999996,10.000000000000078
2024-04-29,0.049699999999999994,0.04650000000000001,0.0463,0.0475,0.0222,0.0222,0.0236,0.024300000000000002,0.0241,0.0239,0.0545,-33.999999999999936,9.99999999999994
2024-04-30,0.0504,0.0472,0.046900000000000004,0.0479,0.0229,0.022799999999999997,0.0241,0.024300000000000002,0.0241,0.0239,0.0546,-34.999999999999964,6.999999999999992
2024-05-01,0.0496,0.0464,0.0463,0.047400000000000005,0.0225,0.0225,0.023799999999999998,0.0239,0.023799999999999998,0.023700000000000002,0.0546,-32.99999999999997,10.000000000000078
2024-05-02,0.0487,0.045700000000000005,0.0458,0.0472,0.022000000000000002,0.022099999999999998,0.023700000000000002,0.023700000000000002,0.023700000000000002,0.023700000000000002,0.0546,-28.999999999999996,14.999999999999943
2024-05-03,0.0481,0.044800000000000006,0.045,0.0466,0.0213,0.0215,0.0231,0.0235,0.0235,0.0235,0.0545,-30.999999999999986,17.99999999999996
2024-05-06,0.0482,0.044800000000000006,0.0449,0.0464,0.021400000000000002,0.021400000000000002,0.0229,0.023399999999999997,0.0235,0.0236,0.0545,-32.99999999999997,15.999999999999904
2024-05-07,0.0482,0.044800000000000006,0.0447,0.0461,0.0216,0.0215,0.022799999999999997,0.0232,0.0232,0.0232,0.0545,-35.00000000000003,12.999999999999956
2024-05-08,0.0484,0.045,0.044800000000000006,0.0464,0.0219,0.0217,0.0231,0.0231,0.0231,0.0231,0.0545,-35.99999999999992,13.999999999999984
2024-05-09,0.048,0.0447,0.044500000000000005,0.046,0.0213,0.0213,0.0226,0.023399999999999997,0.0232,0.023,0.0546,-34.999999999999964,13.000000000000025
2024-05-10,0.0487,0.0452,0.045,0.0464,0.0218,0.0216,0.0229,0.023399999999999997,0.023399999999999997,0.023399999999999997,0.0547,-37.00000000000002,11.999999999999996
2024-05-13,0.048499999999999995,0.045,0.044800000000000006,0.0463,0.0217,0.0215,0.0229,0.0233,0.0233,0.0233,0.0545,-36.99999999999988,13.000000000000025
2024-05-14,0.0481,0.0446,0.044500000000000005,0.045899999999999996,0.021400000000000002,0.0212,0.0226,0.0232,0.0233,0.023399999999999997,0.054400000000000004,-35.99999999999992,12.999999999999956
2024-05-15,0.0473,0.0435,0.0436,0.0452,0.0206,0.020499999999999997,0.0219,0.0229,0.0231,0.0233,0.0545,-37.00000000000002,17.0
2024-05-16,0.0478,0.044000000000000004,0.0438,0.0452,0.021,0.0207,0.022000000000000002,0.023,0.0231,0.0232,0.0545,-40.000000000000036,11.999999999999927
2024-05-17,0.0483,0.0444,0.044199999999999996,0.045599999999999995,0.0212,0.021,0.0223,0.0232,0.0232,0.0232,0.0546,-41.000000000000064,11.999999999999927
2024-05-20,0.0482,0.0446,0.0444,0.0458,0.0213,0.021099999999999997,0.022400000000000003,0.0233,0.0233,0.0233,0.0545,-37.99999999999998,11.999999999999996
2024-05-21,0.0482,0.0443,0.0441,0.0455,0.021,0.0209,0.0222,0.0233,0.0232,0.0231,0.0545,-40.99999999999999,11.999999999999996
2024-05-22,0.048600000000000004,0.0447,0.0443,0.0455,0.021400000000000002,0.021,0.022099999999999998,0.0233,0.0233,0.0233,0.0545,-43.00000000000005,8.000000000000021
2024-05-23,0.049100000000000005,0.0452,0.0447,0.0458,0.022099999999999998,0.0217,0.0226,0.0231,0.023,0.0229,0.0546,-44.00000000000008,6.000000000000033
2024-05-24,0.0493,0.0453,0.0446,0.045700000000000005,0.022000000000000002,0.021400000000000002,0.0225,0.0233,0.0232,0.0231,0.0546,-46.99999999999996,4.000000000000045
2024-05-28,0.049400000000000006,0.045599999999999995,0.0454,0.0466,0.0223,0.022000000000000002,0.0232,0.0233,0.023399999999999997,0.0235,0.0546,-40.000000000000036,10.000000000000078
2024-05-29,0.0496,0.0463,0.0461,0.047400000000000005,0.0227,0.0225,0.0236,0.0236,0.0236,0.0236,0.0546,-34.999999999999964,11.000000000000037
2024-05-30,0.0492,0.045700000000000005,0.0455,0.046900000000000004,0.0222,0.0219,0.0232,0.0235,0.0236,0.023700000000000002,0.0546,-37.00000000000002,11.999999999999996
2024-05-31,0.0489,0.0452,0.0451,0.04650000000000001,0.0218,0.0216,0.023,0.023399999999999997,0.0235,0.0236,0.0546,-37.99999999999998,13.000000000000094
2024-06-03,0.0482,0.044199999999999996,0.0441,0.0455,0.021099999999999997,0.0208,0.0222,0.0231,0.0233,0.0235,0.0552,-40.99999999999999,13.000000000000025
2024-06-04,0.04769999999999999,0.0435,0.0433,0.044800000000000006,0.0207,0.0202,0.0216,0.022799999999999997,0.0231,0.023399999999999997,0.0552,-43.99999999999994,13.000000000000094
2024-06-05,0.0472,0.0431,0.0429,0.0444,0.0204,0.0199,0.0213,0.0227,0.023,0.0233,0.055099999999999996,-42.999999999999986,13.000000000000025
2024-06-06,0.0472,0.0429,0.042800000000000005,0.0443,0.0204,0.02,0.021400000000000002,0.0225,0.022799999999999997,0.0231,0.055099999999999996,-43.99999999999994,13.999999999999984
2024-06-07,0.0487,0.0446,0.0443,0.0455,0.0218,0.0213,0.022400000000000003,0.022799999999999997,0.023,0.0232,0.0552,-44.000000000000014,8.99999999999998
2024-06-10,0.0487,0.044800000000000006,0.0447,0.045899999999999996,0.022099999999999998,0.0216,0.022799999999999997,0.0227,0.0231,0.0235,0.0552,-40.000000000000036,10.999999999999899
2024-06-11,0.0481,0.0441,0.043899999999999995,0.0453,0.0216,0.0212,0.0223,0.0225,0.0227,0.0229,0.0552,-42.00000000000002,11.999999999999996
2024-06-12,0.0475,0.0432,0.0431,0.0447,0.0215,0.0209,0.022099999999999998,0.0217,0.0222,0.0227,0.055099999999999996,-44.000000000000014,14.999999999999943
2024-06-13,0.046799999999999994,0.0424,0.0424,0.044000000000000004,0.021,0.0203,0.0215,0.021400000000000002,0.022099999999999998,0.022799999999999997,0.055099999999999996,-43.99999999999994,16.000000000000043
2024-06-14,0.0467,0.042199999999999994,0.042,0.0434,0.021099999999999997,0.0203,0.0212,0.021099999999999997,0.0217,0.0223,0.055099999999999996,-46.99999999999996,12.000000000000066
2024-06-17,0.0475,0.043,0.042800000000000005,0.044000000000000004,0.021400000000000002,0.0206,0.0215,0.0216,0.0222,0.022799999999999997,0.0552,-46.99999999999996,10.000000000000078
2024-06-18,0.046900000000000004,0.0424,0.042199999999999994,0.0436,0.0207,0.020099999999999996,0.021,0.0217,0.022099999999999998,0.0225,0.055,-47.0000000000001,11.999999999999996
2024-06-20,0.047,0.0426,0.0425,0.043899999999999995,0.020499999999999997,0.02,0.0212,0.022099999999999998,0.0225,0.0229,0.055,-44.99999999999997,12.999999999999956
2024-06-21,0.047,0.0426,0.0425,0.043899999999999995,0.0207,0.0202,0.0215,0.0219,0.0223,0.0227,0.054900000000000004,-44.99999999999997,12.999999999999956
2024-06-24,0.0471,0.042699999999999995,0.0425,0.0438,0.0209,0.0203,0.021400000000000002,0.0218,0.0222,0.0226,0.055,-46.0,11.000000000000037
2024-06-25,0.04650000000000001,0.0425,0.042300000000000004,0.0436,0.0208,0.020099999999999996,0.0212,0.0217,0.0222,0.0227,0.054900000000000004,-42.00000000000002,10.999999999999968
2024-06-26,0.0471,0.0432,0.0432,0.044500000000000005,0.0212,0.0206,0.0217,0.022000000000000002,0.0226,0.0232,0.055,-39.00000000000001,13.000000000000025
2024-06-27,0.047,0.0429,0.0429,0.0443,0.0207,0.0203,0.0215,0.0222,0.0226,0.023,0.054900000000000004,-40.99999999999999,13.999999999999984
2024-06-28,0.0471,0.0433,0.0436,0.0451,0.0209,0.0208,0.0223,0.022400000000000003,0.022799999999999997,0.0232,0.0548,-35.00000000000003,18.00000000000003
2024-07-01,0.04769999999999999,0.0444,0.044800000000000006,0.0464,0.0215,0.0216,0.0232,0.0229,0.0232,0.0235,0.0547,-28.999999999999858,19.999999999999947
2024-07-02,0.047400000000000005,0.043899999999999995,0.0443,0.046,0.0213,0.0213,0.022799999999999997,0.0226,0.023,0.023399999999999997,0.0547,-31.000000000000057,21.000000000000046
2024-07-03,0.0471,0.0433,0.0436,0.0453,0.021,0.0209,0.0223,0.0223,0.0227,0.0231,0.0547,-35.00000000000003,20.000000000000018
2024-07-05,0.046,0.042199999999999994,0.042800000000000005,0.0447,0.02,0.02,0.0217,0.0222,0.022799999999999997,0.023399999999999997,0.0546,-31.999999999999947,25.00000000000002
2024-07-08,0.0462,0.042300000000000004,0.042800000000000005,0.0446,0.020099999999999996,0.020099999999999996,0.0217,0.0222,0.0227,0.0232,0.0546,-33.999999999999936,22.999999999999964
2024-07-09,0.0462,0.0424,0.043,0.0449,0.0203,0.0204,0.022099999999999998,0.022099999999999998,0.0226,0.0231,0.0546,-32.000000000000014,25.00000000000002
2024-07-10,0.0462,0.0424,0.042800000000000005,0.0447,0.0202,0.020099999999999996,0.0218,0.0222,0.0227,0.0232,0.0546,-33.999999999999936,22.999999999999964
2024-07-11,0.045,0.041299999999999996,0.042,0.0441,0.0195,0.0195,0.0213,0.0218,0.0225,0.0232,0.054400000000000004,-29.999999999999957,28.00000000000004
2024-07-12,0.044500000000000005,0.040999999999999995,0.0418,0.043899999999999995,0.0195,0.0194,0.0212,0.0215,0.022400000000000003,0.0233,0.054299999999999994,-27.000000000000078,28.999999999999996
2024-07-15,0.0444,0.041299999999999996,0.042300000000000004,0.0446,0.019299999999999998,0.0196,0.0216,0.022000000000000002,0.0227,0.023399999999999997,0.054299999999999994,-20.99999999999998,33.00000000000004
2024-07-16,0.0443,0.0409,0.0417,0.0438,0.0189,0.0191,0.0209,0.022000000000000002,0.0226,0.0232,0.054299999999999994,-25.999999999999982,28.999999999999996
2024-07-17,0.044199999999999996,0.0407,0.0416,0.0437,0.018799999999999997,0.019,0.0209,0.0219,0.0226,0.0233,0.054299999999999994,-25.999999999999982,30.00000000000003
2024-07-18,0.0446,0.041100000000000005,0.042,0.0441,0.0192,0.0189,0.0213,0.0219,0.0231,0.024300000000000002,0.054299999999999994,-25.999999999999982,29.999999999999957
2024-07-19,0.0449,0.0416,0.0425,0.044500000000000005,0.019799999999999998,0.019299999999999998,0.0216,0.0218,0.0232,0.0246,0.054299999999999994,-23.999999999999993,29.000000000000068
2024-07-22,0.045,0.0417,0.0426,0.044800000000000006,0.0199,0.0196,0.0218,0.0218,0.023,0.0242,0.054299999999999994,-23.999999999999993,31.000000000000057
2024-07-23,0.044000000000000004,0.0415,0.0425,0.044800000000000006,0.019799999999999998,0.0196,0.022000000000000002,0.0217,0.0229,0.0241,0.0541,-15.000000000000014,33.00000000000004
2024-07-24,0.0437,0.0412,0.042800000000000005,0.0454,0.0199,0.02,0.0226,0.0213,0.022799999999999997,0.024300000000000002,0.054000000000000006,-8.99999999999998,42.00000000000002
2024-07-25,0.0441,0.041299999999999996,0.042699999999999995,0.045,0.02,0.0199,0.022400000000000003,0.0213,0.022799999999999997,0.024300000000000002,0.053899999999999997,-14.000000000000053,37.00000000000002
2024-07-26,0.0436,0.0406,0.042,0.044500000000000005,0.019299999999999998,0.019299999999999998,0.022000000000000002,0.0213,0.0227,0.0241,0.0538,-15.999999999999973,39.00000000000008
2024-07-29,0.0436,0.0405,0.0417,0.044199999999999996,0.0192,0.0192,0.0217,0.0213,0.0225,0.023700000000000002,0.0541,-18.99999999999999,36.99999999999995
2024-07-30,0.0435,0.0403,0.0415,0.044000000000000004,0.0191,0.019,0.0216,0.0212,0.0225,0.023799999999999998,0.054000000000000006,-19.999999999999947,37.00000000000002
2024-07-31,0.0429,0.0397,0.0409,0.0435,0.0184,0.018500000000000003,0.0213,0.0213,0.022400000000000003,0.0235,0.0541,-20.000000000000018,37.99999999999998
2024-08-01,0.0416,0.0384,0.039900000000000005,0.042699999999999995,0.0178,0.0179,0.0209,0.0206,0.022000000000000002,0.023399999999999997,0.0537,-16.999999999999932,42.999999999999986
2024-08-02,0.0388,0.0362,0.038,0.041100000000000005,0.0173,0.0176,0.0204,0.0189,0.0204,0.0219,0.0529,-8.000000000000021,49.000000000000014
2024-08-05,0.038900000000000004,0.0362,0.0378,0.0406,0.0171,0.0171,0.0197,0.0191,0.0207,0.0223,0.0535,-11.000000000000037,43.99999999999994
2024-08-06,0.039900000000000005,0.0373,0.039,0.0418,0.0177,0.0178,0.020499999999999997,0.0196,0.0212,0.022799999999999997,0.053399999999999996,-9.00000000000005,44.99999999999997
2024-08-07,0.04,0.0379,0.039599999999999996,0.0426,0.0182,0.018500000000000003,0.0212,0.0197,0.021099999999999997,0.0225,0.053399999999999996,-4.000000000000045,46.99999999999996
2024-08-08,0.0404,0.0383,0.039900000000000005,0.042800000000000005,0.018500000000000003,0.0187,0.021400000000000002,0.019799999999999998,0.0212,0.0226,0.053399999999999996,-4.999999999999935,45.00000000000004
2024-08-09,0.0405,0.038,0.0394,0.042300000000000004,0.0184,0.0184,0.021,0.0196,0.021,0.022400000000000003,0.0533,-11.000000000000037,43.00000000000005
2024-08-12,0.0401,0.0375,0.039,0.04190000000000001,0.0177,0.0179,0.0206,0.019799999999999998,0.021099999999999997,0.022400000000000003,0.0533,-10.999999999999968,44.00000000000008
2024-08-13,0.0393,0.0368,0.0385,0.0416,0.0172,0.0176,0.020499999999999997,0.0196,0.0209,0.0222,0.053200000000000004,-8.000000000000021,47.999999999999986
2024-08-14,0.0394,0.036699999999999997,0.0383,0.0412,0.0174,0.0177,0.0204,0.019299999999999998,0.0206,0.0219,0.053200000000000004,-10.999999999999968,45.00000000000004
2024-08-15,0.0408,0.0379,0.0392,0.0418,0.018000000000000002,0.018000000000000002,0.0206,0.0199,0.0212,0.0225,0.053399999999999996,-16.000000000000043,38.999999999999936
2024-08-16,0.0406,0.0377,0.038900000000000004,0.0415,0.018000000000000002,0.0181,0.0206,0.0197,0.0208,0.0219,0.0533,-16.999999999999932,38.00000000000005
2024-08-19,0.0406,0.0375,0.038599999999999995,0.041100000000000005,0.0181,0.0179,0.0204,0.0194,0.0207,0.022000000000000002,0.053099999999999994,-20.000000000000018,36.00000000000006
2024-08-20,0.039900000000000005,0.037000000000000005,0.0382,0.0407,0.0175,0.0175,0.0199,0.0195,0.0207,0.0219,0.0529,-17.00000000000007,36.99999999999995
2024-08-21,0.0392,0.0364,0.0379,0.0406,0.017,0.0172,0.0197,0.0194,0.0207,0.022000000000000002,0.0526,-12.999999999999956,41.99999999999996
2024-08-22,0.039900000000000005,0.037200000000000004,0.038599999999999995,0.041299999999999996,0.0176,0.0176,0.0203,0.0196,0.021,0.022400000000000003,0.0528,-13.000000000000094,40.99999999999993
2024-08-23,0.039,0.0365,0.0381,0.040999999999999995,0.016399999999999998,0.0168,0.0197,0.020099999999999996,0.0213,0.0225,0.0525,-8.99999999999998,44.99999999999997
2024-08-26,0.0391,0.0366,0.0382,0.041100000000000005,0.016399999999999998,0.0167,0.0197,0.0202,0.0215,0.022799999999999997,0.0524,-9.00000000000005,45.00000000000004
2024-08-27,0.0383,0.0366,0.0383,0.041299999999999996,0.016399999999999998,0.0168,0.019799999999999998,0.0202,0.0215,0.022799999999999997,0.052300000000000006,0.0,46.99999999999996
2024-08-28,0.0383,0.0363,0.0384,0.041299999999999996,0.016399999999999998,0.0169,0.019799999999999998,0.0199,0.0215,0.0231,0.0521,0.9999999999999593,49.99999999999997
2024-08-29,0.0387,0.0366,0.0387,0.0415,0.0165,0.0171,0.02,0.020099999999999996,0.0216,0.0231,0.052199999999999996,0.0,49.000000000000014
2024-08-30,0.0391,0.0371,0.0391,0.042,0.017,0.0176,0.0204,0.020099999999999996,0.0215,0.0229,0.0521,0.0,49.000000000000014
2024-09-03,0.0388,0.0365,0.0384,0.041299999999999996,0.017,0.0173,0.02,0.0195,0.021099999999999997,0.0227,0.0519,-4.000000000000045,47.999999999999986
2024-09-04,0.037599999999999995,0.0356,0.0377,0.0406,0.0166,0.017,0.019799999999999998,0.019,0.0207,0.022400000000000003,0.0518,1.0000000000000286,49.99999999999997
2024-09-05,0.0375,0.0354,0.0373,0.04019999999999999,0.0167,0.017,0.0197,0.0187,0.0203,0.0219,0.051500000000000004,-1.999999999999988,47.999999999999915
2024-09-06,0.0366,0.035,0.037200000000000004,0.0403,0.016399999999999998,0.0169,0.019799999999999998,0.018600000000000002,0.0203,0.022000000000000002,0.0513,6.000000000000033,52.99999999999999
2024-09-09,0.0368,0.0349,0.037000000000000005,0.04,0.0161,0.0166,0.0194,0.018799999999999997,0.0204,0.022000000000000002,0.051100000000000007,2.0000000000000573,51.00000000000001
2024-09-10,0.0359,0.034300000000000004,0.0365,0.0397,0.015700000000000002,0.0163,0.0192,0.018600000000000002,0.0202,0.0218,0.0506,5.999999999999964,53.99999999999995
2024-09-11,0.0362,0.0345,0.0365,0.039599999999999996,0.0155,0.0161,0.0191,0.019,0.0204,0.0218,0.051,2.999999999999947,50.999999999999936
2024-09-12,0.0364,0.0347,0.0368,0.04,0.0154,0.0163,0.0194,0.019299999999999998,0.020499999999999997,0.0217,0.0506,3.999999999999976,52.99999999999999
2024-09-13,0.035699999999999996,0.034300000000000004,0.0366,0.0398,0.0148,0.0158,0.019,0.0195,0.0208,0.022099999999999998,0.049699999999999994,9.00000000000005,54.99999999999998
2024-09-16,0.0356,0.0341,0.0363,0.0394,0.0147,0.0154,0.0184,0.0194,0.0209,0.022400000000000003,0.0496,6.999999999999992,52.99999999999999
2024-09-17,0.0359,0.0344,0.0365,0.039599999999999996,0.0147,0.015300000000000001,0.018500000000000003,0.0197,0.0212,0.0227,0.0495,5.999999999999964,51.999999999999964
2024-09-18,0.0361,0.0347,0.037000000000000005,0.0403,0.0149,0.0158,0.019,0.019799999999999998,0.0212,0.0226,0.0484,9.00000000000005,56.00000000000001
2024-09-19,0.0359,0.0349,0.0373,0.0406,0.014499999999999999,0.015600000000000001,0.0191,0.0204,0.0217,0.023,0.048,13.999999999999984,56.999999999999964
2024-09-20,0.0355,0.0348,0.0373,0.0407,0.0146,0.0158,0.019299999999999998,0.0202,0.0215,0.022799999999999997,0.0475,18.00000000000003,59.00000000000002
2024-09-23,0.035699999999999996,0.0351,0.0375,0.0409,0.0147,0.0158,0.019299999999999998,0.0204,0.0217,0.023,0.0472,18.00000000000003,57.99999999999999
2024-09-24,0.0349,0.0347,0.0374,0.0409,0.0141,0.0155,0.0192,0.0206,0.0219,0.0232,0.046900000000000004,25.00000000000002,61.99999999999997
2024-09-25,0.0353,0.0352,0.0379,0.0414,0.0146,0.0161,0.0197,0.0206,0.0218,0.023,0.046900000000000004,26.00000000000005,61.99999999999997
2024-09-26,0.036000000000000004,0.0355,0.0379,0.0412,0.0152,0.0163,0.0196,0.0203,0.0216,0.0229,0.046799999999999994,18.99999999999999,57.000000000000036
2024-09-27,0.0355,0.035,0.0375,0.040999999999999995,0.0147,0.016,0.0195,0.0203,0.0215,0.0227,0.046799999999999994,20.000000000000018,59.999999999999915
2024-09-30,0.0366,0.0358,0.0381,0.0414,0.0151,0.0163,0.0196,0.0207,0.0218,0.0229,0.0473,15.000000000000014,56.00000000000001
2024-10-01,0.0361,0.0351,0.0374,0.0408,0.0144,0.0155,0.019,0.0207,0.0219,0.0231,0.0471,13.000000000000025,57.000000000000036
2024-10-02,0.0363,0.0355,0.0379,0.0414,0.014499999999999999,0.0158,0.019299999999999998,0.021,0.022099999999999998,0.0232,0.046900000000000004,16.000000000000043,59.00000000000002
2024-10-03,0.037000000000000005,0.0362,0.0385,0.0418,0.0151,0.016399999999999998,0.019799999999999998,0.021099999999999997,0.022099999999999998,0.0231,0.046799999999999994,14.999999999999943,55.999999999999936
2024-10-04,0.0393,0.0381,0.0398,0.0426,0.0167,0.0175,0.0204,0.021400000000000002,0.0223,0.0232,0.0473,5.000000000000004,44.99999999999997
2024-10-07,0.039900000000000005,0.038599999999999995,0.0403,0.043,0.0169,0.0176,0.0206,0.0217,0.0227,0.023700000000000002,0.04769999999999999,3.999999999999976,44.000000000000014
2024-10-08,0.0398,0.038599999999999995,0.0404,0.0432,0.0169,0.0177,0.0207,0.0217,0.0227,0.023700000000000002,0.0475,5.999999999999964,46.00000000000007
2024-10-09,0.039900000000000005,0.0391,0.0406,0.0434,0.017,0.0177,0.0206,0.022099999999999998,0.0229,0.023700000000000002,0.0475,6.999999999999923,42.999999999999986
2024-10-10,0.0398,0.0391,0.0409,0.0438,0.0165,0.0176,0.0208,0.0226,0.0233,0.024,0.0475,10.999999999999968,46.99999999999996
2024-10-11,0.0395,0.0388,0.0408,0.043899999999999995,0.0163,0.0175,0.0209,0.0225,0.0233,0.0241,0.0473,13.000000000000025,50.999999999999936
2024-10-15,0.0395,0.038599999999999995,0.0403,0.0432,0.016399999999999998,0.0175,0.020499999999999997,0.0222,0.022799999999999997,0.023399999999999997,0.0473,8.000000000000021,46.00000000000007
2024-10-16,0.0393,0.0384,0.04019999999999999,0.043,0.0165,0.0175,0.020499999999999997,0.0219,0.0227,0.0235,0.0472,8.999999999999911,46.0
2024-10-17,0.039599999999999996,0.039,0.0409,0.043899999999999995,0.0168,0.0179,0.021099999999999997,0.0222,0.023,0.023799999999999998,0.047400000000000005,13.000000000000025,48.99999999999994
2024-10-18,0.0395,0.0388,0.0408,0.0438,0.0165,0.0177,0.0209,0.0223,0.0231,0.0239,0.0473,13.000000000000025,49.99999999999997
2024-10-21,0.04019999999999999,0.0398,0.04190000000000001,0.0449,0.0175,0.018799999999999997,0.0219,0.0223,0.0231,0.0239,0.0473,17.00000000000014,51.00000000000001
2024-10-22,0.0403,0.04,0.042,0.0449,0.0175,0.0187,0.0217,0.0225,0.0233,0.0241,0.0472,17.0,49.000000000000014
2024-10-23,0.0407,0.0405,0.0424,0.0451,0.0182,0.019299999999999998,0.022099999999999998,0.0223,0.0231,0.0239,0.0473,17.0,46.0
2024-10-24,0.0407,0.0403,0.0421,0.0447,0.017,0.0191,0.0217,0.0233,0.023,0.0227,0.047,13.999999999999984,43.99999999999994
2024-10-25,0.041100000000000005,0.0407,0.0425,0.0451,0.0175,0.0196,0.0222,0.0232,0.0229,0.0226,0.0473,13.999999999999984,44.000000000000014
2024-10-28,0.0412,0.041100000000000005,0.042800000000000005,0.0453,0.018000000000000002,0.0199,0.0223,0.0231,0.0229,0.0227,0.047,16.000000000000043,41.99999999999996
2024-10-29,0.041100000000000005,0.041100000000000005,0.042800000000000005,0.0452,0.0178,0.019799999999999998,0.0222,0.0233,0.023,0.0227,0.047,17.0,40.99999999999993
2024-10-30,0.0415,0.0414,0.0429,0.0449,0.0177,0.0195,0.0217,0.023700000000000002,0.023399999999999997,0.0231,0.0467,13.999999999999984,35.00000000000003
2024-10-31,0.0416,0.0415,0.042800000000000005,0.0447,0.0177,0.0195,0.0215,0.023799999999999998,0.0233,0.022799999999999997,0.0464,12.000000000000066,31.999999999999947
2024-11-01,0.0421,0.042199999999999994,0.0437,0.045700000000000005,0.018500000000000003,0.0204,0.0225,0.023700000000000002,0.0233,0.0229,0.0461,16.000000000000043,35.0000000000001
2024-11-04,0.0417,0.0417,0.0431,0.045,0.018500000000000003,0.0203,0.0222,0.0232,0.022799999999999997,0.022400000000000003,0.04650000000000001,13.999999999999984,32.99999999999997
2024-11-05,0.04190000000000001,0.0416,0.0426,0.0444,0.0184,0.0199,0.0216,0.0232,0.0227,0.0222,0.0464,6.999999999999923,28.00000000000004
2024-11-06,0.042699999999999995,0.042699999999999995,0.044199999999999996,0.046,0.0181,0.0204,0.0225,0.0246,0.023799999999999998,0.023,0.0464,15.000000000000014,33.00000000000004
2024-11-07,0.0421,0.0417,0.0431,0.0452,0.0177,0.019799999999999998,0.0222,0.024,0.0233,0.0226,0.0463,10.000000000000009,34.999999999999964
2024-11-08,0.0426,0.042,0.043,0.0447,0.0177,0.0195,0.0216,0.024300000000000002,0.0235,0.0227,0.0463,3.999999999999976,26.99999999999994
2024-11-12,0.0434,0.0432,0.0443,0.0458,0.0189,0.0208,0.0227,0.024300000000000002,0.0235,0.0227,0.0463,8.99999999999998,25.999999999999982
2024-11-13,0.042699999999999995,0.043,0.0444,0.0463,0.018799999999999997,0.0209,0.0232,0.0242,0.0235,0.022799999999999997,0.046,17.00000000000007,33.00000000000004
2024-11-14,0.0434,0.0432,0.0443,0.0458,0.0192,0.021,0.022799999999999997,0.024,0.0233,0.0226,0.0461,8.99999999999998,25.999999999999982
2024-11-15,0.0431,0.043,0.0443,0.046,0.0191,0.021,0.0231,0.0239,0.0233,0.0227,0.046,11.999999999999996,30.00000000000003
2024-11-18,0.0429,0.042800000000000005,0.044199999999999996,0.0461,0.0187,0.0208,0.023,0.0241,0.023399999999999997,0.0227,0.0463,12.999999999999956,32.99999999999997
2024-11-19,0.042699999999999995,0.0425,0.043899999999999995,0.045700000000000005,0.0184,0.020499999999999997,0.022799999999999997,0.0241,0.023399999999999997,0.0227,0.0462,11.999999999999996,32.000000000000014
2024-11-20,0.0431,0.042800000000000005,0.0441,0.045899999999999996,0.018500000000000003,0.0206,0.0229,0.024300000000000002,0.0235,0.0227,0.0462,10.000000000000009,30.999999999999915
2024-11-21,0.0434,0.043,0.0443,0.0461,0.018799999999999997,0.0209,0.0231,0.0242,0.023399999999999997,0.0226,0.0463,8.99999999999998,31.000000000000057
2024-11-22,0.0437,0.043,0.0441,0.046,0.0187,0.0207,0.0229,0.024300000000000002,0.023399999999999997,0.0225,0.0463,3.999999999999976,30.00000000000003
2024-11-25,0.0421,0.0417,0.042699999999999995,0.044500000000000005,0.0182,0.019799999999999998,0.022000000000000002,0.0235,0.0229,0.0223,0.0462,5.999999999999964,28.00000000000004
2024-11-26,0.0421,0.0417,0.043,0.044800000000000006,0.0184,0.0202,0.022400000000000003,0.0233,0.022799999999999997,0.0223,0.0461,8.99999999999998,31.000000000000057
2024-11-27,0.04190000000000001,0.041100000000000005,0.0425,0.0444,0.0179,0.0199,0.022099999999999998,0.0232,0.0226,0.022000000000000002,0.046,5.999999999999964,32.99999999999997
2024-11-29,0.041299999999999996,0.0405,0.0418,0.0436,0.0172,0.0192,0.0215,0.0233,0.0226,0.0219,0.0458,5.000000000000004,30.999999999999986
2024-12-02,0.0417,0.0408,0.04190000000000001,0.0436,0.0175,0.019299999999999998,0.0215,0.0233,0.0226,0.0219,0.0451,2.0000000000000573,27.999999999999968
2024-12-03,0.0417,0.041100000000000005,0.042300000000000004,0.044000000000000004,0.0175,0.0195,0.0217,0.0236,0.022799999999999997,0.022000000000000002,0.0449,6.000000000000033,28.999999999999996
2024-12-04,0.041299999999999996,0.0407,0.04190000000000001,0.0435,0.017,0.019,0.0212,0.023700000000000002,0.0229,0.022099999999999998,0.0447,6.000000000000102,27.999999999999968
2024-12-05,0.0415,0.0407,0.0417,0.0433,0.0172,0.0192,0.0213,0.0235,0.0225,0.0215,0.0446,1.999999999999988,25.999999999999982
2024-12-06,0.040999999999999995,0.0403,0.0415,0.0434,0.0172,0.0191,0.021400000000000002,0.0231,0.022400000000000003,0.0217,0.044199999999999996,5.000000000000074,30.999999999999986
2024-12-09,0.041299999999999996,0.0407,0.042,0.043899999999999995,0.0174,0.019299999999999998,0.0218,0.0233,0.0227,0.022099999999999998,0.044199999999999996,7.000000000000062,31.999999999999947
2024-12-10,0.0415,0.0409,0.042199999999999994,0.0441,0.0175,0.019299999999999998,0.0217,0.023399999999999997,0.0229,0.022400000000000003,0.0441,6.999999999999923,32.000000000000014
2024-12-11,0.0415,0.041299999999999996,0.0426,0.044800000000000006,0.0175,0.0196,0.0222,0.023799999999999998,0.023,0.0222,0.0438,10.999999999999968,35.0000000000001
2024-12-12,0.0418,0.0418,0.0432,0.0455,0.0179,0.02,0.022799999999999997,0.0239,0.0232,0.0225,0.0435,14.000000000000053,37.00000000000002
2024-12-13,0.0425,0.0425,0.044000000000000004,0.0461,0.018500000000000003,0.0207,0.0233,0.024,0.0233,0.0226,0.0434,15.000000000000014,35.99999999999999
2024-12-16,0.0425,0.0425,0.043899999999999995,0.046,0.0187,0.0207,0.0232,0.023799999999999998,0.0232,0.0226,0.0437,13.999999999999915,34.999999999999964
2024-12-17,0.0425,0.0426,0.044000000000000004,0.045899999999999996,0.019,0.0209,0.0233,0.0236,0.0231,0.0226,0.0438,15.000000000000014,32.99999999999997
2024-12-18,0.0435,0.044000000000000004,0.045,0.04650000000000001,0.0202,0.0218,0.023700000000000002,0.023799999999999998,0.0232,0.0226,0.0436,15.000000000000014,25.00000000000002
2024-12-19,0.0432,0.0443,0.045700000000000005,0.047400000000000005,0.0208,0.022799999999999997,0.024700000000000003,0.0235,0.0229,0.0223,0.0435,25.00000000000002,31.000000000000057
2024-12-20,0.043,0.0437,0.0452,0.0472,0.0203,0.0223,0.024399999999999998,0.023399999999999997,0.0229,0.022400000000000003,0.0434,22.000000000000007,34.999999999999964
2024-12-23,0.043,0.0444,0.045899999999999996,0.0478,0.0206,0.0227,0.024700000000000003,0.023799999999999998,0.0232,0.0226,0.0436,28.999999999999996,34.0
2024-12-24,0.0429,0.0443,0.045899999999999996,0.047599999999999996,0.0204,0.022400000000000003,0.024399999999999998,0.0239,0.0235,0.0231,0.044000000000000004,29.999999999999957,32.99999999999997
2024-12-26,0.043,0.044199999999999996,0.0458,0.047599999999999996,0.0203,0.0223,0.024300000000000002,0.0239,0.0235,0.0231,0.0435,28.00000000000004,34.0
2024-12-27,0.0431,0.044500000000000005,0.0462,0.0482,0.0207,0.022799999999999997,0.024900000000000002,0.023799999999999998,0.023399999999999997,0.023,0.0431,30.999999999999986,36.99999999999995
2024-12-30,0.0424,0.0437,0.0455,0.04769999999999999,0.0202,0.022400000000000003,0.024700000000000003,0.0235,0.0231,0.0227,0.0437,30.999999999999986,39.99999999999989
2024-12-31,0.0425,0.0438,0.0458,0.0478,0.02,0.022400000000000003,0.0248,0.023799999999999998,0.023399999999999997,0.023,0.0437,32.99999999999997,40.000000000000036
2025-01-02,0.0425,0.0438,0.045700000000000005,0.0479,0.0197,0.0223,0.0248,0.0241,0.023399999999999997,0.0227,0.0436,32.000000000000014,40.99999999999999
2025-01-03,0.042800000000000005,0.0441,0.046,0.0482,0.020099999999999996,0.0226,0.025099999999999997,0.024,0.023399999999999997,0.022799999999999997,0.0434,31.999999999999947,40.99999999999999
2025-01-06,0.042800000000000005,0.044199999999999996,0.0462,0.048499999999999995,0.0202,0.022799999999999997,0.0253,0.024,0.023399999999999997,0.022799999999999997,0.0435,33.999999999999936,42.999999999999986
2025-01-07,0.043,0.0446,0.0467,0.049100000000000005,0.0202,0.0229,0.0255,0.024399999999999998,0.023799999999999998,0.0232,0.0435,37.00000000000002,45.00000000000004
2025-01-08,0.042800000000000005,0.044500000000000005,0.0467,0.049100000000000005,0.019799999999999998,0.0227,0.0255,0.024700000000000003,0.024,0.0233,0.0435,38.999999999999936,46.0
2025-01-09,0.042699999999999995,0.0446,0.046799999999999994,0.0492,0.02,0.0229,0.0258,0.0246,0.0239,0.0232,0.0435,40.99999999999999,46.0
2025-01-10,0.044000000000000004,0.045899999999999996,0.04769999999999999,0.0496,0.0208,0.023399999999999997,0.026000000000000002,0.025099999999999997,0.024300000000000002,0.0235,0.0436,36.99999999999988,37.00000000000002
2025-01-13,0.044000000000000004,0.0461,0.0479,0.049699999999999994,0.0206,0.023399999999999997,0.0259,0.0255,0.0245,0.0235,0.0437,38.999999999999936,35.99999999999992
2025-01-14,0.0437,0.045899999999999996,0.0478,0.049800000000000004,0.0204,0.023399999999999997,0.026099999999999998,0.0255,0.024399999999999998,0.0233,0.0436,40.99999999999999,39.00000000000008
2025-01-15,0.042699999999999995,0.044500000000000005,0.0466,0.048799999999999996,0.019299999999999998,0.022400000000000003,0.0253,0.0252,0.0242,0.0232,0.0435,39.00000000000008,42.999999999999915
2025-01-16,0.042300000000000004,0.043899999999999995,0.0461,0.0484,0.018799999999999997,0.0219,0.025099999999999997,0.025099999999999997,0.0242,0.0233,0.0434,37.99999999999998,45.00000000000004
2025-01-17,0.042699999999999995,0.044199999999999996,0.0461,0.0484,0.019,0.022000000000000002,0.025099999999999997,0.0252,0.0241,0.023,0.0434,34.00000000000007,42.00000000000002
2025-01-21,0.0429,0.044000000000000004,0.045700000000000005,0.048,0.019299999999999998,0.0219,0.0248,0.024700000000000003,0.023799999999999998,0.0229,0.0436,28.00000000000004,39.999999999999964
2025-01-22,0.0429,0.0443,0.046,0.0482,0.0195,0.022000000000000002,0.0248,0.0248,0.024,0.0232,0.0436,30.999999999999986,39.00000000000001
2025-01-23,0.0429,0.044500000000000005,0.04650000000000001,0.0487,0.019299999999999998,0.0223,0.025,0.0252,0.0242,0.0232,0.0436,36.00000000000006,41.99999999999996
2025-01-24,0.042699999999999995,0.0443,0.0463,0.048499999999999995,0.0191,0.022000000000000002,0.024700000000000003,0.0252,0.024300000000000002,0.023399999999999997,0.0435,36.00000000000006,41.99999999999996
2025-01-27,0.0417,0.0432,0.0453,0.047599999999999996,0.0183,0.0213,0.024,0.024900000000000002,0.024,0.0231,0.0432,35.99999999999999,43.99999999999994
2025-01-28,0.04190000000000001,0.0433,0.0455,0.0478,0.0181,0.0213,0.0242,0.0252,0.0242,0.0232,0.0431,35.99999999999992,45.00000000000004
2025-01-29,0.0421,0.0435,0.0455,0.0479,0.0183,0.0215,0.0242,0.0252,0.024,0.022799999999999997,0.0431,34.0,44.000000000000014
2025-01-30,0.0418,0.0431,0.0452,0.047599999999999996,0.0181,0.021400000000000002,0.0242,0.025,0.023799999999999998,0.0226,0.043,34.0,44.99999999999997
2025-01-31,0.042199999999999994,0.0436,0.0458,0.0483,0.0182,0.0216,0.0246,0.0254,0.0242,0.023,0.0431,36.00000000000006,47.00000000000003
2025-02-03,0.0426,0.0435,0.0454,0.04769999999999999,0.0174,0.0209,0.0239,0.026099999999999998,0.0245,0.0229,0.0434,28.00000000000004,41.99999999999996
2025-02-04,0.0421,0.0431,0.0452,0.0475,0.0172,0.0208,0.023700000000000002,0.0259,0.024399999999999998,0.0229,0.0433,30.999999999999986,44.000000000000014
2025-02-05,0.0417,0.0424,0.0443,0.0464,0.0167,0.020099999999999996,0.0229,0.025699999999999997,0.0242,0.0227,0.0433,25.999999999999982,39.999999999999964
2025-02-06,0.0421,0.042800000000000005,0.044500000000000005,0.04650000000000001,0.0171,0.0203,0.023,0.025699999999999997,0.0242,0.0227,0.0434,24.000000000000064,37.00000000000002
2025-02-07,0.0429,0.0434,0.0449,0.046900000000000004,0.0175,0.0207,0.0235,0.0259,0.0242,0.0225,0.0435,20.000000000000018,35.00000000000003
2025-02-10,0.042800000000000005,0.0434,0.0451,0.0471,0.0174,0.0207,0.0236,0.026000000000000002,0.024399999999999998,0.022799999999999997,0.0435,22.999999999999964,37.00000000000002
2025-02-11,0.0429,0.0437,0.0454,0.0475,0.0173,0.0208,0.023799999999999998,0.0264,0.0246,0.022799999999999997,0.0435,25.00000000000002,37.99999999999998
2025-02-12,0.0436,0.044800000000000006,0.0462,0.0483,0.0182,0.0216,0.0246,0.026600000000000002,0.0246,0.0226,0.0435,25.999999999999982,34.999999999999964
2025-02-13,0.0431,0.043899999999999995,0.0452,0.0472,0.0175,0.0208,0.023799999999999998,0.0264,0.024399999999999998,0.022400000000000003,0.0434,20.99999999999998,33.00000000000004
2025-02-14,0.0426,0.0433,0.0447,0.046900000000000004,0.0171,0.0204,0.0236,0.0262,0.024300000000000002,0.022400000000000003,0.0434,20.99999999999998,36.00000000000006
2025-02-18,0.0429,0.044000000000000004,0.0455,0.04769999999999999,0.0175,0.021,0.0241,0.0265,0.0245,0.0225,0.0434,25.999999999999982,36.99999999999988
2025-02-19,0.042800000000000005,0.0437,0.0453,0.047599999999999996,0.0171,0.0208,0.024,0.026600000000000002,0.0245,0.022400000000000003,0.0434,24.999999999999954,38.999999999999936
2025-02-20,0.042800000000000005,0.0434,0.045,0.047400000000000005,0.0168,0.020499999999999997,0.0239,0.026600000000000002,0.0245,0.022400000000000003,0.0433,21.999999999999936,40.000000000000036
2025-02-21,0.04190000000000001,0.0426,0.044199999999999996,0.0467,0.0165,0.02,0.0235,0.026099999999999998,0.0242,0.0223,0.0432,22.999999999999897,40.99999999999999
2025-02-24,0.041299999999999996,0.042300000000000004,0.044000000000000004,0.0466,0.016200000000000003,0.019799999999999998,0.0233,0.026099999999999998,0.0242,0.0223,0.0431,27.000000000000078,42.999999999999986
2025-02-25,0.0407,0.0412,0.043,0.0455,0.0155,0.0192,0.0227,0.025699999999999997,0.023799999999999998,0.0219,0.043,22.999999999999964,42.999999999999986
2025-02-26,0.0405,0.0406,0.0425,0.0451,0.0152,0.0189,0.0225,0.0254,0.0236,0.0218,0.0431,20.000000000000018,45.00000000000004
2025-02-27,0.0407,0.0409,0.0429,0.045599999999999995,0.0152,0.0192,0.023,0.025699999999999997,0.023700000000000002,0.0217,0.0432,22.000000000000007,46.99999999999996
2025-02-28,0.039900000000000005,0.0403,0.0424,0.0451,0.014499999999999999,0.018600000000000002,0.022400000000000003,0.0258,0.023799999999999998,0.0218,0.0432,24.999999999999954,47.999999999999986
2025-03-03,0.039599999999999996,0.0397,0.0416,0.044500000000000005,0.0138,0.018000000000000002,0.022000000000000002,0.0259,0.0236,0.0213,0.0435,20.000000000000018,48.00000000000006
2025-03-04,0.039599999999999996,0.0401,0.042199999999999994,0.0453,0.014199999999999999,0.0187,0.022799999999999997,0.0259,0.0235,0.021099999999999997,0.0434,25.999999999999982,52.000000000000036
2025-03-05,0.039900000000000005,0.0408,0.042800000000000005,0.045700000000000005,0.0152,0.0194,0.0233,0.0256,0.023399999999999997,0.0212,0.0435,28.999999999999996,49.000000000000014
2025-03-06,0.039599999999999996,0.0406,0.0429,0.0458,0.015300000000000001,0.0195,0.0233,0.0253,0.023399999999999997,0.0215,0.0434,33.00000000000004,52.000000000000036
2025-03-07,0.039900000000000005,0.0409,0.0432,0.0462,0.015700000000000002,0.0199,0.0236,0.0252,0.0233,0.021400000000000002,0.0434,32.99999999999997,52.99999999999999
2025-03-10,0.038900000000000004,0.0398,0.042199999999999994,0.0454,0.0149,0.0191,0.0231,0.024900000000000002,0.0231,0.0213,0.0433,32.99999999999991,56.00000000000001
2025-03-11,0.0394,0.0403,0.042800000000000005,0.045899999999999996,0.015300000000000001,0.0197,0.0235,0.025,0.0231,0.0212,0.0434,34.00000000000007,55.999999999999936
2025-03-12,0.0401,0.0409,0.0432,0.0463,0.015600000000000001,0.0199,0.023700000000000002,0.0253,0.0233,0.0213,0.0435,31.000000000000057,54.00000000000002
2025-03-13,0.0394,0.04019999999999999,0.042699999999999995,0.045899999999999996,0.0154,0.019799999999999998,0.0236,0.0248,0.0229,0.021,0.0434,32.99999999999997,57.000000000000036
2025-03-14,0.04019999999999999,0.0409,0.0431,0.0462,0.0161,0.020099999999999996,0.023799999999999998,0.0248,0.023,0.0212,0.0433,29.000000000000068,52.99999999999999
2025-03-17,0.0406,0.041100000000000005,0.0431,0.046,0.0163,0.0202,0.023700000000000002,0.0248,0.0229,0.021,0.0434,25.00000000000002,48.99999999999994
2025-03-18,0.0404,0.0407,0.0429,0.0458,0.0161,0.0199,0.0235,0.0246,0.023,0.021400000000000002,0.0434,25.00000000000002,51.00000000000001
2025-03-19,0.039900000000000005,0.0403,0.0425,0.045599999999999995,0.015300000000000001,0.0194,0.0232,0.025,0.0231,0.0212,0.0433,25.999999999999982,52.99999999999992
2025-03-20,0.0395,0.0401,0.0424,0.0455,0.015,0.019299999999999998,0.0231,0.025099999999999997,0.0231,0.021099999999999997,0.0433,28.999999999999996,54.00000000000002
2025-03-21,0.0394,0.04,0.0425,0.045899999999999996,0.0149,0.0192,0.0235,0.025099999999999997,0.0233,0.0215,0.0433,31.000000000000057,58.99999999999996
2025-03-24,0.0404,0.0409,0.0434,0.0466,0.0155,0.019799999999999998,0.024,0.0254,0.0236,0.0218,0.0433,30.00000000000003,57.000000000000036
2025-03-25,0.039599999999999996,0.0407,0.0431,0.04650000000000001,0.0151,0.0196,0.0239,0.0256,0.0235,0.021400000000000002,0.0433,35.00000000000003,58.000000000000064
2025-03-26,0.0398,0.0408,0.0435,0.046900000000000004,0.0152,0.019799999999999998,0.0241,0.0256,0.023700000000000002,0.0218,0.0433,36.99999999999995,61.000000000000014
2025-03-27,0.0397,0.0409,0.0438,0.0473,0.0149,0.0199,0.024399999999999998,0.026000000000000002,0.0239,0.0218,0.0433,40.99999999999999,64.00000000000003
2025-03-28,0.038900000000000004,0.0398,0.042699999999999995,0.0464,0.013999999999999999,0.019,0.023700000000000002,0.0258,0.023700000000000002,0.0216,0.0433,37.99999999999991,65.99999999999994
2025-03-31,0.038900000000000004,0.039599999999999996,0.042300000000000004,0.045899999999999996,0.013500000000000002,0.018500000000000003,0.0232,0.026099999999999998,0.023799999999999998,0.0215,0.0432,34.0,63.0
2025-04-01,0.0387,0.0391,0.0417,0.0452,0.0137,0.0184,0.023,0.0254,0.0233,0.0212,0.0432,30.00000000000003,60.99999999999994
2025-04-02,0.0391,0.0395,0.042,0.0454,0.0144,0.018799999999999997,0.0232,0.025099999999999997,0.0232,0.0213,0.0432,28.999999999999996,59.00000000000002
2025-04-03,0.0371,0.0375,0.0406,0.0449,0.0125,0.0178,0.0231,0.025,0.022799999999999997,0.0206,0.0431,34.999999999999964,74.00000000000004
2025-04-04,0.0368,0.037200000000000004,0.0401,0.0441,0.0138,0.0183,0.022799999999999997,0.023399999999999997,0.0218,0.0202,0.042800000000000005,32.99999999999997,68.99999999999996
2025-04-07,0.0373,0.0382,0.0415,0.0458,0.0151,0.0196,0.0242,0.0231,0.0219,0.0207,0.0429,42.00000000000002,76.00000000000003
2025-04-08,0.0371,0.0388,0.0426,0.0471,0.015300000000000001,0.0204,0.0252,0.0235,0.0222,0.0209,0.0431,54.99999999999998,83.00000000000001
2025-04-09,0.0391,0.0406,0.0434,0.0472,0.0161,0.0207,0.025,0.0245,0.0227,0.0209,0.0435,42.999999999999986,66.00000000000001
2025-04-10,0.0384,0.0404,0.044000000000000004,0.048600000000000004,0.0172,0.022099999999999998,0.0268,0.0232,0.0219,0.0206,0.0434,56.00000000000008,82.00000000000006
2025-04-11,0.039599999999999996,0.0415,0.044800000000000006,0.048499999999999995,0.0182,0.022799999999999997,0.0268,0.0233,0.022000000000000002,0.0207,0.0434,52.0000000000001,69.99999999999993
2025-04-14,0.0384,0.04019999999999999,0.0438,0.048,0.0167,0.0215,0.026000000000000002,0.0235,0.0223,0.021099999999999997,0.0433,54.00000000000002,78.00000000000009
2025-04-15,0.0384,0.0398,0.0435,0.0479,0.0167,0.0216,0.0263,0.0231,0.0219,0.0207,0.0433,51.00000000000001,80.99999999999996
2025-04-16,0.0377,0.0391,0.0429,0.047400000000000005,0.016200000000000003,0.0212,0.026000000000000002,0.0229,0.0217,0.020499999999999997,0.0433,52.000000000000036,83.00000000000001
2025-04-17,0.0381,0.0395,0.0434,0.048,0.0169,0.021099999999999997,0.0259,0.0226,0.0223,0.022000000000000002,0.0434,52.99999999999999,85.0
2025-04-21,0.0375,0.0397,0.044199999999999996,0.049100000000000005,0.0172,0.022000000000000002,0.0268,0.0225,0.0222,0.0219,0.0434,66.99999999999997,94.00000000000006
2025-04-22,0.037599999999999995,0.0398,0.0441,0.048799999999999996,0.0168,0.021400000000000002,0.0263,0.023,0.0227,0.022400000000000003,0.0433,65.00000000000006,89.99999999999994
2025-04-23,0.0381,0.04,0.044000000000000004,0.0483,0.0167,0.021099999999999997,0.0258,0.0233,0.0229,0.0225,0.0433,59.00000000000002,83.00000000000001
2025-04-24,0.0377,0.0391,0.0432,0.04769999999999999,0.015600000000000001,0.0202,0.0252,0.0235,0.023,0.0225,0.0432,55.00000000000005,85.9999999999999
2025-04-25,0.0374,0.0388,0.0429,0.047400000000000005,0.015600000000000001,0.0202,0.0253,0.0232,0.0227,0.0222,0.0432,54.99999999999998,86.00000000000003
2025-04-28,0.036699999999999997,0.0381,0.042300000000000004,0.046900000000000004,0.0149,0.019799999999999998,0.025,0.0232,0.0225,0.0218,0.0432,56.00000000000008,88.00000000000003
2025-04-29,0.0365,0.0377,0.04190000000000001,0.0464,0.0148,0.0196,0.0246,0.0229,0.0223,0.0217,0.0431,54.00000000000009,87.0
2025-04-30,0.036000000000000004,0.037200000000000004,0.0417,0.0466,0.0143,0.0194,0.024700000000000003,0.0229,0.0223,0.0217,0.0431,56.999999999999964,93.99999999999999
2025-05-01,0.037000000000000005,0.0381,0.0425,0.047400000000000005,0.0151,0.02,0.0253,0.023,0.0225,0.022000000000000002,0.0431,54.99999999999998,93.00000000000003
2025-05-02,0.0383,0.0392,0.0433,0.0479,0.0161,0.0206,0.0256,0.0231,0.0227,0.0223,0.0433,49.99999999999997,87.0
2025-05-05,0.0383,0.0395,0.0436,0.0483,0.016200000000000003,0.0208,0.0258,0.0233,0.022799999999999997,0.0223,0.0433,52.99999999999999,88.00000000000003
2025-05-06,0.0378,0.039,0.043,0.0481,0.015600000000000001,0.0204,0.0256,0.023399999999999997,0.0226,0.0218,0.0433,51.999999999999964,90.99999999999997
2025-05-07,0.0378,0.0387,0.0426,0.04769999999999999,0.0154,0.020099999999999996,0.0254,0.0233,0.0225,0.0217,0.0434,47.999999999999986,89.99999999999994
2025-05-08,0.039,0.04,0.0437,0.0483,0.0161,0.0208,0.0259,0.0239,0.0229,0.0219,0.0434,47.00000000000003,83.00000000000001
2025-05-09,0.0388,0.04,0.0437,0.0483,0.0161,0.0208,0.026000000000000002,0.0239,0.0229,0.0219,0.0434,49.000000000000014,83.00000000000001
2025-05-12,0.0398,0.0409,0.044500000000000005,0.0489,0.0174,0.0216,0.0264,0.0235,0.0229,0.0223,0.044199999999999996,47.00000000000003,80.0
2025-05-13,0.04019999999999999,0.0412,0.0449,0.049400000000000006,0.0174,0.0217,0.0265,0.023799999999999998,0.0232,0.0226,0.0441,47.0000000000001,82.00000000000006
2025-05-14,0.0405,0.0417,0.0453,0.049699999999999994,0.0173,0.0216,0.0265,0.024399999999999998,0.023700000000000002,0.023,0.0441,47.999999999999986,79.99999999999993
2025-05-15,0.039599999999999996,0.0407,0.044500000000000005,0.049100000000000005,0.0166,0.021099999999999997,0.026099999999999998,0.0241,0.023399999999999997,0.0227,0.0438,49.000000000000085,84.00000000000004
2025-05-16,0.0398,0.0406,0.0443,0.0489,0.016399999999999998,0.0209,0.0259,0.0242,0.023399999999999997,0.0226,0.0437,44.99999999999997,83.00000000000001
2025-05-19,0.0397,0.0407,0.0446,0.0492,0.016399999999999998,0.021,0.026000000000000002,0.024300000000000002,0.0236,0.0229,0.043899999999999995,49.000000000000014,85.0
2025-05-20,0.0397,0.0407,0.044800000000000006,0.0496,0.0165,0.0213,0.0265,0.0242,0.0235,0.022799999999999997,0.0438,51.00000000000007,88.99999999999999
2025-05-21,0.04,0.0415,0.0458,0.0508,0.0172,0.0223,0.0275,0.024300000000000002,0.0235,0.0227,0.0436,57.99999999999999,92.99999999999996
2025-05-22,0.04,0.041100000000000005,0.0454,0.050499999999999996,0.0169,0.022000000000000002,0.0273,0.0242,0.023399999999999997,0.0226,0.0437,54.00000000000002,93.99999999999991
2025-05-23,0.04,0.0408,0.0451,0.0504,0.0168,0.0218,0.0273,0.024,0.0233,0.0226,0.0436,51.00000000000001,95.99999999999997
2025-05-27,0.0392,0.0404,0.0443,0.049400000000000006,0.0163,0.021099999999999997,0.0265,0.0241,0.0232,0.0223,0.0435,51.00000000000001,90.00000000000009
2025-05-28,0.039599999999999996,0.0405,0.0447,0.049699999999999994,0.0166,0.0215,0.026699999999999998,0.0239,0.0232,0.0225,0.0435,51.00000000000001,91.99999999999993
2025-05-29,0.0392,0.04,0.0443,0.0492,0.016200000000000003,0.021099999999999997,0.0263,0.023799999999999998,0.0232,0.0226,0.0436,51.00000000000001,92.0
2025-05-30,0.038900000000000004,0.039599999999999996,0.0441,0.0492,0.015700000000000002,0.0207,0.026099999999999998,0.0239,0.023399999999999997,0.0229,0.0436,51.999999999999964,96.00000000000004
2025-06-02,0.0394,0.0401,0.0446,0.0499,0.0163,0.0213,0.0268,0.023799999999999998,0.0233,0.022799999999999997,0.0444,52.000000000000036,98.00000000000003
2025-06-03,0.039599999999999996,0.0404,0.0446,0.049800000000000004,0.0166,0.021400000000000002,0.0268,0.023799999999999998,0.0232,0.0226,0.0443,50.00000000000004,94.00000000000006
2025-06-04,0.0387,0.0393,0.0437,0.0489,0.0161,0.0206,0.026000000000000002,0.0232,0.0231,0.023,0.0444,50.00000000000004,95.99999999999997
2025-06-05,0.0392,0.039900000000000005,0.044000000000000004,0.048799999999999996,0.0168,0.021099999999999997,0.026099999999999998,0.0231,0.0229,0.0227,0.0444,48.00000000000006,88.99999999999991
2025-06-06,0.0404,0.041299999999999996,0.0451,0.049699999999999994,0.0178,0.022000000000000002,0.0268,0.0235,0.0231,0.0227,0.0443,47.00000000000003,83.99999999999997
2025-06-09,0.0401,0.0409,0.0449,0.0495,0.0175,0.0218,0.026699999999999998,0.023399999999999997,0.0231,0.022799999999999997,0.0444,48.00000000000006,86.00000000000003
2025-06-10,0.0401,0.0408,0.0447,0.0493,0.0176,0.0218,0.026600000000000002,0.0232,0.0229,0.0226,0.044500000000000005,46.0,84.99999999999994
2025-06-11,0.0394,0.04019999999999999,0.0441,0.049100000000000005,0.0172,0.021400000000000002,0.0265,0.023,0.0227,0.022400000000000003,0.044500000000000005,47.00000000000003,89.00000000000011
2025-06-12,0.039,0.0397,0.0436,0.0484,0.0169,0.021099999999999997,0.026000000000000002,0.022799999999999997,0.0225,0.0222,0.0446,46.0,87.0
2025-06-13,0.039599999999999996,0.04019999999999999,0.0441,0.049,0.0171,0.0213,0.0264,0.0231,0.022799999999999997,0.0225,0.044500000000000005,45.00000000000004,88.00000000000009
2025-06-16,0.0397,0.0404,0.0446,0.0496,0.0172,0.0216,0.026699999999999998,0.0232,0.023,0.022799999999999997,0.0443,49.000000000000014,92.0
2025-06-17,0.0394,0.039900000000000005,0.043899999999999995,0.048799999999999996,0.016399999999999998,0.0208,0.0259,0.0235,0.0231,0.0227,0.044199999999999996,44.99999999999997,88.99999999999991
2025-06-18,0.0394,0.0398,0.0438,0.048799999999999996,0.016200000000000003,0.0207,0.026000000000000002,0.0236,0.0231,0.0226,0.044199999999999996,44.000000000000014,89.99999999999994
2025-06-20,0.039,0.039599999999999996,0.0438,0.0489,0.0159,0.020499999999999997,0.0259,0.023700000000000002,0.0233,0.0229,0.043899999999999995,47.999999999999986,93.00000000000003
2025-06-23,0.0384,0.0391,0.0434,0.0487,0.0158,0.0204,0.0259,0.0233,0.023,0.0227,0.0438,50.00000000000004,95.99999999999997
2025-06-24,0.0375,0.038599999999999995,0.043,0.0483,0.015600000000000001,0.020099999999999996,0.025699999999999997,0.023,0.0229,0.022799999999999997,0.0438,54.99999999999998,97.00000000000007
2025-06-25,0.0374,0.0383,0.0429,0.0483,0.0155,0.020099999999999996,0.0256,0.022799999999999997,0.022799999999999997,0.022799999999999997,0.0438,54.99999999999998,100.00000000000001
2025-06-26,0.037000000000000005,0.0379,0.0426,0.0481,0.015,0.019799999999999998,0.0255,0.0229,0.022799999999999997,0.0227,0.043899999999999995,55.999999999999936,101.99999999999994
2025-06-27,0.0373,0.0383,0.0429,0.048499999999999995,0.0152,0.02,0.025699999999999997,0.0231,0.0229,0.0227,0.043899999999999995,56.00000000000001,101.99999999999994
2025-06-30,0.037200000000000004,0.0379,0.0424,0.0478,0.0148,0.0195,0.025099999999999997,0.0231,0.0229,0.0227,0.0441,51.999999999999964,98.99999999999999
2025-07-01,0.0378,0.0384,0.0426,0.0478,0.0152,0.0197,0.0252,0.0232,0.0229,0.0226,0.044000000000000004,47.999999999999986,94.00000000000006
2025-07-02,0.0378,0.0387,0.043,0.0482,0.015300000000000001,0.02,0.0254,0.023399999999999997,0.023,0.0226,0.0441,51.999999999999964,95.00000000000001
2025-07-03,0.0388,0.0394,0.0435,0.048600000000000004,0.015700000000000002,0.0202,0.025699999999999997,0.023700000000000002,0.0233,0.0229,0.044199999999999996,46.99999999999996,92.00000000000007
2025-07-07,0.039,0.039599999999999996,0.044000000000000004,0.0492,0.015600000000000001,0.020499999999999997,0.0262,0.024,0.0235,0.023,0.044199999999999996,50.00000000000004,96.00000000000004
2025-07-08,0.039,0.039900000000000005,0.044199999999999996,0.049400000000000006,0.016,0.0207,0.0263,0.0239,0.0235,0.0231,0.044199999999999996,51.999999999999964,95.00000000000001
2025-07-09,0.038599999999999995,0.0392,0.0434,0.0487,0.0154,0.020099999999999996,0.0258,0.023799999999999998,0.0233,0.022799999999999997,0.044199999999999996,48.00000000000006,95.00000000000001
2025-07-10,0.038599999999999995,0.0393,0.0435,0.048600000000000004,0.0154,0.020099999999999996,0.025699999999999997,0.0239,0.023399999999999997,0.0229,0.044199999999999996,49.000000000000014,93.00000000000003
2025-07-11,0.039,0.039900000000000005,0.0443,0.0496,0.0155,0.0206,0.0264,0.024399999999999998,0.023700000000000002,0.023,0.0441,52.99999999999999,96.99999999999993
2025-07-14,0.039,0.0398,0.0443,0.049699999999999994,0.015300000000000001,0.0204,0.0264,0.0245,0.0239,0.0233,0.044199999999999996,52.99999999999999,98.99999999999991
2025-07-15,0.0395,0.0405,0.045,0.0501,0.015700000000000002,0.0209,0.026699999999999998,0.0248,0.0241,0.023399999999999997,0.044199999999999996,54.99999999999998,95.99999999999997
2025-07-16,0.0388,0.039900000000000005,0.0446,0.0501,0.015,0.020499999999999997,0.026600000000000002,0.024900000000000002,0.0241,0.0233,0.0441,57.99999999999999,101.99999999999994
2025-07-17,0.0391,0.0401,0.0447,0.0501,0.0148,0.0204,0.0264,0.0253,0.024300000000000002,0.0233,0.0441,55.999999999999936,100.00000000000001
2025-07-18,0.0388,0.039599999999999996,0.0444,0.05,0.0146,0.0203,0.0265,0.025,0.0241,0.0232,0.044000000000000004,56.00000000000001,104.00000000000007
2025-07-21,0.0385,0.0391,0.0438,0.049400000000000006,0.014199999999999999,0.019799999999999998,0.026000000000000002,0.024900000000000002,0.024,0.0231,0.0441,52.99999999999999,103.00000000000004
2025-07-22,0.0383,0.0388,0.0435,0.049,0.0141,0.0196,0.0259,0.024700000000000003,0.0239,0.0231,0.0441,51.999999999999964,102.00000000000001
2025-07-23,0.0388,0.0394,0.044000000000000004,0.0495,0.015,0.0203,0.0264,0.024399999999999998,0.023700000000000002,0.023,0.0441,52.000000000000036,101.00000000000004
2025-07-24,0.0391,0.0398,0.0443,0.0496,0.0148,0.019799999999999998,0.0262,0.025,0.0245,0.024,0.044199999999999996,51.999999999999964,97.99999999999996
2025-07-25,0.0391,0.0395,0.044000000000000004,0.0492,0.0148,0.0196,0.026000000000000002,0.024700000000000003,0.024399999999999998,0.0241,0.044199999999999996,49.000000000000014,97.0
2025-07-28,0.0391,0.039599999999999996,0.044199999999999996,0.0496,0.0149,0.019799999999999998,0.0263,0.024700000000000003,0.024399999999999998,0.0241,0.044000000000000004,50.999999999999936,100.00000000000001
2025-07-29,0.038599999999999995,0.039,0.0434,0.048600000000000004,0.014199999999999999,0.0191,0.0256,0.0248,0.024300000000000002,0.023799999999999998,0.044000000000000004,48.00000000000006,96.00000000000004
2025-07-30,0.0394,0.039599999999999996,0.0438,0.0489,0.0148,0.0196,0.026000000000000002,0.0248,0.0242,0.0236,0.0441,44.000000000000014,93.00000000000003
2025-07-31,0.0394,0.039599999999999996,0.0437,0.0489,0.015,0.019799999999999998,0.0262,0.0246,0.0239,0.0232,0.0441,43.00000000000005,93.00000000000003
2025-08-01,0.0369,0.0377,0.042300000000000004,0.0481,0.0139,0.019,0.0258,0.023799999999999998,0.0233,0.022799999999999997,0.0435,54.00000000000002,104.0
2025-08-04,0.0369,0.0375,0.042199999999999994,0.048,0.0134,0.018500000000000003,0.0255,0.0241,0.023700000000000002,0.0233,0.0435,52.99999999999992,105.00000000000003
2025-08-05,0.037200000000000004,0.0377,0.042199999999999994,0.0478,0.013600000000000001,0.018600000000000002,0.0254,0.0241,0.0236,0.0231,0.0434,49.99999999999991,101.00000000000004
2025-08-06,0.0369,0.0377,0.042199999999999994,0.0481,0.0137,0.018799999999999997,0.025699999999999997,0.024,0.023399999999999997,0.022799999999999997,0.0432,52.99999999999992,104.0
2025-08-07,0.037200000000000004,0.0379,0.042300000000000004,0.0481,0.0138,0.018799999999999997,0.0256,0.0241,0.0235,0.0229,0.0432,51.00000000000001,101.99999999999994
2025-08-08,0.037599999999999995,0.0384,0.042699999999999995,0.048499999999999995,0.0138,0.018799999999999997,0.025699999999999997,0.0246,0.0239,0.0232,0.0432,51.00000000000001,100.99999999999997
2025-08-11,0.037599999999999995,0.0383,0.042699999999999995,0.0484,0.0137,0.0187,0.025699999999999997,0.0246,0.024,0.023399999999999997,0.0434,51.00000000000001,100.99999999999997
2025-08-12,0.037200000000000004,0.0383,0.0429,0.048799999999999996,0.013999999999999999,0.0191,0.026099999999999998,0.024300000000000002,0.023799999999999998,0.0233,0.0433,56.999999999999964,104.99999999999996
2025-08-13,0.036699999999999997,0.0377,0.0424,0.0483,0.013500000000000002,0.0187,0.025699999999999997,0.0242,0.023700000000000002,0.0232,0.0429,57.000000000000036,106.00000000000006
2025-08-14,0.0374,0.0382,0.0429,0.048799999999999996,0.0139,0.019,0.026000000000000002,0.024300000000000002,0.0239,0.0235,0.043,54.99999999999998,105.99999999999999
2025-08-15,0.0375,0.0385,0.0433,0.0492,0.0143,0.0195,0.0265,0.0242,0.023799999999999998,0.023399999999999997,0.043,57.99999999999999,107.00000000000001
2025-08-18,0.0377,0.038599999999999995,0.0434,0.049400000000000006,0.0144,0.0196,0.026699999999999998,0.0242,0.023799999999999998,0.023399999999999997,0.0433,57.000000000000036,108.00000000000011
2025-08-19,0.0375,0.0382,0.043,0.049,0.0143,0.0195,0.0264,0.0239,0.0235,0.0231,0.043,54.99999999999998,108.00000000000004
2025-08-20,0.0374,0.0381,0.0429,0.0489,0.0141,0.0194,0.0264,0.024,0.0235,0.023,0.043,54.99999999999998,107.99999999999997
2025-08-21,0.0379,0.038599999999999995,0.0433,0.0492,0.014199999999999999,0.0194,0.0265,0.024399999999999998,0.0239,0.023399999999999997,0.0432,53.99999999999995,106.00000000000006
2025-08-22,0.0368,0.037599999999999995,0.0426,0.048799999999999996,0.0128,0.018500000000000003,0.0259,0.0248,0.0241,0.023399999999999997,0.042699999999999995,57.99999999999999,112.00000000000001
2025-08-25,0.0373,0.038,0.042800000000000005,0.0489,0.0131,0.0187,0.026000000000000002,0.024900000000000002,0.0241,0.0233,0.0429,55.00000000000005,109.0
2025-08-26,0.0361,0.0375,0.0426,0.049,0.0125,0.0184,0.026000000000000002,0.025,0.0242,0.023399999999999997,0.042800000000000005,64.99999999999999,115.00000000000003
2025-08-27,0.0359,0.0369,0.0424,0.049100000000000005,0.011899999999999999,0.0181,0.026099999999999998,0.025,0.024300000000000002,0.0236,0.0426,64.99999999999999,122.00000000000003
2025-08-28,0.0362,0.0369,0.042199999999999994,0.048799999999999996,0.012,0.0181,0.026000000000000002,0.024900000000000002,0.0241,0.0233,0.0426,59.999999999999915,118.99999999999994
2025-08-29,0.0359,0.0368,0.042300000000000004,0.0492,0.0121,0.0182,0.0262,0.024700000000000003,0.0241,0.0235,0.042300000000000004,64.00000000000003,124.00000000000001
2025-09-02,0.0366,0.0374,0.042800000000000005,0.049699999999999994,0.0126,0.0187,0.026699999999999998,0.0248,0.0241,0.023399999999999997,0.042,62.00000000000004,122.99999999999991
2025-09-03,0.0361,0.0369,0.042199999999999994,0.049,0.0123,0.0182,0.026099999999999998,0.0246,0.024,0.023399999999999997,0.0418,60.99999999999994,121.0
2025-09-04,0.0359,0.0365,0.0417,0.048600000000000004,0.0121,0.0179,0.0259,0.024399999999999998,0.023799999999999998,0.0232,0.0416,57.99999999999999,121.00000000000007
2025-09-05,0.0351,0.0359,0.040999999999999995,0.0478,0.011699999999999999,0.0173,0.0252,0.0242,0.023700000000000002,0.0232,0.0407,58.99999999999996,119.00000000000001
2025-09-08,0.0349,0.035699999999999996,0.0405,0.046900000000000004,0.0116,0.017,0.0246,0.0241,0.0235,0.0229,0.040999999999999995,56.00000000000001,112.00000000000009
2025-09-09,0.0354,0.0361,0.0408,0.0472,0.0118,0.0172,0.0248,0.024300000000000002,0.0236,0.0229,0.040999999999999995,54.00000000000002,110.99999999999999
2025-09-10,0.0354,0.0359,0.0404,0.046900000000000004,0.0118,0.0169,0.0246,0.0241,0.0235,0.0229,0.0409,49.99999999999997,110.00000000000003
2025-09-11,0.0352,0.0359,0.0401,0.04650000000000001,0.0118,0.0167,0.0241,0.0241,0.023399999999999997,0.0227,0.0408,48.99999999999994,106.00000000000006
2025-09-12,0.0356,0.0363,0.0406,0.046799999999999994,0.0121,0.017,0.024300000000000002,0.0242,0.0236,0.023,0.0408,49.99999999999997,104.99999999999996
2025-09-15,0.0354,0.0361,0.0405,0.0466,0.012,0.0168,0.0242,0.0241,0.023700000000000002,0.0233,0.0406,51.00000000000001,105.00000000000003
2025-09-16,0.0351,0.0359,0.0404,0.04650000000000001,0.011699999999999999,0.0167,0.024,0.0242,0.023700000000000002,0.0232,0.0404,52.99999999999999,106.00000000000006
2025-09-17,0.0352,0.0362,0.0406,0.0466,0.011899999999999999,0.0168,0.024,0.024300000000000002,0.023799999999999998,0.0233,0.04019999999999999,53.99999999999995,104.0
2025-09-18,0.035699999999999996,0.036699999999999997,0.041100000000000005,0.0472,0.0123,0.0173,0.0246,0.024399999999999998,0.023799999999999998,0.0232,0.0403,54.00000000000009,105.00000000000003
2025-09-19,0.035699999999999996,0.0368,0.0414,0.0475,0.0125,0.0175,0.024700000000000003,0.024300000000000002,0.0239,0.0235,0.0403,57.000000000000036,107.00000000000001
2025-09-22,0.0361,0.0371,0.0415,0.04769999999999999,0.0129,0.0178,0.025,0.0242,0.023700000000000002,0.0232,0.04,54.00000000000002,105.99999999999991
2025-09-23,0.0353,0.0368,0.0412,0.0473,0.0126,0.0175,0.024700000000000003,0.0242,0.023700000000000002,0.0232,0.04,59.00000000000002,105.00000000000003
2025-09-24,0.035699999999999996,0.037000000000000005,0.0416,0.047599999999999996,0.0128,0.0178,0.024900000000000002,0.0242,0.023799999999999998,0.023399999999999997,0.04019999999999999,59.00000000000002,105.99999999999991
2025-09-25,0.0364,0.0375,0.0418,0.0475,0.013300000000000001,0.018000000000000002,0.024900000000000002,0.0242,0.023799999999999998,0.023399999999999997,0.0404,53.99999999999995,100.00000000000001
2025-09-26,0.0363,0.037599999999999995,0.042,0.04769999999999999,0.0134,0.0182,0.025099999999999997,0.0242,0.023799999999999998,0.023399999999999997,0.04019999999999999,57.000000000000036,100.99999999999997
2025-09-29,0.0363,0.0374,0.0415,0.0471,0.013300000000000001,0.018000000000000002,0.024700000000000003,0.0241,0.0235,0.0229,0.0404,52.000000000000036,97.0
2025-09-30,0.036000000000000004,0.0374,0.0416,0.0473,0.0132,0.018000000000000002,0.024900000000000002,0.0242,0.0236,0.023,0.04019999999999999,55.999999999999936,98.99999999999999
2025-10-01,0.0355,0.0368,0.0412,0.0472,0.0129,0.0177,0.0248,0.0239,0.0235,0.0231,0.0401,57.000000000000036,104.0
2025-10-02,0.0355,0.036699999999999997,0.040999999999999995,0.046900000000000004,0.013000000000000001,0.0176,0.0246,0.023700000000000002,0.023399999999999997,0.0231,0.04019999999999999,54.99999999999998,102.00000000000007
2025-10-03,0.0358,0.037200000000000004,0.041299999999999996,0.0471,0.0134,0.018000000000000002,0.0248,0.023799999999999998,0.0233,0.022799999999999997,0.0403,54.99999999999998,98.99999999999999
2025-10-06,0.036000000000000004,0.0375,0.0418,0.047599999999999996,0.0137,0.0184,0.0252,0.023799999999999998,0.023399999999999997,0.023,0.04019999999999999,57.99999999999993,100.99999999999997
2025-10-07,0.035699999999999996,0.0371,0.0414,0.0473,0.0132,0.0179,0.024700000000000003,0.0239,0.0235,0.0231,0.0401,57.000000000000036,102.00000000000001
2025-10-08,0.0358,0.037200000000000004,0.041299999999999996,0.0472,0.013300000000000001,0.0178,0.0246,0.0239,0.0235,0.0231,0.0401,54.99999999999998,99.99999999999994
2025-10-09,0.036000000000000004,0.0374,0.0414,0.0472,0.013500000000000002,0.018000000000000002,0.024700000000000003,0.0239,0.023399999999999997,0.0229,0.0403,53.99999999999995,97.99999999999996
2025-10-10,0.0352,0.0365,0.0405,0.0463,0.013000000000000001,0.0175,0.0241,0.0235,0.023,0.0225,0.04019999999999999,52.99999999999999,98.00000000000003
2025-10-14,0.0348,0.036000000000000004,0.0403,0.0462,0.0127,0.0173,0.024,0.0233,0.023,0.0227,0.04019999999999999,55.00000000000005,101.99999999999994
2025-10-15,0.035,0.0363,0.0405,0.0464,0.013000000000000001,0.0176,0.0242,0.0233,0.0229,0.0225,0.0403,54.99999999999998,100.99999999999997
2025-10-16,0.0341,0.0355,0.039900000000000005,0.0458,0.0126,0.0171,0.023700000000000002,0.0229,0.022799999999999997,0.0227,0.04019999999999999,58.000000000000064,103.00000000000004
2025-10-17,0.0346,0.0359,0.04019999999999999,0.046,0.013000000000000001,0.0175,0.024,0.0229,0.0227,0.0225,0.04,55.999999999999936,100.99999999999997
2025-10-20,0.0346,0.0358,0.04,0.0458,0.013000000000000001,0.0174,0.0239,0.022799999999999997,0.0226,0.022400000000000003,0.0397,54.00000000000002,100.00000000000001
2025-10-21,0.0345,0.0356,0.0398,0.0455,0.0126,0.017,0.0235,0.023,0.022799999999999997,0.0226,0.039599999999999996,52.99999999999999,98.99999999999999
2025-10-22,0.0345,0.0356,0.0397,0.0454,0.0124,0.0168,0.023399999999999997,0.0232,0.0229,0.0226,0.039599999999999996,51.999999999999964,98.00000000000003
2025-10-23,0.0348,0.0361,0.0401,0.0458,0.011899999999999999,0.0171,0.0236,0.0242,0.023,0.0218,0.0395,52.99999999999999,97.0
2025-10-24,0.0348,0.0361,0.04019999999999999,0.045899999999999996,0.0121,0.0173,0.023700000000000002,0.024,0.0229,0.0218,0.0393,53.99999999999995,97.99999999999996
2025-10-27,0.0348,0.0361,0.0401,0.045700000000000005,0.0124,0.0173,0.0236,0.023700000000000002,0.022799999999999997,0.0219,0.038900000000000004,52.99999999999999,96.00000000000004
2025-10-28,0.0347,0.036000000000000004,0.039900000000000005,0.0455,0.0124,0.0171,0.0233,0.0236,0.022799999999999997,0.022000000000000002,0.038900000000000004,52.000000000000036,94.99999999999994
2025-10-29,0.0359,0.037000000000000005,0.0408,0.0461,0.013300000000000001,0.0178,0.023799999999999998,0.023700000000000002,0.023,0.0223,0.0393,49.000000000000014,90.99999999999997
2025-10-30,0.0361,0.037200000000000004,0.041100000000000005,0.04650000000000001,0.0134,0.0182,0.024300000000000002,0.023799999999999998,0.0229,0.022000000000000002,0.0392,50.00000000000004,93.00000000000003
2025-10-31,0.036000000000000004,0.0371,0.041100000000000005,0.0467,0.0131,0.0181,0.024399999999999998,0.024,0.023,0.022000000000000002,0.038900000000000004,51.00000000000001,95.99999999999997
2025-11-03,0.036000000000000004,0.037200000000000004,0.041299999999999996,0.046900000000000004,0.0131,0.0182,0.024700000000000003,0.0241,0.0231,0.022099999999999998,0.0398,52.99999999999992,97.0
2025-11-04,0.0358,0.0369,0.040999999999999995,0.0467,0.0131,0.0181,0.0245,0.023799999999999998,0.0229,0.022000000000000002,0.039599999999999996,51.999999999999964,97.99999999999996
2025-11-05,0.0363,0.037599999999999995,0.0417,0.047400000000000005,0.0137,0.0187,0.025,0.0239,0.023,0.022099999999999998,0.039599999999999996,54.00000000000002,98.0000000000001
2025-11-06,0.035699999999999996,0.0369,0.041100000000000005,0.046900000000000004,0.0132,0.0183,0.024700000000000003,0.023700000000000002,0.022799999999999997,0.0219,0.0393,54.00000000000009,100.00000000000001
2025-11-07,0.0355,0.036699999999999997,0.041100000000000005,0.047,0.0131,0.0183,0.0248,0.0236,0.022799999999999997,0.022000000000000002,0.0392,56.00000000000008,103.00000000000004
2025-11-10,0.0358,0.037200000000000004,0.041299999999999996,0.0471,0.0134,0.0184,0.0248,0.023799999999999998,0.0229,0.022000000000000002,0.0395,54.99999999999998,98.99999999999999
2025-11-12,0.0356,0.0368,0.0408,0.0467,0.0131,0.0181,0.024399999999999998,0.023700000000000002,0.0227,0.0217,0.0395,52.000000000000036,98.99999999999999
2025-11-13,0.0358,0.0371,0.041100000000000005,0.047,0.0134,0.0183,0.0248,0.023700000000000002,0.022799999999999997,0.0219,0.039599999999999996,53.000000000000064,98.99999999999999
2025-11-14,0.0362,0.0374,0.0414,0.047400000000000005,0.013600000000000001,0.018600000000000002,0.025099999999999997,0.023799999999999998,0.022799999999999997,0.0218,0.0395,51.999999999999964,100.00000000000001
2025-11-17,0.036000000000000004,0.037200000000000004,0.041299999999999996,0.0473,0.013500000000000002,0.018500000000000003,0.025,0.023700000000000002,0.022799999999999997,0.0219,0.0397,52.99999999999992,100.99999999999997
2025-11-18,0.0358,0.037000000000000005,0.0412,0.047400000000000005,0.0134,0.018500000000000003,0.025099999999999997,0.0236,0.0227,0.0218,0.0394,54.00000000000002,104.0
2025-11-19,0.0358,0.0371,0.041299999999999996,0.0475,0.013500000000000002,0.018600000000000002,0.0253,0.0236,0.0227,0.0218,0.0395,54.99999999999998,104.0
2025-11-20,0.0355,0.0368,0.040999999999999995,0.0473,0.0134,0.018600000000000002,0.0253,0.023399999999999997,0.022400000000000003,0.021400000000000002,0.0394,54.99999999999998,105.00000000000003
2025-11-21,0.0351,0.0362,0.0406,0.0471,0.013000000000000001,0.0182,0.025099999999999997,0.0232,0.022400000000000003,0.0216,0.039,54.99999999999998,109.0
2025-11-24,0.0346,0.0361,0.0404,0.046799999999999994,0.0131,0.0181,0.025,0.023,0.0223,0.0216,0.0391,57.99999999999999,106.99999999999994
2025-11-25,0.034300000000000004,0.0355,0.0401,0.0467,0.0128,0.0179,0.024900000000000002,0.0227,0.0222,0.0217,0.039,57.99999999999993,112.00000000000001
2025-11-26,0.0345,0.0356,0.04,0.0464,0.0127,0.0177,0.0245,0.0229,0.0223,0.0217,0.0392,54.99999999999998,107.99999999999997
2025-11-28,0.0347,0.0359,0.04019999999999999,0.0467,0.013000000000000001,0.0179,0.0248,0.0229,0.0223,0.0217,0.0388,54.99999999999991,107.99999999999997
2025-12-01,0.0354,0.036699999999999997,0.0409,0.047400000000000005,0.013600000000000001,0.018500000000000003,0.0253,0.0231,0.022400000000000003,0.0217,0.0381,54.99999999999998,107.00000000000009
2025-12-02,0.0351,0.0366,0.0409,0.047400000000000005,0.013600000000000001,0.018500000000000003,0.0253,0.023,0.022400000000000003,0.0218,0.0377,57.99999999999999,108.00000000000004
2025-12-03,0.0349,0.0362,0.0406,0.0473,0.013300000000000001,0.0182,0.0252,0.0229,0.022400000000000003,0.0219,0.037200000000000004,56.999999999999964,110.99999999999999
2025-12-04,0.0352,0.0368,0.041100000000000005,0.047599999999999996,0.013500000000000002,0.018500000000000003,0.0254,0.0233,0.0226,0.0219,0.0371,59.00000000000002,107.99999999999997
2025-12-05,0.0356,0.037200000000000004,0.0414,0.0479,0.0138,0.018799999999999997,0.025699999999999997,0.023399999999999997,0.0226,0.0218,0.0371,57.99999999999999,106.99999999999994
2025-12-08,0.035699999999999996,0.0375,0.0417,0.0481,0.0143,0.0191,0.0258,0.0232,0.0226,0.022000000000000002,0.0373,60.00000000000006,105.99999999999999
2025-12-09,0.0361,0.0378,0.0418,0.048,0.0146,0.0192,0.0258,0.0232,0.0226,0.022000000000000002,0.0373,56.999999999999964,102.00000000000001
2025-12-10,0.0354,0.037200000000000004,0.041299999999999996,0.0478,0.013999999999999999,0.018799999999999997,0.0255,0.0232,0.0225,0.0218,0.0369,58.99999999999996,105.99999999999999
2025-12-11,0.0352,0.037200000000000004,0.0414,0.0479,0.013999999999999999,0.0189,0.025699999999999997,0.0232,0.0225,0.0218,0.0366,61.99999999999997,106.99999999999994
2025-12-12,0.0352,0.0375,0.04190000000000001,0.048499999999999995,0.0143,0.019299999999999998,0.026099999999999998,0.0232,0.0226,0.022000000000000002,0.0363,67.00000000000004,109.99999999999996
2025-12-15,0.0351,0.0373,0.0418,0.0484,0.0144,0.019299999999999998,0.026099999999999998,0.0229,0.0225,0.022099999999999998,0.0365,66.99999999999997,110.99999999999999
2025-12-16,0.0348,0.0369,0.0415,0.0482,0.0144,0.0192,0.026000000000000002,0.0225,0.0223,0.022099999999999998,0.0364,67.00000000000004,112.99999999999997
2025-12-17,0.0349,0.037000000000000005,0.0416,0.0483,0.0144,0.0192,0.026099999999999998,0.0226,0.022400000000000003,0.0222,0.0364,66.99999999999997,112.99999999999997
2025-12-18,0.0346,0.0366,0.0412,0.048,0.013999999999999999,0.018799999999999997,0.0258,0.0226,0.022400000000000003,0.0222,0.0362,66.00000000000001,114.0
2025-12-19,0.0348,0.037000000000000005,0.0416,0.0482,0.0143,0.0192,0.026099999999999998,0.0227,0.022400000000000003,0.022099999999999998,0.0362,68.0,111.99999999999994
2025-12-22,0.0344,0.0371,0.0417,0.0484,0.0146,0.0194,0.0263,0.0225,0.0223,0.022099999999999998,0.0364,73.00000000000001,112.99999999999997
2025-12-23,0.0348,0.037200000000000004,0.0418,0.0483,0.0148,0.0194,0.026099999999999998,0.022400000000000003,0.022400000000000003,0.022400000000000003,0.0365,69.99999999999999,110.99999999999999
2025-12-24,0.0347,0.037000000000000005,0.0415,0.0479,0.0146,0.0191,0.0258,0.022400000000000003,0.022400000000000003,0.022400000000000003,0.0369,68.0,108.99999999999993
2025-12-26,0.0346,0.0368,0.0414,0.0481,0.0146,0.0191,0.026000000000000002,0.0222,0.0223,0.022400000000000003,0.0364,68.0,112.99999999999997
2025-12-29,0.0345,0.036699999999999997,0.0412,0.048,0.0144,0.019,0.026000000000000002,0.0223,0.0222,0.022099999999999998,0.0368,66.99999999999997,113.00000000000004
2025-12-30,0.0345,0.0368,0.0414,0.0481,0.0143,0.019,0.026000000000000002,0.0225,0.022400000000000003,0.0223,0.0365,68.99999999999996,112.99999999999997
2025-12-31,0.0347,0.0373,0.0418,0.0484,0.0147,0.019299999999999998,0.0262,0.0226,0.0225,0.022400000000000003,0.036699999999999997,70.99999999999996,110.99999999999999
2026-01-02,0.0347,0.0374,0.04190000000000001,0.048600000000000004,0.0146,0.0194,0.0263,0.022799999999999997,0.0225,0.0222,0.0365,72.00000000000006,112.00000000000001
2026-01-05,0.0346,0.0371,0.0417,0.048499999999999995,0.014199999999999999,0.0191,0.026099999999999998,0.0229,0.0226,0.0223,0.0364,71.00000000000003,113.99999999999993
2026-01-06,0.0347,0.037200000000000004,0.0418,0.048600000000000004,0.014199999999999999,0.0191,0.0262,0.023,0.0227,0.022400000000000003,0.0363,70.99999999999996,114.0
2026-01-07,0.0347,0.037000000000000005,0.0415,0.0482,0.013999999999999999,0.018799999999999997,0.0259,0.023,0.0227,0.022400000000000003,0.0362,68.0,111.99999999999994
2026-01-08,0.0349,0.0374,0.04190000000000001,0.048499999999999995,0.0143,0.0192,0.0262,0.0231,0.0227,0.0223,0.0362,70.00000000000006,110.99999999999991
2026-01-09,0.0354,0.0375,0.0418,0.0482,0.0143,0.019,0.0258,0.0232,0.022799999999999997,0.022400000000000003,0.0362,63.99999999999996,107.00000000000001
2026-01-12,0.0354,0.0377,0.04190000000000001,0.0483,0.0141,0.019,0.0259,0.0236,0.0229,0.0222,0.036699999999999997,65.00000000000006,106.00000000000006
2026-01-13,0.0353,0.0375,0.0418,0.0483,0.0138,0.018799999999999997,0.0258,0.023700000000000002,0.023,0.0223,0.036699999999999997,64.99999999999999,108.00000000000004
2026-01-14,0.0351,0.037200000000000004,0.0415,0.0479,0.013600000000000001,0.018600000000000002,0.0256,0.0236,0.0229,0.0222,0.036699999999999997,64.00000000000003,106.99999999999994
2026-01-15,0.0356,0.0377,0.0417,0.0479,0.0141,0.018799999999999997,0.0255,0.0236,0.0229,0.0222,0.0368,61.000000000000014,102.00000000000001
2026-01-16,0.0359,0.0382,0.0424,0.0483,0.0143,0.0191,0.0258,0.0239,0.0233,0.0227,0.036699999999999997,64.99999999999999,101.00000000000004
2026-01-20,0.036000000000000004,0.038599999999999995,0.043,0.049100000000000005,0.0146,0.0197,0.0265,0.024,0.0233,0.0226,0.037000000000000005,69.99999999999993,105.0000000000001
2026-01-21,0.036000000000000004,0.0383,0.0426,0.0487,0.0141,0.0192,0.026000000000000002,0.0242,0.023399999999999997,0.0226,0.037000000000000005,65.99999999999994,104.0
2026-01-22,0.0361,0.0385,0.0426,0.0484,0.0143,0.0195,0.0258,0.0242,0.0231,0.022000000000000002,0.0371,64.99999999999999,98.99999999999999
2026-01-23,0.036000000000000004,0.0384,0.0424,0.0482,0.0138,0.0192,0.0256,0.0246,0.0232,0.0218,0.037000000000000005,63.99999999999996,98.00000000000003
2026-01-26,0.0356,0.0382,0.042199999999999994,0.048,0.0137,0.019,0.0254,0.0245,0.0232,0.0219,0.036699999999999997,65.99999999999994,98.00000000000003
2026-01-27,0.0353,0.0381,0.0424,0.0483,0.0134,0.019,0.0256,0.024700000000000003,0.023399999999999997,0.022099999999999998,0.036699999999999997,71.00000000000003,102.00000000000001
2026-01-28,0.0356,0.0383,0.0426,0.048499999999999995,0.013300000000000001,0.019,0.025699999999999997,0.025,0.0236,0.0222,0.0368,69.99999999999999,101.99999999999994
2026-01-29,0.0353,0.038,0.0424,0.048499999999999995,0.0128,0.0189,0.0258,0.0252,0.0235,0.0218,0.036699999999999997,71.00000000000003,104.99999999999996
2026-01-30,0.0352,0.0379,0.0426,0.0487,0.0126,0.019,0.026000000000000002,0.0253,0.0236,0.0219,0.036699999999999997,73.99999999999997,107.99999999999997
2026-02-02,0.035699999999999996,0.0383,0.0429,0.049,0.0131,0.0194,0.0263,0.0252,0.0235,0.0218,0.0369,72.00000000000006,107.00000000000001
2026-02-03,0.035699999999999996,0.0383,0.042800000000000005,0.049,0.013000000000000001,0.0192,0.0262,0.0253,0.0236,0.0219,0.0369,71.00000000000009,107.00000000000001
2026-02-04,0.035699999999999996,0.0383,0.0429,0.049100000000000005,0.0132,0.0194,0.0263,0.025099999999999997,0.0235,0.0219,0.0369,72.00000000000006,108.00000000000004
2026-02-05,0.0347,0.0374,0.0421,0.048499999999999995,0.0126,0.0189,0.0259,0.0248,0.0232,0.0216,0.036699999999999997,73.99999999999997,110.99999999999991
2026-02-06,0.035,0.037599999999999995,0.042199999999999994,0.048499999999999995,0.0126,0.018799999999999997,0.0258,0.025,0.023399999999999997,0.0218,0.0368,71.99999999999991,109.0
2026-02-09,0.0348,0.0375,0.042199999999999994,0.048499999999999995,0.0125,0.0187,0.025699999999999997,0.025,0.0235,0.022000000000000002,0.0369,73.99999999999997,109.99999999999996
2026-02-10,0.0345,0.037000000000000005,0.0416,0.0478,0.0123,0.0184,0.0253,0.024700000000000003,0.0232,0.0217,0.0369,70.99999999999996,107.99999999999997
2026-02-11,0.0352,0.0375,0.0418,0.0482,0.0126,0.018600000000000002,0.0255,0.024900000000000002,0.0232,0.0215,0.037000000000000005,65.99999999999994,107.00000000000001
2026-02-12,0.0347,0.036699999999999997,0.0409,0.0472,0.012199999999999999,0.018000000000000002,0.0248,0.0245,0.0229,0.0213,0.037000000000000005,61.99999999999997,105.00000000000003
2026-02-13,0.034,0.0361,0.0404,0.046900000000000004,0.011899999999999999,0.0177,0.0246,0.0242,0.0227,0.0212,0.0368,63.99999999999996,108.00000000000004
2026-02-17,0.034300000000000004,0.0363,0.0405,0.046799999999999994,0.0124,0.0179,0.024700000000000003,0.0239,0.0226,0.0213,0.0369,61.99999999999997,104.99999999999996
2026-02-18,0.0347,0.0366,0.0409,0.0471,0.0123,0.018000000000000002,0.0248,0.024300000000000002,0.0229,0.0215,0.037000000000000005,61.99999999999997,105.00000000000003
2026-02-19,0.0347,0.0365,0.0408,0.047,0.012199999999999999,0.0179,0.024700000000000003,0.024300000000000002,0.0229,0.0215,0.0369,61.000000000000014,105.00000000000003
2026-02-20,0.0348,0.0365,0.0408,0.0472,0.012199999999999999,0.018000000000000002,0.0248,0.024300000000000002,0.022799999999999997,0.0213,0.0369,60.00000000000006,107.00000000000001
2026-02-23,0.034300000000000004,0.0359,0.0403,0.047,0.011899999999999999,0.0177,0.024900000000000002,0.024,0.0226,0.0212,0.0369,59.999999999999986,110.99999999999999
2026-02-24,0.034300000000000004,0.0361,0.0404,0.047,0.0121,0.0178,0.0248,0.024,0.0226,0.0212,0.0369,60.99999999999994,109.0
2026-02-25,0.0345,0.0361,0.0405,0.047,0.011899999999999999,0.0177,0.024700000000000003,0.0242,0.022799999999999997,0.021400000000000002,0.0369,59.999999999999986,109.0
2026-02-26,0.0342,0.035699999999999996,0.04019999999999999,0.0467,0.011399999999999999,0.0174,0.024399999999999998,0.024300000000000002,0.022799999999999997,0.0213,0.0368,59.999999999999915,110.00000000000003
2026-02-27,0.0338,0.0351,0.0397,0.0464,0.0111,0.0172,0.024300000000000002,0.024,0.0225,0.021,0.036699999999999997,59.00000000000002,112.99999999999997
2026-03-02,0.0347,0.0362,0.0405,0.047,0.0116,0.0176,0.024700000000000003,0.0246,0.0229,0.0212,0.037200000000000004,57.99999999999999,107.99999999999997
2026-03-03,0.0351,0.0363,0.0406,0.047,0.011699999999999999,0.0177,0.0248,0.0246,0.0229,0.0212,0.0371,54.99999999999998,107.00000000000001
2026-03-04,0.0354,0.036699999999999997,0.0409,0.0472,0.0121,0.018000000000000002,0.025,0.0246,0.0229,0.0212,0.0371,54.99999999999998,105.00000000000003
2026-03-05,0.035699999999999996,0.037200000000000004,0.041299999999999996,0.047400000000000005,0.0121,0.0182,0.0252,0.025099999999999997,0.0231,0.021099999999999997,0.037000000000000005,56.00000000000001,102.00000000000001
2026-03-06,0.0356,0.037200000000000004,0.0415,0.04769999999999999,0.0116,0.018000000000000002,0.0254,0.0256,0.0235,0.021400000000000002,0.0369,59.00000000000002,104.99999999999989
2026-03-09,0.0356,0.0371,0.0412,0.0472,0.0115,0.0178,0.025099999999999997,0.0256,0.023399999999999997,0.0212,0.0371,56.00000000000001,100.99999999999997
2026-03-10,0.035699999999999996,0.0373,0.0415,0.0478,0.012,0.0182,0.0256,0.0253,0.0233,0.0213,0.0371,58.000000000000064,105.00000000000003
2026-03-11,0.0364,0.0379,0.0421,0.048600000000000004,0.0121,0.018500000000000003,0.026099999999999998,0.0258,0.0236,0.021400000000000002,0.0371,56.999999999999964,107.00000000000001
2026-03-12,0.037599999999999995,0.0388,0.042699999999999995,0.048799999999999996,0.0125,0.0189,0.0263,0.0263,0.023799999999999998,0.0213,0.037200000000000004,51.00000000000001,99.99999999999994
2026-03-13,0.0373,0.0387,0.042800000000000005,0.049,0.0126,0.0192,0.026600000000000002,0.026099999999999998,0.0236,0.021099999999999997,0.037200000000000004,55.00000000000005,103.00000000000004
2026-03-16,0.0368,0.038,0.042300000000000004,0.048600000000000004,0.012199999999999999,0.0187,0.0262,0.0258,0.0236,0.021400000000000002,0.037200000000000004,55.00000000000005,106.00000000000006
2026-03-17,0.0368,0.0379,0.042,0.048499999999999995,0.011699999999999999,0.0183,0.026000000000000002,0.0262,0.023700000000000002,0.0212,0.037200000000000004,52.000000000000036,105.99999999999991
2026-03-18,0.037599999999999995,0.0387,0.0426,0.048799999999999996,0.0121,0.018600000000000002,0.026099999999999998,0.026600000000000002,0.024,0.021400000000000002,0.0373,50.00000000000004,100.99999999999997
2026-03-19,0.0379,0.0388,0.0425,0.0483,0.0127,0.018799999999999997,0.026000000000000002,0.026099999999999998,0.023700000000000002,0.0213,0.0373,46.0,95.00000000000001
2026-03-20,0.0388,0.0401,0.043899999999999995,0.0496,0.0138,0.020099999999999996,0.027200000000000002,0.0263,0.023799999999999998,0.0213,0.0374,50.999999999999936,95.00000000000001
2026-03-23,0.0383,0.0395,0.0434,0.049100000000000005,0.014199999999999999,0.020099999999999996,0.0269,0.0253,0.0233,0.0213,0.0374,51.00000000000001,96.00000000000004
2026-03-24,0.039,0.0403,0.043899999999999995,0.049400000000000006,0.0148,0.0206,0.027200000000000002,0.0255,0.0233,0.021099999999999997,0.0374,48.99999999999994,91.00000000000004
2026-03-25,0.0384,0.039599999999999996,0.0433,0.0489,0.014499999999999999,0.0202,0.0269,0.025099999999999997,0.0231,0.021099999999999997,0.0373,49.000000000000014,93.00000000000003
2026-03-26,0.039599999999999996,0.0408,0.044199999999999996,0.0493,0.0152,0.0208,0.0271,0.0256,0.023399999999999997,0.0212,0.0373,46.0,84.99999999999994
2026-03-27,0.0388,0.0406,0.0444,0.049800000000000004,0.015,0.0213,0.0278,0.0256,0.0231,0.0206,0.0373,56.00000000000001,92.00000000000007
2026-03-30,0.0382,0.0397,0.0435,0.049100000000000005,0.013999999999999999,0.0204,0.027200000000000002,0.025699999999999997,0.0231,0.020499999999999997,0.0371,52.99999999999999,94.00000000000006
2026-03-31,0.0379,0.0392,0.043,0.048799999999999996,0.0138,0.02,0.0269,0.0254,0.023,0.0206,0.037000000000000005,50.999999999999936,95.99999999999997
2026-04-01,0.0381,0.0397,0.0433,0.049100000000000005,0.014199999999999999,0.0202,0.0271,0.0255,0.0231,0.0207,0.037000000000000005,51.999999999999964,94.00000000000006
2026-04-02,0.0379,0.0394,0.0431,0.048799999999999996,0.0137,0.0197,0.026600000000000002,0.025699999999999997,0.023399999999999997,0.021099999999999997,0.037000000000000005,51.999999999999964,93.99999999999999
2026-04-03,0.0384,0.039900000000000005,0.0435,0.049100000000000005,0.0138,0.0199,0.026699999999999998,0.026099999999999998,0.0236,0.021099999999999997,0.0371,51.00000000000001,92.0
2026-04-06,0.0384,0.0398,0.0434,0.0489,0.0138,0.019799999999999998,0.0265,0.026000000000000002,0.0236,0.0212,0.037200000000000004,50.00000000000004,90.99999999999997
2026-04-07,0.0381,0.0395,0.0433,0.049,0.0134,0.0196,0.026699999999999998,0.026099999999999998,0.023700000000000002,0.0213,0.0371,51.999999999999964,95.00000000000001
2026-04-08,0.0379,0.0392,0.0429,0.0489,0.013600000000000001,0.0196,0.026600000000000002,0.0256,0.0233,0.021,0.0369,49.99999999999997,97.0
2026-04-09,0.0378,0.0391,0.0429,0.049,0.013500000000000002,0.0195,0.026699999999999998,0.0256,0.023399999999999997,0.0212,0.0368,51.00000000000001,98.99999999999999
2026-04-10,0.0381,0.0394,0.0431,0.049100000000000005,0.013600000000000001,0.0195,0.026699999999999998,0.0258,0.0236,0.021400000000000002,0.0369,49.99999999999997,97.00000000000007
2026-04-13,0.0378,0.0392,0.043,0.049,0.0131,0.0192,0.0265,0.026099999999999998,0.023799999999999998,0.0215,0.0371,51.999999999999964,98.00000000000003
2026-04-14,0.037599999999999995,0.0387,0.0426,0.0487,0.0128,0.0189,0.0262,0.0259,0.023700000000000002,0.0215,0.0371,50.00000000000004,100.00000000000001
2026-04-15,0.037599999999999995,0.039,0.0429,0.0489,0.0129,0.019,0.0263,0.026099999999999998,0.0239,0.0217,0.0371,53.000000000000064,98.99999999999999
2026-04-16,0.0378,0.0391,0.0432,0.0493,0.0131,0.019299999999999998,0.0268,0.026000000000000002,0.0239,0.0218,0.037000000000000005,54.00000000000002,101.99999999999994
2026-04-17,0.0371,0.0384,0.0426,0.048799999999999996,0.0128,0.019,0.0265,0.0256,0.0236,0.0216,0.037000000000000005,54.99999999999998,104.0
2026-04-20,0.037200000000000004,0.038599999999999995,0.0426,0.048799999999999996,0.0129,0.0191,0.0265,0.025699999999999997,0.0235,0.0213,0.0371,53.99999999999995,102.00000000000001
2026-04-21,0.0378,0.0391,0.043,0.0489,0.0131,0.0192,0.0265,0.026000000000000002,0.023799999999999998,0.0216,0.0369,51.999999999999964,97.99999999999996
2026-04-22,0.0379,0.0391,0.043,0.049,0.013000000000000001,0.0192,0.0265,0.026099999999999998,0.023799999999999998,0.0215,0.0369,50.999999999999936,98.99999999999999
2026-04-23,0.0383,0.039599999999999996,0.0434,0.0492,0.0138,0.0192,0.0265,0.0258,0.0242,0.0226,0.0369,51.00000000000001,96.00000000000004
2026-04-24,0.0378,0.0392,0.0431,0.049100000000000005,0.0131,0.0189,0.0265,0.026099999999999998,0.0242,0.0223,0.0369,52.99999999999999,99.00000000000006
2026-04-27,0.0378,0.0394,0.0435,0.049400000000000006,0.0132,0.0191,0.0268,0.0262,0.024399999999999998,0.0226,0.0368,56.999999999999964,100.00000000000009
2026-04-28,0.0384,0.0397,0.0436,0.049400000000000006,0.0134,0.0192,0.0268,0.0263,0.024399999999999998,0.0225,0.0368,52.000000000000036,97.00000000000007
2026-04-29,0.0392,0.0405,0.044199999999999996,0.049800000000000004,0.0138,0.0196,0.0271,0.026699999999999998,0.0246,0.0225,0.0368,49.99999999999997,93.00000000000003
2026-04-30,0.0388,0.04019999999999999,0.044000000000000004,0.049800000000000004,0.013500000000000002,0.0194,0.0271,0.026699999999999998,0.0246,0.0225,0.0368,52.000000000000036,96.00000000000011
2026-05-01,0.0388,0.04019999999999999,0.043899999999999995,0.049699999999999994,0.013300000000000001,0.0191,0.026699999999999998,0.0269,0.0248,0.0227,0.0368,50.999999999999936,95.00000000000001
2026-05-04,0.0395,0.0408,0.044500000000000005,0.050199999999999995,0.013600000000000001,0.0195,0.0271,0.027200000000000002,0.025,0.022799999999999997,0.037000000000000005,50.00000000000004,93.99999999999991
2026-05-05,0.0393,0.0408,0.0443,0.049800000000000004,0.0141,0.0196,0.0269,0.026699999999999998,0.024700000000000003,0.0227,0.0369,49.99999999999997,90.00000000000001
2026-05-06,0.0387,0.039900000000000005,0.0436,0.049400000000000006,0.0141,0.0194,0.026699999999999998,0.0258,0.0242,0.0226,0.0369,49.000000000000014,95.00000000000001
2026-05-07,0.0392,0.0404,0.0441,0.049699999999999994,0.0143,0.0196,0.0268,0.026099999999999998,0.0245,0.0229,0.0369,49.000000000000014,92.99999999999996
2026-05-08,0.039,0.04019999999999999,0.0438,0.0495,0.013999999999999999,0.019299999999999998,0.026600000000000002,0.0262,0.0245,0.022799999999999997,0.0369,47.999999999999986,93.0000000000001
2026-05-11,0.0395,0.0407,0.044199999999999996,0.049800000000000004,0.013999999999999999,0.0195,0.0269,0.026699999999999998,0.024700000000000003,0.0227,0.037000000000000005,46.99999999999996,91.00000000000004
2026-05-12,0.04,0.0412,0.0446,0.050300000000000004,0.0143,0.0199,0.0274,0.0269,0.024700000000000003,0.0225,0.037000000000000005,46.0,91.00000000000004
2026-05-13,0.0398,0.0412,0.0446,0.050300000000000004,0.014199999999999999,0.0199,0.0274,0.027000000000000003,0.024700000000000003,0.022400000000000003,0.0369,47.999999999999986,91.00000000000004
2026-05-14,0.04,0.041299999999999996,0.0447,0.050199999999999995,0.0146,0.02,0.0273,0.026699999999999998,0.024700000000000003,0.0227,0.0369,46.99999999999996,88.99999999999999
2026-05-15,0.0409,0.0426,0.045899999999999996,0.0512,0.015600000000000001,0.021,0.0281,0.027000000000000003,0.024900000000000002,0.022799999999999997,0.0369,49.99999999999997,86.00000000000003
2026-05-18,0.0407,0.042699999999999995,0.0461,0.051399999999999994,0.0158,0.0213,0.0282,0.0269,0.0248,0.0227,0.0368,54.00000000000002,87.0
2026-05-19,0.041299999999999996,0.0432,0.0467,0.0518,0.0166,0.0218,0.028399999999999998,0.026600000000000002,0.024900000000000002,0.0232,0.036699999999999997,54.00000000000002,85.99999999999997
2026-05-20,0.0404,0.042199999999999994,0.045700000000000005,0.051100000000000007,0.0163,0.0213,0.0281,0.0259,0.024399999999999998,0.0229,0.0365,53.000000000000064,89.00000000000011
2026-05-21,0.0408,0.0425,0.045700000000000005,0.051,0.0168,0.0218,0.027999999999999997,0.025699999999999997,0.0239,0.022099999999999998,0.0368,49.000000000000014,84.99999999999994
2026-05-22,0.041299999999999996,0.042699999999999995,0.045599999999999995,0.0507,0.0173,0.0216,0.0277,0.0254,0.024,0.0226,0.0368,42.999999999999986,80.00000000000007
2026-05-26,0.0401,0.04190000000000001,0.045,0.050300000000000004,0.0166,0.021,0.0273,0.0253,0.024,0.0227,0.0368,49.000000000000014,83.99999999999997
2026-05-27,0.04,0.0417,0.044800000000000006,0.0501,0.016399999999999998,0.0209,0.027200000000000002,0.0253,0.0239,0.0225,0.0368,48.00000000000006,83.99999999999997
2026-05-28,0.039900000000000005,0.0415,0.044500000000000005,0.049800000000000004,0.0161,0.0206,0.027000000000000003,0.0254,0.0239,0.022400000000000003,0.0369,46.0,83.00000000000001
2026-05-29,0.0398,0.041299999999999996,0.044500000000000005,0.0499,0.0161,0.0207,0.0271,0.0252,0.023799999999999998,0.022400000000000003,0.0369,47.00000000000003,86.00000000000003
2026-06-01,0.0405,0.0418,0.0447,0.0499,0.016399999999999998,0.0207,0.0271,0.0254,0.024,0.0226,0.0378,41.99999999999996,81.00000000000003
2026-06-02,0.0405,0.0417,0.0446,0.049699999999999994,0.0165,0.0207,0.0269,0.0252,0.0239,0.0226,0.0377,40.99999999999999,79.99999999999993
2026-06-03,0.0408,0.0421,0.0449,0.0499,0.0168,0.021099999999999997,0.027200000000000002,0.0253,0.023799999999999998,0.0223,0.0378,40.99999999999999,78.00000000000001
2026-06-04,0.0405,0.0418,0.0447,0.049699999999999994,0.017,0.021099999999999997,0.0271,0.0248,0.0236,0.022400000000000003,0.0378,41.99999999999996,78.99999999999997
2026-06-05,0.0417,0.0429,0.0455,0.0501,0.0181,0.0219,0.0274,0.0248,0.0236,0.022400000000000003,0.0378,37.99999999999998,71.99999999999999
2026-06-08,0.0415,0.0429,0.045599999999999995,0.050300000000000004,0.0182,0.022099999999999998,0.0277,0.024700000000000003,0.0235,0.0223,0.038,40.99999999999993,74.00000000000004
2026-06-09,0.041299999999999996,0.0426,0.0453,0.0501,0.0182,0.022000000000000002,0.0275,0.024399999999999998,0.0233,0.0222,0.0379,40.000000000000036,75.0
2026-06-10,0.041299999999999996,0.042699999999999995,0.0455,0.050300000000000004,0.0183,0.022099999999999998,0.0278,0.024399999999999998,0.023399999999999997,0.022400000000000003,0.0379,42.00000000000002,76.0000000000001
2026-06-11,0.0405,0.0418,0.044500000000000005,0.0495,0.0178,0.0216,0.027200000000000002,0.024,0.0229,0.0218,0.0378,40.000000000000036,77.00000000000006
2026-06-12,0.0409,0.0421,0.044800000000000006,0.049699999999999994,0.0182,0.0217,0.0273,0.0239,0.0231,0.0223,0.0378,39.00000000000008,75.99999999999996
2026-06-15,0.0407,0.0418,0.0447,0.049699999999999994,0.0178,0.0215,0.027200000000000002,0.024,0.0232,0.022400000000000003,0.0379,39.999999999999964,78.99999999999997
2026-06-16,0.0405,0.0416,0.0443,0.0493,0.018000000000000002,0.021400000000000002,0.027000000000000003,0.0236,0.0229,0.0222,0.0379,37.99999999999998,76.99999999999999
2026-06-17,0.042,0.042699999999999995,0.0449,0.0493,0.0196,0.0223,0.0273,0.0231,0.0226,0.022099999999999998,0.0383,28.999999999999996,66.00000000000001
2026-06-18,0.04190000000000001,0.042300000000000004,0.0446,0.049,0.0196,0.022099999999999998,0.027000000000000003,0.0227,0.0225,0.0223,0.0383,26.99999999999994,66.99999999999997
2026-06-22,0.0424,0.0429,0.0451,0.0495,0.020099999999999996,0.022799999999999997,0.0275,0.022799999999999997,0.0223,0.0218,0.0385,27.00000000000001,66.00000000000001
2026-06-23,0.0416,0.042699999999999995,0.045,0.049400000000000006,0.0203,0.0229,0.0276,0.022400000000000003,0.022099999999999998,0.0218,0.0385,34.0,67.00000000000011
2026-06-24,0.041100000000000005,0.0417,0.0441,0.048600000000000004,0.019799999999999998,0.0223,0.0271,0.0219,0.0218,0.0217,0.0385,29.999999999999957,69.00000000000003
2026-06-25,0.0409,0.0415,0.044000000000000004,0.048600000000000004,0.0192,0.0219,0.0269,0.0223,0.022099999999999998,0.0219,0.0384,31.000000000000057,71.00000000000003
2026-06-26,0.0407,0.0412,0.0438,0.0487,0.0191,0.0218,0.0269,0.022099999999999998,0.022000000000000002,0.0219,0.0383,30.999999999999986,75.0
2026-06-29,0.040999999999999995,0.0414,0.0438,0.048600000000000004,0.019,0.0216,0.0268,0.022400000000000003,0.0222,0.022000000000000002,0.0387,28.00000000000004,72.00000000000006
2026-06-30,0.0414,0.04190000000000001,0.0444,0.049100000000000005,0.019299999999999998,0.022000000000000002,0.0273,0.0226,0.022400000000000003,0.0222,0.0387,30.00000000000003,71.99999999999999
2026-07-01,0.0417,0.0424,0.044800000000000006,0.049699999999999994,0.019799999999999998,0.0225,0.0278,0.0226,0.0223,0.022000000000000002,0.0385,31.000000000000057,72.99999999999994
2026-07-02,0.0414,0.042300000000000004,0.0449,0.049800000000000004,0.0199,0.0226,0.0279,0.022400000000000003,0.0223,0.0222,0.0382,35.00000000000003,75.0
2026-07-06,0.041299999999999996,0.0421,0.044800000000000006,0.0499,0.0194,0.022400000000000003,0.0279,0.0227,0.022400000000000003,0.022099999999999998,0.0387,35.0000000000001,78.00000000000001
2026-07-07,0.04190000000000001,0.042699999999999995,0.0455,0.050499999999999996,0.0199,0.023,0.028399999999999998,0.022799999999999997,0.0225,0.0222,0.038599999999999995,35.99999999999992,78.00000000000001
2026-07-08,0.0421,0.0431,0.045599999999999995,0.0506,0.02,0.0231,0.0286,0.0231,0.0225,0.0219,0.0387,34.999999999999964,75.0
2026-07-09,0.0416,0.042699999999999995,0.0454,0.050499999999999996,0.0199,0.0231,0.0286,0.022799999999999997,0.0223,0.0218,0.0383,38.00000000000005,78.00000000000001
2026-07-10,0.0421,0.043,0.045599999999999995,0.0506,0.0202,0.0232,0.0286,0.022799999999999997,0.022400000000000003,0.022000000000000002,0.0385,34.999999999999964,76.00000000000003
2026-07-13,0.0426,0.0437,0.0462,0.051,0.0206,0.0236,0.028900000000000002,0.0231,0.0226,0.022099999999999998,0.038900000000000004,35.99999999999999,72.99999999999994
2026-07-14,0.0418,0.0431,0.0458,0.0508,0.0203,0.0233,0.0287,0.022799999999999997,0.0225,0.0222,0.0384,40.000000000000036,76.99999999999999
2026-07-15,0.041299999999999996,0.0426,0.0455,0.0508,0.020099999999999996,0.0232,0.0288,0.0225,0.0223,0.022099999999999998,0.0383,42.00000000000002,81.99999999999999
2026-07-16,0.0416,0.042800000000000005,0.045700000000000005,0.0509,0.0204,0.0235,0.0291,0.022400000000000003,0.0222,0.022000000000000002,0.0384,41.000000000000064,80.99999999999996
2026-07-17,0.0418,0.042800000000000005,0.0455,0.0506,0.020099999999999996,0.0231,0.0287,0.0227,0.022400000000000003,0.022099999999999998,0.0385,37.00000000000002,77.99999999999994
2026-07-20,0.0421,0.0433,0.046,0.051100000000000007,0.020499999999999997,0.0235,0.0291,0.022799999999999997,0.0225,0.0222,0.038599999999999995,39.00000000000001,78.00000000000009
2026-07-21,0.0426,0.0437,0.0463,0.0513,0.0209,0.023700000000000002,0.0291,0.022799999999999997,0.0226,0.022400000000000003,0.0387,37.00000000000002,75.99999999999996
2026-07-22,0.0431,0.0441,0.0467,0.051500000000000004,0.021099999999999997,0.0239,0.029300000000000003,0.023,0.022799999999999997,0.0226,0.038900000000000004,35.99999999999999,74.00000000000004
2026-07-23,0.0437,0.0446,0.0471,0.051699999999999996,0.0217,0.024300000000000002,0.029500000000000002,0.0229,0.022799999999999997,0.0227,0.0395,34.0,70.99999999999996
2026-07-24,0.0433,0.0443,0.046900000000000004,0.0516,0.0219,0.024300000000000002,0.029500000000000002,0.022400000000000003,0.0226,0.022799999999999997,0.039599999999999996,36.00000000000006,73.00000000000001
2026-07-27,0.0431,0.044000000000000004,0.04650000000000001,0.0512,0.0222,0.024399999999999998,0.029500000000000002,0.0218,0.022099999999999998,0.022400000000000003,0.039599999999999996,34.00000000000007,71.99999999999999
2026-07-28,0.0426,0.0435,0.0461,0.0509,0.0219,0.0241,0.0292,0.0216,0.022000000000000002,0.022400000000000003,0.039,35.00000000000003,74.00000000000004
2026-07-29,0.042199999999999994,0.0437,0.0467,0.052000000000000005,0.0213,0.0241,0.0298,0.022400000000000003,0.0226,0.022799999999999997,0.0383,45.00000000000004,83.00000000000001
2026-07-30,0.042300000000000004,0.0438,0.046799999999999994,0.0521,0.021400000000000002,0.0241,0.0298,0.022400000000000003,0.0227,0.023,0.0382,44.9999999999999,83.00000000000001
2026-07-31,0.042800000000000005,0.044500000000000005,0.0475,0.0527,0.0219,0.024700000000000003,0.030299999999999997,0.0226,0.022799999999999997,0.023,0.0383,46.99999999999996,81.99999999999991
2026-08-03,0.0425,0.044000000000000004,0.047,0.052300000000000006,0.0217,0.024300000000000002,0.029900000000000003,0.0223,0.0227,0.0231,0.0391,44.99999999999997,83.00000000000001
2026-08-04,0.042,0.0433,0.0463,0.0518,0.021400000000000002,0.024,0.0296,0.0219,0.0223,0.0227,0.038900000000000004,42.999999999999986,85.0
2026-08-05,0.0418,0.0433,0.0463,0.051699999999999996,0.0215,0.0241,0.0296,0.0218,0.0222,0.0226,0.038900000000000004,45.00000000000004,83.99999999999997
2026-08-06,0.0425,0.044000000000000004,0.046900000000000004,0.052199999999999996,0.0217,0.024300000000000002,0.0298,0.0223,0.0226,0.0229,0.039,44.000000000000014,81.99999999999991
2026-08-07,0.04190000000000001,0.0435,0.04650000000000001,0.0519,0.0213,0.024,0.0296,0.0222,0.0225,0.022799999999999997,0.0387,46.0,84.00000000000004
2026-08-10,0.0425,0.0441,0.0472,0.0525,0.0216,0.024300000000000002,0.03,0.0225,0.0229,0.0233,0.038900000000000004,46.99999999999996,83.99999999999997
2026-08-11,0.042199999999999994,0.043899999999999995,0.047,0.0524,0.0216,0.024300000000000002,0.03,0.0223,0.0227,0.0231,0.038900000000000004,48.00000000000006,85.00000000000007
2026-08-12,0.042,0.0438,0.046799999999999994,0.0524,0.021400000000000002,0.0242,0.029900000000000003,0.022400000000000003,0.0226,0.022799999999999997,0.0387,47.999999999999915,86.00000000000003
2026-08-13,0.0415,0.0432,0.0463,0.0521,0.021099999999999997,0.0239,0.0297,0.022099999999999998,0.022400000000000003,0.0227,0.0387,47.999999999999986,88.99999999999999
2026-08-14,0.0417,0.0436,0.046799999999999994,0.0525,0.0212,0.0241,0.03,0.022400000000000003,0.0227,0.023,0.038599999999999995,50.999999999999936,88.99999999999999
2026-08-17,0.04190000000000001,0.0438,0.0472,0.053099999999999994,0.0213,0.024399999999999998,0.030600000000000002,0.0225,0.022799999999999997,0.0231,0.0387,52.99999999999992,92.99999999999996
2026-08-18,0.04190000000000001,0.0437,0.0471,0.0528,0.021,0.0241,0.030299999999999997,0.0227,0.023,0.0233,0.038599999999999995,51.999999999999964,90.99999999999997
2026-08-19,0.04190000000000001,0.0435,0.04650000000000001,0.0519,0.0207,0.0235,0.0294,0.022799999999999997,0.023,0.0232,0.038599999999999995,46.0,84.00000000000004
2026-08-20,0.04190000000000001,0.043899999999999995,0.046900000000000004,0.052300000000000006,0.020499999999999997,0.0235,0.029500000000000002,0.023399999999999997,0.023399999999999997,0.023399999999999997,0.0387,49.99999999999997,84.00000000000011
2026-08-21,0.0424,0.0443,0.047400000000000005,0.0527,0.0209,0.024,0.03,0.023399999999999997,0.023399999999999997,0.023399999999999997,0.0388,50.00000000000004,83.99999999999997
2026-08-24,0.0424,0.0441,0.047,0.052300000000000006,0.0209,0.023799999999999998,0.0297,0.0232,0.0232,0.0232,0.0387,46.0,82.00000000000006
2026-08-25,0.0417,0.0435,0.0464,0.051699999999999996,0.0204,0.0232,0.0292,0.0231,0.0232,0.0233,0.038599999999999995,46.99999999999996,81.99999999999999
2026-08-26,0.04190000000000001,0.0437,0.0466,0.0518,0.0206,0.023399999999999997,0.0292,0.0231,0.0232,0.0233,0.0385,46.99999999999996,80.99999999999996
2026-08-27,0.042,0.0438,0.0467,0.0519,0.0207,0.023399999999999997,0.0292,0.0231,0.0233,0.0235,0.0384,46.99999999999996,81.00000000000003
2026-08-28,0.0434,0.044800000000000006,0.0473,0.052199999999999996,0.0218,0.0242,0.0296,0.023,0.0231,0.0232,0.039,39.00000000000001,73.9999999999999
2026-08-31,0.0434,0.0449,0.0475,0.0525,0.0218,0.024399999999999998,0.029900000000000003,0.0231,0.0231,0.0231,0.0391,40.99999999999999,75.99999999999996
2026-09-01,0.043899999999999995,0.0455,0.0479,0.0527,0.0218,0.024399999999999998,0.0298,0.023700000000000002,0.0235,0.0233,0.0392,40.000000000000036,71.99999999999999
2026-09-02,0.043899999999999995,0.0454,0.0479,0.0527,0.0219,0.0245,0.0298,0.0235,0.023399999999999997,0.0233,0.0392,40.000000000000036,72.99999999999994
2026-09-03,0.0434,0.0452,0.04769999999999999,0.0525,0.0215,0.0242,0.0296,0.023700000000000002,0.0235,0.0233,0.038900000000000004,42.999999999999915,73.00000000000001
2026-09-04,0.0437,0.0454,0.0478,0.0524,0.0217,0.024300000000000002,0.0296,0.023700000000000002,0.0235,0.0233,0.0391,40.99999999999999,69.99999999999999
2026-09-08,0.043899999999999995,0.045700000000000005,0.048,0.0525,0.0217,0.024300000000000002,0.0296,0.024,0.023700000000000002,0.023399999999999997,0.0394,41.000000000000064,67.99999999999993
2026-09-09,0.0443,0.0461,0.0483,0.0528,0.022000000000000002,0.0246,0.0298,0.0241,0.023700000000000002,0.0233,0.0395,40.000000000000036,66.99999999999997
2026-09-10,0.045599999999999995,0.0475,0.0495,0.0537,0.0229,0.0255,0.0305,0.0246,0.024,0.023399999999999997,0.04,39.00000000000008,61.99999999999997
