date,y_2y,y_5y,y_10y,y_30y,slope_2s10s_bps,slope_5s30s_bps
2015-01-02,0.0066,0.0161,0.0212,0.0269,146.0,108.0
2015-01-05,0.0068,0.0157,0.0204,0.026,136.0,103.0
2015-01-06,0.0065,0.015,0.0197,0.0252,132.0,102.0
2015-01-07,0.0062,0.0147,0.0196,0.0252,134.0,105.0
2015-01-08,0.0062,0.015,0.0203,0.0259,141.0,109.0
2015-01-09,0.0059,0.0145,0.0198,0.0255,139.0,110.0
2015-01-12,0.0056,0.0139,0.0192,0.0249,136.0,110.0
2015-01-13,0.0054,0.0137,0.0191,0.0249,137.0,112.0
2015-01-14,0.0051,0.0133,0.0186,0.0247,135.0,114.0
2015-01-15,0.0044,0.0122,0.0177,0.024,133.0,118.0
2015-01-16,0.0049,0.0129,0.0183,0.0244,134.0,115.0
2015-01-20,0.0053,0.0131,0.0182,0.0239,129.0,108.0
2015-01-21,0.0053,0.0135,0.0187,0.0244,134.0,109.0
2015-01-22,0.0053,0.0139,0.019,0.0246,137.0,107.0
2015-01-23,0.0052,0.0133,0.0181,0.0238,129.0,105.0
2015-01-26,0.0054,0.0136,0.0183,0.024,129.0,104.0
2015-01-27,0.0054,0.0134,0.0183,0.024,129.0,106.0
2015-01-28,0.005,0.0125,0.0173,0.0229,123.0,104.0
2015-01-29,0.0051,0.0128,0.0177,0.0233,126.0,105.0
2015-01-30,0.0047,0.0118,0.0168,0.0225,121.0,107.0
2015-02-02,0.0049,0.0119,0.0168,0.0225,119.0,106.0
2015-02-03,0.0052,0.0128,0.0179,0.0237,127.0,109.0
2015-02-04,0.0052,0.0129,0.0181,0.0239,129.0,110.0
2015-02-05,0.0052,0.013,0.0183,0.0242,131.0,112.0
2015-02-06,0.0065,0.0148,0.0195,0.0251,130.0,103.0
2015-02-09,0.0065,0.0149,0.0196,0.0252,131.0,103.0
2015-02-10,0.0067,0.0152,0.0201,0.0258,134.0,106.0
2015-02-11,0.0067,0.0153,0.02,0.0257,133.0,104.0
2015-02-12,0.0061,0.015,0.0199,0.0258,138.0,108.0
2015-02-13,0.0066,0.0153,0.0202,0.0263,136.0,110.0
2015-02-17,0.007,0.0162,0.0214,0.0273,144.0,111.0
2015-02-18,0.0062,0.0152,0.0207,0.027,145.0,118.0
2015-02-19,0.0067,0.0158,0.0211,0.0273,144.0,115.0
2015-02-20,0.0067,0.0161,0.0213,0.0273,146.0,112.0
2015-02-23,0.0064,0.0156,0.0206,0.0266,142.0,110.0
2015-02-24,0.006,0.0147,0.0199,0.026,139.0,113.0
2015-02-25,0.0061,0.0147,0.0196,0.0256,135.0,109.0
2015-02-26,0.0066,0.0154,0.0203,0.0263,137.0,109.0
2015-02-27,0.0063,0.015,0.02,0.026,137.0,110.0
2015-03-02,0.0066,0.0157,0.0208,0.0268,142.0,111.0
2015-03-03,0.0068,0.0161,0.0212,0.0271,144.0,110.0
2015-03-04,0.0066,0.016,0.0212,0.0272,146.0,112.0
2015-03-05,0.0065,0.0157,0.0211,0.0271,146.0,114.0
2015-03-06,0.0073,0.017,0.0224,0.0283,151.0,113.0
2015-03-09,0.007,0.0166,0.022,0.028,150.0,114.0
2015-03-10,0.007,0.0162,0.0214,0.0273,144.0,111.0
2015-03-11,0.007,0.016,0.0211,0.0269,141.0,109.0
2015-03-12,0.0067,0.0159,0.021,0.0269,143.0,110.0
2015-03-13,0.0068,0.016,0.0213,0.027,145.0,110.0
2015-03-16,0.0066,0.0157,0.021,0.0267,144.0,110.0
2015-03-17,0.007,0.0156,0.0206,0.0261,136.0,105.0
2015-03-18,0.0057,0.0141,0.0193,0.0251,136.0,110.0
2015-03-19,0.0063,0.0148,0.0198,0.0254,135.0,106.0
2015-03-20,0.006,0.0142,0.0193,0.025,133.0,108.0
2015-03-23,0.006,0.0141,0.0192,0.0251,132.0,110.0
2015-03-24,0.0058,0.0137,0.0188,0.0246,130.0,109.0
2015-03-25,0.0059,0.0141,0.0193,0.025,134.0,109.0
2015-03-26,0.0061,0.0147,0.0201,0.026,140.0,113.0
2015-03-27,0.0058,0.0142,0.0195,0.0253,137.0,111.0
2015-03-30,0.0058,0.0141,0.0196,0.0255,138.0,114.0
2015-03-31,0.0056,0.0137,0.0194,0.0254,138.0,117.0
2015-04-01,0.0055,0.0132,0.0187,0.0247,132.0,115.0
2015-04-02,0.0055,0.0135,0.0192,0.0253,137.0,118.0
2015-04-03,0.0049,0.0126,0.0185,0.0249,136.0,123.0
2015-04-06,0.0051,0.0131,0.0192,0.0257,141.0,126.0
2015-04-07,0.0052,0.0132,0.0189,0.0252,137.0,120.0
2015-04-08,0.0054,0.0135,0.0192,0.0253,138.0,118.0
2015-04-09,0.0056,0.014,0.0197,0.0261,141.0,121.0
2015-04-10,0.0057,0.0141,0.0196,0.0258,139.0,117.0
2015-04-13,0.0054,0.0138,0.0194,0.0258,140.0,120.0
2015-04-14,0.0053,0.0134,0.019,0.0254,137.0,120.0
2015-04-15,0.0051,0.0133,0.0191,0.0255,140.0,122.0
2015-04-16,0.005,0.0131,0.019,0.0256,140.0,125.0
2015-04-17,0.0051,0.0131,0.0187,0.0251,136.0,120.0
2015-04-20,0.0055,0.0133,0.019,0.0256,135.0,123.0
2015-04-21,0.0055,0.0135,0.0192,0.0258,137.0,123.0
2015-04-22,0.0057,0.0141,0.0199,0.0266,142.0,125.0
2015-04-23,0.0055,0.0137,0.0196,0.0263,141.0,126.0
2015-04-24,0.0054,0.0134,0.0193,0.0262,139.0,128.0
2015-04-27,0.0054,0.0136,0.0194,0.0261,140.0,125.0
2015-04-28,0.0056,0.0139,0.02,0.0268,144.0,129.0
2015-04-29,0.0056,0.0143,0.0206,0.0276,150.0,133.0
2015-04-30,0.0058,0.0143,0.0205,0.0275,147.0,132.0
2015-05-01,0.006,0.015,0.0212,0.0282,152.0,132.0
2015-05-04,0.006,0.0151,0.0216,0.0288,156.0,137.0
2015-05-05,0.0062,0.0154,0.0219,0.029,157.0,136.0
2015-05-06,0.0065,0.0158,0.0225,0.0298,160.0,140.0
2015-05-07,0.0063,0.0155,0.0218,0.029,155.0,135.0
2015-05-08,0.0059,0.015,0.0216,0.029,157.0,140.0
2015-05-11,0.0062,0.0159,0.0228,0.0303,166.0,144.0
2015-05-12,0.0061,0.0158,0.0228,0.0302,167.0,144.0
2015-05-13,0.0059,0.0157,0.0227,0.0307,168.0,150.0
2015-05-14,0.0056,0.0151,0.0223,0.0303,167.0,152.0
2015-05-15,0.0055,0.0146,0.0214,0.0293,159.0,147.0
2015-05-18,0.0058,0.0154,0.0223,0.0302,165.0,148.0
2015-05-19,0.0063,0.016,0.0227,0.0305,164.0,145.0
2015-05-20,0.006,0.0157,0.0226,0.0306,166.0,149.0
2015-05-21,0.006,0.0153,0.0219,0.0298,159.0,145.0
2015-05-22,0.0064,0.0157,0.0221,0.0299,157.0,142.0
2015-05-26,0.0064,0.0154,0.0214,0.0289,150.0,135.0
2015-05-27,0.0064,0.0153,0.0214,0.0288,150.0,135.0
2015-05-28,0.0062,0.0151,0.0213,0.0289,151.0,138.0
2015-05-29,0.0061,0.0149,0.0212,0.0288,151.0,139.0
2015-06-01,0.0064,0.0155,0.0219,0.0294,155.0,139.0
2015-06-02,0.0064,0.0161,0.0227,0.0302,163.0,141.0
2015-06-03,0.0069,0.0169,0.0238,0.0311,169.0,142.0
2015-06-04,0.0066,0.0165,0.0231,0.0303,165.0,138.0
2015-06-05,0.0073,0.0175,0.0241,0.0311,168.0,136.0
2015-06-08,0.007,0.0172,0.0239,0.0311,169.0,139.0
2015-06-09,0.0072,0.0174,0.0242,0.0315,170.0,141.0
2015-06-10,0.0075,0.018,0.025,0.0322,175.0,142.0
2015-06-11,0.0073,0.0174,0.0239,0.0311,166.0,137.0
2015-06-12,0.0074,0.0175,0.0239,0.031,165.0,135.0
2015-06-15,0.0072,0.0171,0.0236,0.0309,164.0,138.0
2015-06-16,0.0071,0.0168,0.0232,0.0306,161.0,138.0
2015-06-17,0.0067,0.0163,0.0232,0.0309,165.0,146.0
2015-06-18,0.0066,0.0165,0.0235,0.0314,169.0,149.0
2015-06-19,0.0065,0.0159,0.0226,0.0305,161.0,146.0
2015-06-22,0.0068,0.0168,0.0237,0.0316,169.0,148.0
2015-06-23,0.007,0.0171,0.0242,0.032,172.0,149.0
2015-06-24,0.0068,0.0169,0.0238,0.0316,170.0,147.0
2015-06-25,0.0068,0.017,0.024,0.0316,172.0,146.0
2015-06-26,0.0072,0.0175,0.0249,0.0325,177.0,150.0
2015-06-29,0.0064,0.0162,0.0233,0.0309,169.0,147.0
2015-06-30,0.0064,0.0163,0.0235,0.0311,171.0,148.0
2015-07-01,0.0069,0.017,0.0243,0.032,174.0,150.0
2015-07-02,0.0064,0.0164,0.024,0.0319,176.0,155.0
2015-07-06,0.006,0.0156,0.023,0.0308,170.0,152.0
2015-07-07,0.0058,0.0155,0.0227,0.0304,169.0,149.0
2015-07-08,0.0055,0.015,0.0222,0.0299,167.0,149.0
2015-07-09,0.006,0.0158,0.0232,0.0311,172.0,153.0
2015-07-10,0.0065,0.0168,0.0242,0.032,177.0,152.0
2015-07-13,0.0069,0.0171,0.0244,0.0321,175.0,150.0
2015-07-14,0.0066,0.0167,0.0241,0.032,175.0,153.0
2015-07-15,0.0064,0.0163,0.0236,0.0313,172.0,150.0
2015-07-16,0.0067,0.0166,0.0236,0.0311,169.0,145.0
2015-07-17,0.0068,0.0167,0.0234,0.0308,166.0,141.0
2015-07-20,0.0071,0.0172,0.0238,0.031,167.0,138.0
2015-07-21,0.0071,0.0169,0.0235,0.0308,164.0,139.0
2015-07-22,0.0075,0.0169,0.0233,0.0304,158.0,135.0
2015-07-23,0.0071,0.0165,0.0228,0.0298,157.0,133.0
2015-07-24,0.007,0.0164,0.0227,0.0296,157.0,132.0
2015-07-27,0.0068,0.0158,0.0223,0.0293,155.0,135.0
2015-07-28,0.0069,0.0161,0.0226,0.0296,157.0,135.0
2015-07-29,0.007,0.0162,0.0229,0.0299,159.0,137.0
2015-07-30,0.0072,0.0162,0.0228,0.0296,156.0,134.0
2015-07-31,0.0067,0.0154,0.022,0.0292,153.0,138.0
2015-08-03,0.0068,0.0152,0.0216,0.0286,148.0,134.0
2015-08-04,0.0074,0.016,0.0223,0.029,149.0,130.0
2015-08-05,0.0073,0.0165,0.0228,0.0294,155.0,129.0
2015-08-06,0.0071,0.0162,0.0223,0.029,152.0,128.0
2015-08-07,0.0073,0.0159,0.0218,0.0283,145.0,124.0
2015-08-10,0.0073,0.0162,0.0224,0.0289,151.0,127.0
2015-08-11,0.0068,0.0153,0.0215,0.0281,147.0,128.0
2015-08-12,0.0067,0.0152,0.0214,0.0284,147.0,132.0
2015-08-13,0.0072,0.0158,0.0219,0.0286,147.0,128.0
2015-08-14,0.0073,0.0161,0.022,0.0284,147.0,123.0
2015-08-17,0.0072,0.0158,0.0216,0.0281,144.0,123.0
2015-08-18,0.0074,0.016,0.022,0.0287,146.0,127.0
2015-08-19,0.0067,0.015,0.0212,0.0281,145.0,131.0
2015-08-20,0.0069,0.015,0.0209,0.0276,140.0,126.0
2015-08-21,0.0064,0.0144,0.0205,0.0274,141.0,130.0
2015-08-24,0.0059,0.0139,0.0201,0.0273,142.0,134.0
2015-08-25,0.0067,0.0148,0.0212,0.0284,145.0,136.0
2015-08-26,0.0067,0.0149,0.0218,0.0294,151.0,145.0
2015-08-27,0.0068,0.0149,0.0218,0.0293,150.0,144.0
2015-08-28,0.0072,0.0152,0.0219,0.0292,147.0,140.0
2015-08-31,0.0074,0.0154,0.0221,0.0295,147.0,141.0
2015-09-01,0.007,0.0149,0.0217,0.0293,147.0,144.0
2015-09-02,0.0072,0.0152,0.022,0.0297,148.0,145.0
2015-09-03,0.0071,0.0149,0.0218,0.0295,147.0,146.0
2015-09-04,0.0071,0.0147,0.0213,0.0289,142.0,142.0
2015-09-08,0.0074,0.0153,0.022,0.0297,146.0,144.0
2015-09-09,0.0075,0.0153,0.0221,0.0296,146.0,143.0
2015-09-10,0.0075,0.0155,0.0223,0.0298,148.0,143.0
2015-09-11,0.0071,0.0152,0.022,0.0295,149.0,143.0
2015-09-14,0.0073,0.0151,0.0218,0.0295,145.0,144.0
2015-09-15,0.0082,0.0161,0.0228,0.0306,146.0,145.0
2015-09-16,0.0082,0.0162,0.023,0.0308,148.0,146.0
2015-09-17,0.007,0.015,0.0221,0.0302,151.0,152.0
2015-09-18,0.0069,0.0145,0.0213,0.0293,144.0,148.0
2015-09-21,0.0072,0.0151,0.022,0.0302,148.0,151.0
2015-09-22,0.0069,0.0144,0.0214,0.0294,145.0,150.0
2015-09-23,0.007,0.0147,0.0216,0.0295,146.0,148.0
2015-09-24,0.0067,0.0144,0.0213,0.0291,146.0,147.0
2015-09-25,0.007,0.0148,0.0217,0.0296,147.0,148.0
2015-09-28,0.0067,0.0142,0.021,0.0287,143.0,145.0
2015-09-29,0.0064,0.0137,0.0205,0.0285,141.0,148.0
2015-09-30,0.0064,0.0137,0.0206,0.0287,142.0,150.0
2015-10-01,0.0064,0.0137,0.0205,0.0285,141.0,148.0
2015-10-02,0.0058,0.0129,0.0199,0.0282,141.0,153.0
2015-10-05,0.0061,0.0135,0.0207,0.029,146.0,155.0
2015-10-06,0.0061,0.0134,0.0205,0.0288,144.0,154.0
2015-10-07,0.0065,0.0137,0.0208,0.0289,143.0,152.0
2015-10-08,0.0065,0.014,0.0212,0.0296,147.0,156.0
2015-10-09,0.0065,0.0141,0.0212,0.0294,147.0,153.0
2015-10-13,0.0064,0.0136,0.0206,0.0289,142.0,153.0
2015-10-14,0.0057,0.0129,0.0199,0.0284,142.0,155.0
2015-10-15,0.0061,0.0134,0.0204,0.0287,143.0,153.0
2015-10-16,0.0061,0.0136,0.0204,0.0287,143.0,151.0
2015-10-19,0.0061,0.0135,0.0204,0.0289,143.0,154.0
2015-10-20,0.0066,0.014,0.0208,0.0292,142.0,152.0
2015-10-21,0.0064,0.0137,0.0204,0.0287,140.0,150.0
2015-10-22,0.0061,0.0136,0.0204,0.0287,143.0,151.0
2015-10-23,0.0066,0.0143,0.0209,0.029,143.0,147.0
2015-10-26,0.0066,0.0141,0.0207,0.0287,141.0,146.0
2015-10-27,0.0065,0.0138,0.0205,0.0286,140.0,148.0
2015-10-28,0.0073,0.0147,0.021,0.0287,137.0,140.0
2015-10-29,0.0075,0.0153,0.0219,0.0296,144.0,143.0
2015-10-30,0.0075,0.0152,0.0216,0.0293,141.0,141.0
2015-11-02,0.0077,0.0157,0.022,0.0295,143.0,138.0
2015-11-03,0.008,0.0159,0.0223,0.03,143.0,141.0
2015-11-04,0.0084,0.0164,0.0225,0.03,141.0,136.0
2015-11-05,0.0085,0.0165,0.0226,0.0301,141.0,136.0
2015-11-06,0.009,0.0173,0.0234,0.0309,144.0,136.0
2015-11-09,0.0089,0.0175,0.0236,0.0312,147.0,137.0
2015-11-10,0.0087,0.0172,0.0232,0.031,145.0,138.0
2015-11-12,0.0089,0.0173,0.0232,0.0309,143.0,136.0
2015-11-13,0.0086,0.0167,0.0228,0.0306,142.0,139.0
2015-11-16,0.0088,0.0166,0.0227,0.0307,139.0,141.0
2015-11-17,0.0086,0.0166,0.0225,0.0304,139.0,138.0
2015-11-18,0.009,0.0169,0.0227,0.0304,137.0,135.0
2015-11-19,0.0091,0.0168,0.0224,0.03,133.0,132.0
2015-11-20,0.0093,0.017,0.0226,0.0302,133.0,132.0
2015-11-23,0.0094,0.017,0.0225,0.03,131.0,130.0
2015-11-24,0.0093,0.0166,0.0224,0.03,131.0,134.0
2015-11-25,0.0093,0.0166,0.0223,0.03,130.0,134.0
2015-11-27,0.0092,0.0164,0.0222,0.03,130.0,136.0
2015-11-30,0.0094,0.0165,0.0221,0.0298,127.0,133.0
2015-12-01,0.0091,0.0159,0.0215,0.0291,124.0,132.0
2015-12-02,0.0094,0.0163,0.0218,0.0291,124.0,128.0
2015-12-03,0.0096,0.0174,0.0233,0.0307,137.0,133.0
2015-12-04,0.0096,0.0171,0.0228,0.0301,132.0,130.0
2015-12-07,0.0094,0.0167,0.0223,0.0295,129.0,128.0
2015-12-08,0.0094,0.0168,0.0224,0.0297,130.0,129.0
2015-12-09,0.0093,0.0164,0.0222,0.0297,129.0,133.0
2015-12-10,0.0095,0.0168,0.0224,0.0298,129.0,130.0
2015-12-11,0.0088,0.0156,0.0213,0.0287,125.0,131.0
2015-12-14,0.0097,0.0166,0.0223,0.0296,126.0,130.0
2015-12-15,0.0098,0.0171,0.0228,0.03,130.0,129.0
2015-12-16,0.0102,0.0175,0.023,0.0302,128.0,127.0
2015-12-17,0.01,0.0173,0.0224,0.0294,124.0,121.0
2015-12-18,0.0097,0.0167,0.0219,0.029,122.0,123.0
2015-12-21,0.0096,0.0167,0.022,0.0292,124.0,125.0
2015-12-22,0.0099,0.0171,0.0224,0.0296,125.0,125.0
2015-12-23,0.0101,0.0174,0.0227,0.03,126.0,126.0
2015-12-24,0.0103,0.0173,0.0225,0.0296,122.0,123.0
2015-12-28,0.0105,0.0173,0.0224,0.0295,119.0,122.0
2015-12-29,0.0109,0.0181,0.0232,0.0304,123.0,123.0
2015-12-30,0.0108,0.018,0.0231,0.0304,123.0,124.0
2015-12-31,0.0106,0.0176,0.0227,0.0301,121.0,125.0
2016-01-04,0.0102,0.0173,0.0224,0.0298,122.0,125.0
2016-01-05,0.0104,0.0173,0.0225,0.0301,121.0,128.0
2016-01-06,0.0099,0.0165,0.0218,0.0294,119.0,129.0
2016-01-07,0.0096,0.0161,0.0216,0.0292,120.0,131.0
2016-01-08,0.0094,0.0157,0.0213,0.0291,119.0,134.0
2016-01-11,0.0094,0.0158,0.0217,0.0296,123.0,138.0
2016-01-12,0.0093,0.0155,0.0212,0.0289,119.0,134.0
2016-01-13,0.0091,0.0151,0.0208,0.0285,117.0,134.0
2016-01-14,0.009,0.0152,0.021,0.029,120.0,138.0
2016-01-15,0.0085,0.0146,0.0203,0.0281,118.0,135.0
2016-01-19,0.0088,0.0149,0.0206,0.0282,118.0,133.0
2016-01-20,0.0085,0.0144,0.0201,0.0277,116.0,133.0
2016-01-21,0.0084,0.0144,0.0202,0.0279,118.0,135.0
2016-01-22,0.0088,0.0149,0.0207,0.0283,119.0,134.0
2016-01-25,0.0088,0.0147,0.0203,0.028,115.0,133.0
2016-01-26,0.0085,0.0145,0.0201,0.0279,116.0,134.0
2016-01-27,0.0084,0.0143,0.0202,0.028,118.0,137.0
2016-01-28,0.0083,0.014,0.02,0.0279,117.0,139.0
2016-01-29,0.0076,0.0133,0.0194,0.0275,118.0,142.0
2016-02-01,0.0081,0.0138,0.0197,0.0277,116.0,139.0
2016-02-02,0.0075,0.0128,0.0187,0.0267,112.0,139.0
2016-02-03,0.0072,0.0127,0.0188,0.027,116.0,143.0
2016-02-04,0.007,0.0125,0.0187,0.027,117.0,145.0
2016-02-05,0.0074,0.0125,0.0186,0.0268,112.0,143.0
2016-02-08,0.0066,0.0116,0.0175,0.0256,109.0,140.0
2016-02-09,0.0069,0.0115,0.0174,0.0255,105.0,140.0
2016-02-10,0.0071,0.0115,0.0171,0.0253,100.0,138.0
2016-02-11,0.0064,0.0111,0.0163,0.025,99.0,139.0
2016-02-12,0.0071,0.012,0.0174,0.026,103.0,140.0
2016-02-16,0.0074,0.0123,0.0178,0.0264,104.0,141.0
2016-02-17,0.0074,0.0126,0.0181,0.0268,107.0,142.0
2016-02-18,0.0071,0.0121,0.0175,0.0262,104.0,141.0
2016-02-19,0.0076,0.0124,0.0176,0.0261,100.0,137.0
2016-02-22,0.0078,0.0125,0.0177,0.0262,99.0,137.0
2016-02-23,0.0076,0.0123,0.0174,0.026,98.0,137.0
2016-02-24,0.0075,0.0121,0.0175,0.0261,100.0,140.0
2016-02-25,0.0072,0.0116,0.0171,0.0258,99.0,142.0
2016-02-26,0.008,0.0123,0.0176,0.0263,96.0,140.0
2016-02-29,0.0078,0.0122,0.0174,0.0261,96.0,139.0
2016-03-01,0.0085,0.0131,0.0183,0.027,98.0,139.0
2016-03-02,0.0085,0.0134,0.0184,0.0269,99.0,135.0
2016-03-03,0.0085,0.0133,0.0183,0.0265,98.0,132.0
2016-03-04,0.0088,0.0138,0.0188,0.027,100.0,132.0
2016-03-07,0.0091,0.0142,0.0191,0.0271,100.0,129.0
2016-03-08,0.0088,0.0134,0.0183,0.0263,95.0,129.0
2016-03-09,0.009,0.0139,0.019,0.0268,100.0,129.0
2016-03-10,0.0093,0.0145,0.0193,0.027,100.0,125.0
2016-03-11,0.0097,0.0149,0.0198,0.0275,101.0,126.0
2016-03-14,0.0097,0.0149,0.0197,0.0274,100.0,125.0
2016-03-15,0.0098,0.015,0.0197,0.0273,99.0,123.0
2016-03-16,0.0087,0.0141,0.0194,0.0273,107.0,132.0
2016-03-17,0.0087,0.0139,0.0191,0.0269,104.0,130.0
2016-03-18,0.0084,0.0134,0.0188,0.0268,104.0,134.0
2016-03-21,0.0087,0.0138,0.0192,0.0272,105.0,134.0
2016-03-22,0.0091,0.0142,0.0194,0.0272,103.0,130.0
2016-03-23,0.0087,0.0137,0.0188,0.0265,101.0,128.0
2016-03-24,0.0089,0.0139,0.0191,0.0267,102.0,128.0
2016-03-28,0.0089,0.0137,0.0189,0.0266,100.0,129.0
2016-03-29,0.0078,0.0129,0.0181,0.026,103.0,131.0
2016-03-30,0.0076,0.0126,0.0183,0.0265,107.0,139.0
2016-03-31,0.0073,0.0121,0.0178,0.0261,105.0,140.0
2016-04-01,0.0076,0.0124,0.0179,0.0262,103.0,138.0
2016-04-04,0.0075,0.0122,0.0178,0.026,103.0,138.0
2016-04-05,0.0072,0.0117,0.0173,0.0254,101.0,137.0
2016-04-06,0.0073,0.012,0.0176,0.0258,103.0,138.0
2016-04-07,0.007,0.0114,0.017,0.0252,100.0,138.0
2016-04-08,0.007,0.0116,0.0172,0.0255,102.0,139.0
2016-04-11,0.007,0.0116,0.0173,0.0256,103.0,140.0
2016-04-12,0.0074,0.0122,0.0179,0.0261,105.0,139.0
2016-04-13,0.0075,0.0122,0.0177,0.0258,102.0,136.0
2016-04-14,0.0077,0.0126,0.018,0.0261,103.0,135.0
2016-04-15,0.0074,0.0122,0.0176,0.0256,102.0,134.0
2016-04-18,0.0075,0.0124,0.0178,0.0258,103.0,134.0
2016-04-19,0.0077,0.0126,0.0179,0.026,102.0,134.0
2016-04-20,0.008,0.0132,0.0185,0.0266,105.0,134.0
2016-04-21,0.0082,0.0135,0.0188,0.0269,106.0,134.0
2016-04-22,0.0084,0.0137,0.0189,0.027,105.0,133.0
2016-04-25,0.0085,0.0138,0.0191,0.0272,106.0,134.0
2016-04-26,0.0086,0.014,0.0194,0.0276,108.0,136.0
2016-04-27,0.0083,0.0133,0.0187,0.0271,104.0,138.0
2016-04-28,0.0078,0.0128,0.0184,0.0268,106.0,140.0
2016-04-29,0.0077,0.0128,0.0183,0.0266,106.0,138.0
2016-05-02,0.008,0.0132,0.0188,0.0271,108.0,139.0
2016-05-03,0.0075,0.0125,0.0181,0.0266,106.0,141.0
2016-05-04,0.0075,0.0123,0.0179,0.0264,104.0,141.0
2016-05-05,0.0072,0.012,0.0176,0.026,104.0,140.0
2016-05-06,0.0074,0.0123,0.0179,0.0262,105.0,139.0
2016-05-09,0.0072,0.012,0.0177,0.0261,105.0,141.0
2016-05-10,0.0072,0.012,0.0177,0.0261,105.0,141.0
2016-05-11,0.0074,0.012,0.0173,0.0258,99.0,138.0
2016-05-12,0.0076,0.0124,0.0175,0.026,99.0,136.0
2016-05-13,0.0076,0.0122,0.0171,0.0255,95.0,133.0
2016-05-16,0.0079,0.0126,0.0175,0.0259,96.0,133.0
2016-05-17,0.0082,0.0129,0.0176,0.0259,94.0,130.0
2016-05-18,0.009,0.0141,0.0187,0.0267,97.0,126.0
2016-05-19,0.0089,0.0138,0.0185,0.0264,96.0,126.0
2016-05-20,0.0089,0.0138,0.0185,0.0263,96.0,125.0
2016-05-23,0.0091,0.0138,0.0184,0.0263,93.0,125.0
2016-05-24,0.0092,0.0141,0.0186,0.0265,94.0,124.0
2016-05-25,0.0092,0.014,0.0187,0.0267,95.0,127.0
2016-05-26,0.0087,0.0135,0.0183,0.0264,96.0,129.0
2016-05-27,0.009,0.0139,0.0185,0.0265,95.0,126.0
2016-05-31,0.0087,0.0137,0.0184,0.0264,97.0,127.0
2016-06-01,0.0091,0.0139,0.0185,0.0263,94.0,124.0
2016-06-02,0.0089,0.0136,0.0181,0.0258,92.0,122.0
2016-06-03,0.0078,0.0123,0.0171,0.0252,93.0,129.0
2016-06-06,0.008,0.0125,0.0173,0.0255,93.0,130.0
2016-06-07,0.0078,0.0123,0.0172,0.0254,94.0,131.0
2016-06-08,0.0078,0.0123,0.0171,0.0251,93.0,128.0
2016-06-09,0.0077,0.0122,0.0168,0.0248,91.0,126.0
2016-06-10,0.0073,0.0117,0.0164,0.0244,91.0,127.0
2016-06-13,0.0073,0.0114,0.0162,0.0243,89.0,129.0
2016-06-14,0.0074,0.0115,0.0162,0.0243,88.0,128.0
2016-06-15,0.0069,0.011,0.016,0.0243,91.0,133.0
2016-06-16,0.007,0.011,0.0157,0.0239,87.0,129.0
2016-06-17,0.007,0.0113,0.0162,0.0243,92.0,130.0
2016-06-20,0.0074,0.0117,0.0167,0.0247,93.0,130.0
2016-06-21,0.0076,0.0122,0.0171,0.025,95.0,128.0
2016-06-22,0.0075,0.012,0.0169,0.025,94.0,130.0
2016-06-23,0.0078,0.0125,0.0174,0.0255,96.0,130.0
2016-06-24,0.0064,0.0108,0.0157,0.0242,93.0,134.0
2016-06-27,0.0061,0.01,0.0146,0.0228,85.0,128.0
2016-06-28,0.0061,0.01,0.0146,0.0227,85.0,127.0
2016-06-29,0.0062,0.0103,0.015,0.023,88.0,127.0
2016-06-30,0.0058,0.0101,0.0149,0.023,91.0,129.0
2016-07-01,0.0059,0.01,0.0146,0.0224,87.0,124.0
2016-07-05,0.0056,0.0094,0.0137,0.0214,81.0,120.0
2016-07-06,0.0058,0.0095,0.0138,0.0214,80.0,119.0
2016-07-07,0.0058,0.0097,0.014,0.0214,82.0,117.0
2016-07-08,0.0061,0.0095,0.0137,0.0211,76.0,116.0
2016-07-11,0.0066,0.0103,0.0143,0.0214,77.0,111.0
2016-07-12,0.0069,0.011,0.0153,0.0224,84.0,114.0
2016-07-13,0.0068,0.0107,0.0148,0.0218,80.0,111.0
2016-07-14,0.0068,0.011,0.0153,0.0225,85.0,115.0
2016-07-15,0.0071,0.0115,0.016,0.023,89.0,115.0
2016-07-18,0.0068,0.0114,0.0159,0.023,91.0,116.0
2016-07-19,0.007,0.0112,0.0156,0.0227,86.0,115.0
2016-07-20,0.0073,0.0115,0.0159,0.023,86.0,115.0
2016-07-21,0.007,0.0111,0.0157,0.0229,87.0,118.0
2016-07-22,0.0071,0.0113,0.0157,0.0229,86.0,116.0
2016-07-25,0.0072,0.0115,0.0158,0.0229,86.0,114.0
2016-07-26,0.0075,0.0115,0.0157,0.0228,82.0,113.0
2016-07-27,0.0073,0.011,0.0152,0.0223,79.0,113.0
2016-07-28,0.0072,0.0109,0.0152,0.0223,80.0,114.0
2016-07-29,0.0067,0.0103,0.0146,0.0218,79.0,115.0
2016-08-01,0.0067,0.0106,0.0151,0.0224,84.0,118.0
2016-08-02,0.0067,0.0107,0.0155,0.0229,88.0,122.0
2016-08-03,0.0067,0.0107,0.0155,0.0229,88.0,122.0
2016-08-04,0.0064,0.0103,0.0151,0.0225,87.0,122.0
2016-08-05,0.0072,0.0113,0.0159,0.0232,87.0,119.0
2016-08-08,0.0074,0.0115,0.0159,0.023,85.0,115.0
2016-08-09,0.0071,0.0111,0.0155,0.0225,84.0,114.0
2016-08-10,0.0069,0.0107,0.015,0.0223,81.0,116.0
2016-08-11,0.0076,0.0116,0.0157,0.0228,81.0,112.0
2016-08-12,0.0071,0.011,0.0151,0.0223,80.0,113.0
2016-08-15,0.0072,0.0114,0.0155,0.0227,83.0,113.0
2016-08-16,0.0076,0.0116,0.0157,0.0229,81.0,113.0
2016-08-17,0.0074,0.0115,0.0156,0.0227,82.0,112.0
2016-08-18,0.0071,0.0112,0.0153,0.0226,82.0,114.0
2016-08-19,0.0076,0.0117,0.0158,0.0229,82.0,112.0
2016-08-22,0.0076,0.0115,0.0155,0.0224,79.0,109.0
2016-08-23,0.0074,0.0115,0.0155,0.0224,81.0,109.0
2016-08-24,0.0076,0.0113,0.0156,0.0224,80.0,111.0
2016-08-25,0.0078,0.0116,0.0158,0.0227,80.0,111.0
2016-08-26,0.0084,0.0123,0.0162,0.0229,78.0,106.0
2016-08-29,0.0081,0.0118,0.0157,0.0222,76.0,104.0
2016-08-30,0.008,0.0118,0.0157,0.0223,77.0,105.0
2016-08-31,0.008,0.0119,0.0158,0.0223,78.0,104.0
2016-09-01,0.0078,0.0118,0.0157,0.0223,79.0,105.0
2016-09-02,0.008,0.012,0.016,0.0228,80.0,108.0
2016-09-06,0.0074,0.0113,0.0155,0.0224,81.0,111.0
2016-09-07,0.0074,0.0112,0.0154,0.0223,80.0,111.0
2016-09-08,0.0078,0.0119,0.0161,0.0232,83.0,113.0
2016-09-09,0.0079,0.0123,0.0167,0.0239,88.0,116.0
2016-09-12,0.0079,0.0121,0.0168,0.024,89.0,119.0
2016-09-13,0.008,0.0126,0.0173,0.0247,93.0,121.0
2016-09-14,0.0077,0.0121,0.017,0.0244,93.0,123.0
2016-09-15,0.0074,0.012,0.0171,0.0248,97.0,128.0
2016-09-16,0.0077,0.0121,0.017,0.0244,93.0,123.0
2016-09-19,0.0079,0.0122,0.017,0.0245,91.0,123.0
2016-09-20,0.0079,0.012,0.0169,0.0243,90.0,123.0
2016-09-21,0.0079,0.012,0.0166,0.0239,87.0,119.0
2016-09-22,0.0079,0.0118,0.0163,0.0234,84.0,116.0
2016-09-23,0.0077,0.0116,0.0162,0.0234,85.0,118.0
2016-09-26,0.0076,0.0113,0.0159,0.0232,83.0,119.0
2016-09-27,0.0075,0.0112,0.0156,0.0228,81.0,116.0
2016-09-28,0.0075,0.0113,0.0157,0.0229,82.0,116.0
2016-09-29,0.0073,0.0112,0.0156,0.0228,83.0,116.0
2016-09-30,0.0077,0.0114,0.016,0.0232,83.0,118.0
2016-10-03,0.008,0.0118,0.0163,0.0234,83.0,116.0
2016-10-04,0.0082,0.0122,0.0169,0.024,87.0,118.0
2016-10-05,0.0085,0.0126,0.0172,0.0244,87.0,118.0
2016-10-06,0.0086,0.0128,0.0175,0.0246,89.0,118.0
2016-10-07,0.0083,0.0126,0.0173,0.0246,90.0,120.0
2016-10-11,0.0087,0.013,0.0177,0.025,90.0,120.0
2016-10-12,0.0087,0.0131,0.0179,0.0251,92.0,120.0
2016-10-13,0.0085,0.0127,0.0175,0.0248,90.0,121.0
2016-10-14,0.0084,0.0128,0.018,0.0255,96.0,127.0
2016-10-17,0.0081,0.0126,0.0177,0.0252,96.0,126.0
2016-10-18,0.0082,0.0124,0.0175,0.0251,93.0,127.0
2016-10-19,0.0081,0.0124,0.0176,0.0251,95.0,127.0
2016-10-20,0.0084,0.0126,0.0176,0.025,92.0,124.0
2016-10-21,0.0084,0.0125,0.0174,0.0248,90.0,123.0
2016-10-24,0.0084,0.0127,0.0177,0.0252,93.0,125.0
2016-10-25,0.0086,0.0129,0.0177,0.025,91.0,121.0
2016-10-26,0.0086,0.013,0.0179,0.0253,93.0,123.0
2016-10-27,0.0087,0.0133,0.0185,0.026,98.0,127.0
2016-10-28,0.0086,0.0133,0.0186,0.0262,100.0,129.0
2016-10-31,0.0086,0.0131,0.0184,0.0258,98.0,127.0
2016-11-01,0.0083,0.013,0.0183,0.0258,100.0,128.0
2016-11-02,0.0081,0.0126,0.0181,0.0256,100.0,130.0
2016-11-03,0.0081,0.0126,0.0182,0.026,101.0,134.0
2016-11-04,0.008,0.0124,0.0179,0.0256,99.0,132.0
2016-11-07,0.0082,0.0129,0.0183,0.026,101.0,131.0
2016-11-08,0.0087,0.0134,0.0188,0.0263,101.0,129.0
2016-11-09,0.009,0.0149,0.0207,0.0288,117.0,139.0
2016-11-10,0.0092,0.0156,0.0215,0.0294,123.0,138.0
2016-11-14,0.01,0.0166,0.0223,0.0299,123.0,133.0
2016-11-15,0.0102,0.0168,0.0223,0.0297,121.0,129.0
2016-11-16,0.01,0.0168,0.0222,0.0292,122.0,124.0
2016-11-17,0.0104,0.0173,0.0229,0.0301,125.0,128.0
2016-11-18,0.0107,0.018,0.0234,0.0301,127.0,121.0
2016-11-21,0.0108,0.0179,0.0233,0.03,125.0,121.0
2016-11-22,0.0107,0.0177,0.0231,0.03,124.0,123.0
2016-11-23,0.0112,0.0183,0.0236,0.0302,124.0,119.0
2016-11-25,0.0112,0.0183,0.0236,0.0301,124.0,118.0
2016-11-28,0.0111,0.018,0.0232,0.0299,121.0,119.0
2016-11-29,0.0109,0.0178,0.023,0.0295,121.0,117.0
2016-11-30,0.0111,0.0183,0.0237,0.0302,126.0,119.0
2016-12-01,0.0114,0.019,0.0245,0.031,131.0,120.0
2016-12-02,0.0111,0.0184,0.024,0.0308,129.0,124.0
2016-12-05,0.0113,0.0184,0.0239,0.0305,126.0,121.0
2016-12-06,0.0112,0.0184,0.0239,0.0308,127.0,124.0
2016-12-07,0.011,0.018,0.0234,0.0302,124.0,122.0
2016-12-08,0.0112,0.0183,0.024,0.031,128.0,127.0
2016-12-09,0.0115,0.0189,0.0247,0.0316,132.0,127.0
2016-12-12,0.0115,0.019,0.0249,0.0316,134.0,126.0
2016-12-13,0.0117,0.0192,0.0248,0.0314,131.0,122.0
2016-12-14,0.0127,0.0202,0.0254,0.0314,127.0,112.0
2016-12-15,0.0129,0.021,0.026,0.0316,131.0,106.0
2016-12-16,0.0128,0.0207,0.026,0.0319,132.0,112.0
2016-12-19,0.0124,0.0203,0.0254,0.0312,130.0,109.0
2016-12-20,0.0125,0.0206,0.0257,0.0315,132.0,109.0
2016-12-21,0.0121,0.0204,0.0255,0.0312,134.0,108.0
2016-12-22,0.0122,0.0204,0.0255,0.0312,133.0,108.0
2016-12-23,0.0122,0.0204,0.0255,0.0312,133.0,108.0
2016-12-27,0.0128,0.0207,0.0257,0.0314,129.0,107.0
2016-12-28,0.0126,0.0202,0.0251,0.0309,125.0,107.0
2016-12-29,0.0122,0.0196,0.0249,0.0308,127.0,112.0
2016-12-30,0.012,0.0193,0.0245,0.0306,125.0,113.0
2017-01-03,0.0122,0.0194,0.0245,0.0304,123.0,110.0
2017-01-04,0.0124,0.0194,0.0246,0.0305,122.0,111.0
2017-01-05,0.0117,0.0186,0.0237,0.0296,120.0,110.0
2017-01-06,0.0122,0.0192,0.0242,0.03,120.0,108.0
2017-01-09,0.0121,0.0189,0.0238,0.0297,117.0,108.0
2017-01-10,0.0119,0.0189,0.0238,0.0297,119.0,108.0
2017-01-11,0.012,0.0189,0.0238,0.0296,118.0,107.0
2017-01-12,0.0118,0.0187,0.0236,0.0301,118.0,114.0
2017-01-13,0.0121,0.019,0.024,0.0299,119.0,109.0
2017-01-17,0.0117,0.0184,0.0233,0.0293,116.0,109.0
2017-01-18,0.0123,0.0193,0.0242,0.03,119.0,107.0
2017-01-19,0.0125,0.0197,0.0247,0.0304,122.0,107.0
2017-01-20,0.012,0.0195,0.0248,0.0305,128.0,110.0
2017-01-23,0.0116,0.0188,0.0241,0.0299,125.0,111.0
2017-01-24,0.0121,0.0194,0.0247,0.0305,126.0,111.0
2017-01-25,0.0123,0.0199,0.0253,0.031,130.0,111.0
2017-01-26,0.0121,0.0195,0.0251,0.0308,130.0,113.0
2017-01-27,0.0122,0.0194,0.0249,0.0306,127.0,112.0
2017-01-30,0.0122,0.0194,0.0249,0.0308,127.0,114.0
2017-01-31,0.0119,0.019,0.0245,0.0305,126.0,115.0
2017-02-01,0.0122,0.0193,0.0248,0.0308,126.0,115.0
2017-02-02,0.0121,0.0192,0.0248,0.0309,127.0,117.0
2017-02-03,0.0121,0.0193,0.0249,0.0311,128.0,118.0
2017-02-06,0.0116,0.0186,0.0242,0.0305,126.0,119.0
2017-02-07,0.0116,0.0185,0.024,0.0302,124.0,117.0
2017-02-08,0.0115,0.0181,0.0234,0.0296,119.0,115.0
2017-02-09,0.012,0.0188,0.024,0.0302,120.0,114.0
2017-02-10,0.012,0.0189,0.0241,0.0301,121.0,112.0
2017-02-13,0.012,0.0192,0.0243,0.0303,123.0,111.0
2017-02-14,0.0125,0.0198,0.0247,0.0307,122.0,109.0
2017-02-15,0.0127,0.0201,0.0251,0.0309,124.0,108.0
2017-02-16,0.0122,0.0195,0.0245,0.0305,123.0,110.0
2017-02-17,0.0121,0.0192,0.0242,0.0303,121.0,111.0
2017-02-21,0.0122,0.0193,0.0243,0.0304,121.0,111.0
2017-02-22,0.0122,0.0192,0.0242,0.0304,120.0,112.0
2017-02-23,0.0118,0.0187,0.0238,0.0302,120.0,115.0
2017-02-24,0.0112,0.018,0.0231,0.0295,119.0,115.0
2017-02-27,0.012,0.0187,0.0236,0.0298,116.0,111.0
2017-02-28,0.0122,0.0189,0.0236,0.0297,114.0,108.0
2017-03-01,0.0129,0.0199,0.0246,0.0306,117.0,107.0
2017-03-02,0.0132,0.0203,0.0249,0.0309,117.0,106.0
2017-03-03,0.0132,0.0202,0.0249,0.0308,117.0,106.0
2017-03-06,0.0131,0.0202,0.0249,0.031,118.0,108.0
2017-03-07,0.0132,0.0205,0.0252,0.0311,120.0,106.0
2017-03-08,0.0136,0.0208,0.0257,0.0315,121.0,107.0
2017-03-09,0.0137,0.0213,0.026,0.0319,123.0,106.0
2017-03-10,0.0136,0.0211,0.0258,0.0316,122.0,105.0
2017-03-13,0.014,0.0214,0.0262,0.032,122.0,106.0
2017-03-14,0.014,0.0213,0.026,0.0317,120.0,104.0
2017-03-15,0.0133,0.0202,0.0251,0.0311,118.0,109.0
2017-03-16,0.0135,0.0205,0.0253,0.0314,118.0,109.0
2017-03-17,0.0133,0.0203,0.025,0.0311,117.0,108.0
2017-03-20,0.013,0.02,0.0247,0.0308,117.0,108.0
2017-03-21,0.0127,0.0196,0.0243,0.0304,116.0,108.0
2017-03-22,0.0127,0.0195,0.024,0.0302,113.0,107.0
2017-03-23,0.0126,0.0195,0.0241,0.0302,115.0,107.0
2017-03-24,0.0126,0.0193,0.024,0.03,114.0,107.0
2017-03-27,0.0127,0.0193,0.0238,0.0298,111.0,105.0
2017-03-28,0.013,0.0197,0.0242,0.0302,112.0,105.0
2017-03-29,0.0126,0.0193,0.0239,0.0299,113.0,106.0
2017-03-30,0.0128,0.0196,0.0242,0.0303,114.0,107.0
2017-03-31,0.0127,0.0193,0.024,0.0302,113.0,109.0
2017-04-03,0.0124,0.0188,0.0235,0.0298,111.0,110.0
2017-04-04,0.0125,0.0188,0.0236,0.0299,111.0,111.0
2017-04-05,0.0124,0.0185,0.0234,0.0298,110.0,113.0
2017-04-06,0.0124,0.0187,0.0234,0.0299,110.0,112.0
2017-04-07,0.0129,0.0192,0.0238,0.03,109.0,108.0
2017-04-10,0.0129,0.0191,0.0237,0.0299,108.0,108.0
2017-04-11,0.0124,0.0184,0.0232,0.0293,108.0,109.0
2017-04-12,0.0124,0.0181,0.0228,0.0292,104.0,111.0
2017-04-13,0.0121,0.0177,0.0224,0.0289,103.0,112.0
2017-04-17,0.0121,0.0179,0.0226,0.0292,105.0,113.0
2017-04-18,0.0118,0.0171,0.0218,0.0284,100.0,113.0
2017-04-19,0.0119,0.0174,0.0221,0.0287,102.0,113.0
2017-04-20,0.0121,0.0178,0.0224,0.0289,103.0,111.0
2017-04-21,0.012,0.0177,0.0224,0.0289,104.0,112.0
2017-04-24,0.0125,0.0181,0.0228,0.0293,103.0,112.0
2017-04-25,0.0129,0.0187,0.0235,0.0299,106.0,112.0
2017-04-26,0.0128,0.0184,0.0232,0.0297,104.0,113.0
2017-04-27,0.0125,0.0181,0.023,0.0296,105.0,115.0
2017-04-28,0.0128,0.0181,0.0229,0.0296,101.0,115.0
2017-05-01,0.0128,0.0184,0.0233,0.03,105.0,116.0
2017-05-02,0.0127,0.0181,0.0229,0.0297,102.0,116.0
2017-05-03,0.013,0.0186,0.0233,0.0297,103.0,111.0
2017-05-04,0.0132,0.0188,0.0236,0.03,104.0,112.0
2017-05-05,0.0132,0.0189,0.0236,0.0299,104.0,110.0
2017-05-08,0.0133,0.0191,0.0239,0.0302,106.0,111.0
2017-05-09,0.0137,0.0194,0.0242,0.0304,105.0,110.0
2017-05-10,0.0135,0.0194,0.0241,0.0303,106.0,109.0
2017-05-11,0.0135,0.0193,0.0239,0.0303,104.0,110.0
2017-05-12,0.0129,0.0185,0.0233,0.0298,104.0,113.0
2017-05-15,0.0131,0.0186,0.0234,0.03,103.0,114.0
2017-05-16,0.0129,0.0186,0.0233,0.0299,104.0,113.0
2017-05-17,0.0126,0.0176,0.0222,0.0291,96.0,115.0
2017-05-18,0.0127,0.0178,0.0223,0.029,96.0,112.0
2017-05-19,0.0128,0.0179,0.0223,0.029,95.0,111.0
2017-05-22,0.0129,0.018,0.0225,0.0291,96.0,111.0
2017-05-23,0.0131,0.0184,0.0229,0.0295,98.0,111.0
2017-05-24,0.0129,0.0179,0.0226,0.0292,97.0,113.0
2017-05-25,0.013,0.0178,0.0225,0.0292,95.0,114.0
2017-05-26,0.013,0.0179,0.0225,0.0292,95.0,113.0
2017-05-30,0.0128,0.0176,0.0221,0.0288,93.0,112.0
2017-05-31,0.0128,0.0175,0.0221,0.0287,93.0,112.0
2017-06-01,0.0128,0.0176,0.0221,0.0287,93.0,111.0
2017-06-02,0.0128,0.0171,0.0215,0.028,87.0,109.0
2017-06-05,0.0132,0.0174,0.0218,0.0284,86.0,110.0
2017-06-06,0.013,0.0171,0.0214,0.0281,84.0,110.0
2017-06-07,0.0132,0.0174,0.0218,0.0284,86.0,110.0
2017-06-08,0.0133,0.0175,0.0219,0.0285,86.0,110.0
2017-06-09,0.0135,0.0177,0.0221,0.0286,86.0,109.0
2017-06-12,0.0135,0.0178,0.0221,0.0286,86.0,108.0
2017-06-13,0.0138,0.0179,0.0221,0.0287,83.0,108.0
2017-06-14,0.0135,0.0174,0.0215,0.0279,80.0,105.0
2017-06-15,0.0135,0.0176,0.0216,0.0278,81.0,102.0
2017-06-16,0.0132,0.0175,0.0216,0.0278,84.0,103.0
2017-06-19,0.0136,0.018,0.0219,0.0279,83.0,99.0
2017-06-20,0.0136,0.0177,0.0216,0.0274,80.0,97.0
2017-06-21,0.0136,0.0178,0.0216,0.0273,80.0,95.0
2017-06-22,0.0134,0.0176,0.0215,0.0272,81.0,96.0
2017-06-23,0.0134,0.0177,0.0215,0.0271,81.0,94.0
2017-06-26,0.0136,0.0177,0.0214,0.027,78.0,93.0
2017-06-27,0.0138,0.0183,0.0221,0.0275,83.0,92.0
2017-06-28,0.0134,0.0181,0.0222,0.0277,88.0,96.0
2017-06-29,0.0138,0.0185,0.0227,0.0282,89.0,97.0
2017-06-30,0.0138,0.0189,0.0231,0.0284,93.0,95.0
2017-07-03,0.0141,0.0193,0.0235,0.0286,94.0,93.0
2017-07-05,0.0141,0.0192,0.0233,0.0285,92.0,93.0
2017-07-06,0.014,0.0194,0.0237,0.029,97.0,96.0
2017-07-07,0.014,0.0195,0.0239,0.0293,99.0,98.0
2017-07-10,0.014,0.0193,0.0238,0.0293,98.0,100.0
2017-07-11,0.0137,0.0192,0.0237,0.0292,100.0,100.0
2017-07-12,0.0135,0.0188,0.0233,0.0289,98.0,101.0
2017-07-13,0.0137,0.0189,0.0235,0.0292,98.0,103.0
2017-07-14,0.0135,0.0187,0.0233,0.0291,98.0,104.0
2017-07-17,0.0136,0.0186,0.0231,0.0289,95.0,103.0
2017-07-18,0.0136,0.0182,0.0227,0.0285,91.0,103.0
2017-07-19,0.0137,0.0183,0.0227,0.0285,90.0,102.0
2017-07-20,0.0137,0.0182,0.0227,0.0283,90.0,101.0
2017-07-21,0.0136,0.0181,0.0224,0.0281,88.0,100.0
2017-07-24,0.0137,0.0183,0.0226,0.0283,89.0,100.0
2017-07-25,0.014,0.019,0.0233,0.0291,93.0,101.0
2017-07-26,0.0136,0.0183,0.0229,0.0289,93.0,106.0
2017-07-27,0.0136,0.0184,0.0232,0.0293,96.0,109.0
2017-07-28,0.0134,0.0183,0.023,0.0289,96.0,106.0
2017-07-31,0.0134,0.0184,0.023,0.0289,96.0,105.0
2017-08-01,0.0134,0.018,0.0226,0.0286,92.0,106.0
2017-08-02,0.0136,0.0182,0.0227,0.0285,91.0,103.0
2017-08-03,0.0134,0.0179,0.0224,0.0281,90.0,102.0
2017-08-04,0.0136,0.0182,0.0227,0.0284,91.0,102.0
2017-08-07,0.0136,0.0181,0.0226,0.0284,90.0,103.0
2017-08-08,0.0136,0.0184,0.0229,0.0286,93.0,102.0
2017-08-09,0.0133,0.0181,0.0224,0.0282,91.0,101.0
2017-08-10,0.0133,0.0178,0.022,0.0279,87.0,101.0
2017-08-11,0.013,0.0174,0.0219,0.0279,89.0,105.0
2017-08-14,0.0133,0.0177,0.0222,0.0281,89.0,104.0
2017-08-15,0.0135,0.0183,0.0227,0.0284,92.0,101.0
2017-08-16,0.0133,0.0179,0.0223,0.0281,90.0,102.0
2017-08-17,0.0132,0.0176,0.0219,0.0278,87.0,102.0
2017-08-18,0.0133,0.0177,0.0219,0.0278,86.0,101.0
2017-08-21,0.0132,0.0176,0.0218,0.0277,86.0,101.0
2017-08-22,0.0133,0.018,0.0222,0.0279,89.0,99.0
2017-08-23,0.0132,0.0176,0.0217,0.0275,85.0,99.0
2017-08-24,0.0133,0.0178,0.0219,0.0277,86.0,99.0
2017-08-25,0.0135,0.0177,0.0217,0.0275,82.0,98.0
2017-08-28,0.0133,0.0174,0.0216,0.0276,83.0,102.0
2017-08-29,0.0133,0.017,0.0213,0.0274,80.0,104.0
2017-08-30,0.0133,0.0172,0.0215,0.0275,82.0,103.0
2017-08-31,0.0133,0.017,0.0212,0.0273,79.0,103.0
2017-09-01,0.0135,0.0173,0.0216,0.0277,81.0,104.0
2017-09-05,0.013,0.0165,0.0207,0.0269,77.0,104.0
2017-09-06,0.013,0.0169,0.021,0.0272,80.0,103.0
2017-09-07,0.0127,0.0163,0.0205,0.0266,78.0,103.0
2017-09-08,0.0127,0.0164,0.0206,0.0267,79.0,103.0
2017-09-11,0.0132,0.0171,0.0214,0.0275,82.0,104.0
2017-09-12,0.0133,0.0175,0.0217,0.0278,84.0,103.0
2017-09-13,0.0135,0.0178,0.022,0.0279,85.0,101.0
2017-09-14,0.0137,0.0179,0.022,0.0277,83.0,98.0
2017-09-15,0.0139,0.0181,0.022,0.0277,81.0,96.0
2017-09-18,0.014,0.0183,0.0223,0.028,83.0,97.0
2017-09-19,0.014,0.0184,0.0224,0.0281,84.0,97.0
2017-09-20,0.0145,0.0189,0.0228,0.0282,83.0,93.0
2017-09-21,0.0145,0.0189,0.0227,0.028,82.0,91.0
2017-09-22,0.0146,0.0188,0.0226,0.028,80.0,92.0
2017-09-25,0.0144,0.0185,0.0222,0.0276,78.0,91.0
2017-09-26,0.0145,0.0187,0.0224,0.0278,79.0,91.0
2017-09-27,0.0147,0.0191,0.0231,0.0286,84.0,95.0
2017-09-28,0.0145,0.0189,0.0231,0.0287,86.0,98.0
2017-09-29,0.0147,0.0192,0.0233,0.0286,86.0,94.0
2017-10-02,0.0149,0.0194,0.0234,0.0287,85.0,93.0
2017-10-03,0.0147,0.0192,0.0233,0.0287,86.0,95.0
2017-10-04,0.0147,0.0192,0.0233,0.0287,86.0,95.0
2017-10-05,0.0149,0.0194,0.0235,0.0289,86.0,95.0
2017-10-06,0.0154,0.0197,0.0237,0.0291,83.0,94.0
2017-10-10,0.0151,0.0195,0.0235,0.0288,84.0,93.0
2017-10-11,0.0151,0.0195,0.0235,0.0288,84.0,93.0
2017-10-12,0.0151,0.0195,0.0233,0.0286,82.0,91.0
2017-10-13,0.0151,0.0191,0.0228,0.0281,77.0,90.0
2017-10-16,0.0154,0.0195,0.023,0.0282,76.0,87.0
2017-10-17,0.0154,0.0197,0.023,0.028,76.0,83.0
2017-10-18,0.0159,0.0199,0.0234,0.0285,75.0,86.0
2017-10-19,0.0158,0.0198,0.0233,0.0283,75.0,85.0
2017-10-20,0.016,0.0203,0.0239,0.0289,79.0,86.0
2017-10-23,0.0158,0.0201,0.0238,0.0289,80.0,88.0
2017-10-24,0.016,0.0205,0.0242,0.0292,82.0,87.0
2017-10-25,0.0161,0.0206,0.0244,0.0295,83.0,89.0
2017-10-26,0.0163,0.0207,0.0246,0.0296,83.0,89.0
2017-10-27,0.0159,0.0203,0.0242,0.0293,83.0,90.0
2017-10-30,0.0158,0.02,0.0237,0.0288,79.0,88.0
2017-10-31,0.016,0.0201,0.0238,0.0288,78.0,87.0
2017-11-01,0.0161,0.0201,0.0237,0.0285,76.0,84.0
2017-11-02,0.0161,0.02,0.0235,0.0283,74.0,83.0
2017-11-03,0.0163,0.0199,0.0234,0.0282,71.0,83.0
2017-11-06,0.0161,0.0199,0.0232,0.028,71.0,81.0
2017-11-07,0.0163,0.0199,0.0232,0.0277,69.0,78.0
2017-11-08,0.0165,0.0201,0.0232,0.0279,67.0,78.0
2017-11-09,0.0163,0.0201,0.0233,0.0281,70.0,80.0
2017-11-10,0.0167,0.0206,0.024,0.0288,73.0,82.0
2017-11-13,0.017,0.0208,0.024,0.0287,70.0,79.0
2017-11-14,0.0168,0.0206,0.0238,0.0284,70.0,78.0
2017-11-15,0.0168,0.0204,0.0233,0.0277,65.0,73.0
2017-11-16,0.0172,0.0207,0.0237,0.0281,65.0,74.0
2017-11-17,0.0173,0.0206,0.0235,0.0278,62.0,72.0
2017-11-20,0.0177,0.0209,0.0237,0.0278,60.0,69.0
2017-11-21,0.0177,0.0211,0.0236,0.0276,59.0,65.0
2017-11-22,0.0174,0.0205,0.0232,0.0275,58.0,70.0
2017-11-24,0.0175,0.0207,0.0234,0.0276,59.0,69.0
2017-11-27,0.0174,0.0206,0.0232,0.0276,58.0,70.0
2017-11-28,0.0175,0.0207,0.0234,0.0277,59.0,70.0
2017-11-29,0.0178,0.0209,0.0237,0.0281,59.0,72.0
2017-11-30,0.0178,0.0214,0.0242,0.0283,64.0,69.0
2017-12-01,0.0178,0.0213,0.0237,0.0276,59.0,63.0
2017-12-04,0.018,0.0215,0.0237,0.0277,57.0,62.0
2017-12-05,0.0183,0.0215,0.0236,0.0273,53.0,58.0
2017-12-06,0.0178,0.0211,0.0233,0.0271,55.0,60.0
2017-12-07,0.018,0.0214,0.0237,0.0276,57.0,62.0
2017-12-08,0.018,0.0214,0.0238,0.0277,58.0,63.0
2017-12-11,0.0182,0.0216,0.0239,0.0277,57.0,61.0
2017-12-12,0.0183,0.0218,0.024,0.0279,57.0,61.0
2017-12-13,0.0179,0.0212,0.0236,0.0274,57.0,62.0
2017-12-14,0.0182,0.0214,0.0235,0.0271,53.0,57.0
2017-12-15,0.0184,0.0216,0.0235,0.0268,51.0,52.0
2017-12-18,0.0184,0.0217,0.0239,0.0274,55.0,57.0
2017-12-19,0.0187,0.0223,0.0246,0.0282,59.0,59.0
2017-12-20,0.0187,0.0224,0.0249,0.0288,62.0,64.0
2017-12-21,0.0189,0.0226,0.0248,0.0284,59.0,58.0
2017-12-22,0.0191,0.0226,0.0248,0.0283,57.0,57.0
2017-12-26,0.0192,0.0225,0.0247,0.0282,55.0,57.0
2017-12-27,0.0189,0.0222,0.0242,0.0275,53.0,53.0
2017-12-28,0.0191,0.0223,0.0243,0.0275,52.0,52.0
2017-12-29,0.0189,0.022,0.024,0.0274,51.0,54.0
2018-01-02,0.0192,0.0225,0.0246,0.0281,54.0,56.0
2018-01-03,0.0194,0.0225,0.0244,0.0278,50.0,53.0
2018-01-04,0.0196,0.0227,0.0246,0.0279,50.0,52.0
2018-01-05,0.0196,0.0229,0.0247,0.0281,51.0,52.0
2018-01-08,0.0196,0.0229,0.0249,0.0281,53.0,52.0
2018-01-09,0.0198,0.0233,0.0255,0.0288,57.0,55.0
2018-01-10,0.0198,0.0232,0.0255,0.0288,57.0,56.0
2018-01-11,0.0198,0.0232,0.0254,0.0291,56.0,59.0
2018-01-12,0.0199,0.0235,0.0255,0.0285,56.0,50.0
2018-01-16,0.0203,0.0236,0.0254,0.0283,51.0,47.0
2018-01-17,0.0205,0.0239,0.0257,0.0284,52.0,45.0
2018-01-18,0.0205,0.0243,0.0262,0.029,57.0,47.0
2018-01-19,0.0206,0.0245,0.0264,0.0291,58.0,46.0
2018-01-22,0.0208,0.0246,0.0266,0.0293,58.0,47.0
2018-01-23,0.0206,0.0243,0.0263,0.029,57.0,47.0
2018-01-24,0.0208,0.0243,0.0265,0.0293,57.0,50.0
2018-01-25,0.0208,0.0241,0.0263,0.0289,55.0,48.0
2018-01-26,0.0213,0.0247,0.0266,0.0291,53.0,44.0
2018-01-29,0.0211,0.0249,0.027,0.0294,59.0,45.0
2018-01-30,0.0213,0.0251,0.0273,0.0298,60.0,47.0
2018-01-31,0.0214,0.0252,0.0272,0.0295,58.0,43.0
2018-02-01,0.0216,0.0256,0.0278,0.0301,62.0,45.0
2018-02-02,0.0215,0.0258,0.0284,0.0308,69.0,50.0
2018-02-05,0.0208,0.025,0.0277,0.0304,69.0,54.0
2018-02-06,0.021,0.0252,0.0279,0.0306,69.0,54.0
2018-02-07,0.0215,0.0257,0.0284,0.0312,69.0,55.0
2018-02-08,0.0213,0.0257,0.0285,0.0314,72.0,57.0
2018-02-09,0.0205,0.0252,0.0283,0.0314,78.0,62.0
2018-02-12,0.0209,0.0256,0.0286,0.0314,77.0,58.0
2018-02-13,0.021,0.0254,0.0283,0.0311,73.0,57.0
2018-02-14,0.0217,0.0265,0.0291,0.0318,74.0,53.0
2018-02-15,0.0219,0.0265,0.029,0.0315,71.0,50.0
2018-02-16,0.0221,0.0263,0.0287,0.0313,66.0,50.0
2018-02-20,0.0225,0.0265,0.0288,0.0315,63.0,50.0
2018-02-21,0.0226,0.0269,0.0294,0.0322,68.0,53.0
2018-02-22,0.0225,0.0266,0.0292,0.0321,67.0,55.0
2018-02-23,0.0225,0.0262,0.0288,0.0316,63.0,54.0
2018-02-26,0.0222,0.026,0.0286,0.0315,64.0,55.0
2018-02-27,0.0227,0.0267,0.029,0.0317,63.0,50.0
2018-02-28,0.0225,0.0265,0.0287,0.0313,62.0,48.0
2018-03-01,0.0222,0.0258,0.0281,0.0309,59.0,51.0
2018-03-02,0.0225,0.0263,0.0286,0.0314,61.0,51.0
2018-03-05,0.0224,0.0265,0.0288,0.0316,64.0,51.0
2018-03-06,0.0225,0.0265,0.0288,0.0314,63.0,49.0
2018-03-07,0.0225,0.0265,0.0289,0.0315,64.0,50.0
2018-03-08,0.0225,0.0263,0.0286,0.0313,61.0,50.0
2018-03-09,0.0227,0.0265,0.029,0.0316,63.0,51.0
2018-03-12,0.0227,0.0264,0.0287,0.0313,60.0,49.0
2018-03-13,0.0226,0.0262,0.0284,0.031,58.0,48.0
2018-03-14,0.0226,0.0261,0.0281,0.0305,55.0,44.0
2018-03-15,0.0229,0.0262,0.0282,0.0305,53.0,43.0
2018-03-16,0.0231,0.0265,0.0285,0.0308,54.0,43.0
2018-03-19,0.0231,0.0265,0.0285,0.0309,54.0,44.0
2018-03-20,0.0234,0.0269,0.0289,0.0312,55.0,43.0
2018-03-21,0.0231,0.0269,0.0289,0.0312,58.0,43.0
2018-03-22,0.0229,0.0263,0.0283,0.0306,54.0,43.0
2018-03-23,0.0228,0.0261,0.0282,0.0306,54.0,45.0
2018-03-26,0.0233,0.0264,0.0285,0.0308,52.0,44.0
2018-03-27,0.0226,0.0258,0.0278,0.0303,52.0,45.0
2018-03-28,0.0228,0.0259,0.0277,0.0301,49.0,42.0
2018-03-29,0.0227,0.0256,0.0274,0.0297,47.0,41.0
2018-04-02,0.0225,0.0255,0.0273,0.0297,48.0,42.0
2018-04-03,0.0228,0.026,0.0279,0.0302,51.0,42.0
2018-04-04,0.0228,0.0261,0.0279,0.0303,51.0,42.0
2018-04-05,0.023,0.0264,0.0283,0.0307,53.0,43.0
2018-04-06,0.0227,0.0258,0.0277,0.0301,50.0,43.0
2018-04-09,0.0229,0.026,0.0278,0.0302,49.0,42.0
2018-04-10,0.0232,0.0262,0.028,0.0302,48.0,40.0
2018-04-11,0.0232,0.0262,0.0279,0.0299,47.0,37.0
2018-04-12,0.0234,0.0267,0.0283,0.0305,49.0,38.0
2018-04-13,0.0237,0.0267,0.0282,0.0303,45.0,36.0
2018-04-16,0.0239,0.0269,0.0283,0.0303,44.0,34.0
2018-04-17,0.0241,0.0268,0.0282,0.03,41.0,32.0
2018-04-18,0.0242,0.0273,0.0287,0.0306,45.0,33.0
2018-04-19,0.0244,0.0277,0.0292,0.0311,48.0,34.0
2018-04-20,0.0246,0.028,0.0296,0.0314,50.0,34.0
2018-04-23,0.0249,0.0283,0.0298,0.0315,49.0,32.0
2018-04-24,0.0248,0.0283,0.03,0.0318,52.0,35.0
2018-04-25,0.0249,0.0284,0.0303,0.0321,54.0,37.0
2018-04-26,0.0249,0.0282,0.03,0.0318,51.0,36.0
2018-04-27,0.0249,0.028,0.0296,0.0313,47.0,33.0
2018-04-30,0.0249,0.0279,0.0295,0.0311,46.0,32.0
2018-05-01,0.025,0.0282,0.0297,0.0313,47.0,31.0
2018-05-02,0.0249,0.028,0.0297,0.0314,48.0,34.0
2018-05-03,0.0249,0.0278,0.0294,0.0312,45.0,34.0
2018-05-04,0.0251,0.0278,0.0295,0.0312,44.0,34.0
2018-05-07,0.0249,0.0278,0.0295,0.0312,46.0,34.0
2018-05-08,0.0251,0.0281,0.0297,0.0313,46.0,32.0
2018-05-09,0.0254,0.0284,0.03,0.0316,46.0,32.0
2018-05-10,0.0254,0.0283,0.0297,0.0312,43.0,29.0
2018-05-11,0.0254,0.0284,0.0297,0.031,43.0,26.0
2018-05-14,0.0255,0.0285,0.03,0.0313,45.0,28.0
2018-05-15,0.0258,0.0292,0.0308,0.032,50.0,28.0
2018-05-16,0.0258,0.0294,0.0309,0.0321,51.0,27.0
2018-05-17,0.0257,0.0294,0.0311,0.0325,54.0,31.0
2018-05-18,0.0255,0.029,0.0306,0.032,51.0,30.0
2018-05-21,0.0258,0.029,0.0306,0.032,48.0,30.0
2018-05-22,0.0259,0.029,0.0306,0.0321,47.0,31.0
2018-05-23,0.0253,0.0283,0.0301,0.0317,48.0,34.0
2018-05-24,0.025,0.0282,0.0298,0.0313,48.0,31.0
2018-05-25,0.0248,0.0276,0.0293,0.0309,45.0,33.0
2018-05-29,0.0232,0.0258,0.0277,0.0296,45.0,38.0
2018-05-30,0.0242,0.0267,0.0284,0.0301,42.0,34.0
2018-05-31,0.024,0.0268,0.0283,0.03,43.0,32.0
2018-06-01,0.0247,0.0274,0.0289,0.0304,42.0,30.0
2018-06-04,0.0252,0.0278,0.0294,0.0308,42.0,30.0
2018-06-05,0.0249,0.0276,0.0292,0.0307,43.0,31.0
2018-06-06,0.0252,0.0281,0.0297,0.0313,45.0,32.0
2018-06-07,0.025,0.0277,0.0293,0.0308,43.0,31.0
2018-06-08,0.025,0.0277,0.0293,0.0308,43.0,31.0
2018-06-11,0.0252,0.028,0.0296,0.031,44.0,30.0
2018-06-12,0.0254,0.0281,0.0296,0.0309,42.0,28.0
2018-06-13,0.0259,0.0285,0.0298,0.031,39.0,25.0
2018-06-14,0.0259,0.0281,0.0294,0.0305,35.0,24.0
2018-06-15,0.0255,0.0281,0.0293,0.0305,38.0,24.0
2018-06-18,0.0256,0.028,0.0292,0.0305,36.0,25.0
2018-06-19,0.0254,0.0277,0.0289,0.0302,35.0,25.0
2018-06-20,0.0256,0.028,0.0293,0.0306,37.0,26.0
2018-06-21,0.0256,0.0277,0.029,0.0304,34.0,27.0
2018-06-22,0.0256,0.0277,0.029,0.0304,34.0,27.0
2018-06-25,0.0254,0.0275,0.0287,0.0302,33.0,27.0
2018-06-26,0.0253,0.0275,0.0288,0.0303,35.0,28.0
2018-06-27,0.0252,0.0271,0.0283,0.0297,31.0,26.0
2018-06-28,0.0252,0.0273,0.0284,0.0297,32.0,24.0
2018-06-29,0.0252,0.0273,0.0285,0.0298,33.0,25.0
2018-07-02,0.0257,0.0275,0.0287,0.0299,30.0,24.0
2018-07-03,0.0253,0.0272,0.0283,0.0296,30.0,24.0
2018-07-05,0.0255,0.0274,0.0284,0.0295,29.0,21.0
2018-07-06,0.0253,0.0271,0.0282,0.0294,29.0,23.0
2018-07-09,0.0257,0.0275,0.0286,0.0296,29.0,21.0
2018-07-10,0.0259,0.0277,0.0287,0.0297,28.0,20.0
2018-07-11,0.0258,0.0274,0.0285,0.0295,27.0,21.0
2018-07-12,0.026,0.0275,0.0285,0.0295,25.0,20.0
2018-07-13,0.0259,0.0273,0.0283,0.0294,24.0,21.0
2018-07-16,0.0259,0.0275,0.0285,0.0296,26.0,21.0
2018-07-17,0.0262,0.0276,0.0286,0.0297,24.0,21.0
2018-07-18,0.026,0.0277,0.0288,0.0299,28.0,22.0
2018-07-19,0.026,0.0274,0.0284,0.0296,24.0,22.0
2018-07-20,0.026,0.0277,0.0289,0.0303,29.0,26.0
2018-07-23,0.0264,0.0283,0.0296,0.031,32.0,27.0
2018-07-24,0.0263,0.0283,0.0295,0.0308,32.0,25.0
2018-07-25,0.0266,0.0282,0.0294,0.0306,28.0,24.0
2018-07-26,0.0269,0.0286,0.0298,0.031,29.0,24.0
2018-07-27,0.0267,0.0284,0.0296,0.0309,29.0,25.0
2018-07-30,0.0266,0.0285,0.0298,0.0311,32.0,26.0
2018-07-31,0.0267,0.0285,0.0296,0.0308,29.0,23.0
2018-08-01,0.0267,0.0287,0.03,0.0313,33.0,26.0
2018-08-02,0.0266,0.0285,0.0298,0.0312,32.0,27.0
2018-08-03,0.0263,0.0282,0.0295,0.0309,32.0,27.0
2018-08-06,0.0264,0.028,0.0294,0.0308,30.0,28.0
2018-08-07,0.0268,0.0284,0.0298,0.0312,30.0,28.0
2018-08-08,0.0268,0.0283,0.0296,0.0312,28.0,29.0
2018-08-09,0.0264,0.028,0.0293,0.0308,29.0,28.0
2018-08-10,0.0261,0.0275,0.0287,0.0303,26.0,28.0
2018-08-13,0.0261,0.0275,0.0288,0.0305,27.0,30.0
2018-08-14,0.0263,0.0277,0.0289,0.0306,26.0,29.0
2018-08-15,0.0261,0.0273,0.0286,0.0303,25.0,30.0
2018-08-16,0.0263,0.0275,0.0287,0.0303,24.0,28.0
2018-08-17,0.0261,0.0275,0.0287,0.0303,26.0,28.0
2018-08-20,0.026,0.027,0.0282,0.0299,22.0,29.0
2018-08-21,0.0261,0.0273,0.0285,0.03,24.0,27.0
2018-08-22,0.026,0.027,0.0282,0.0299,22.0,29.0
2018-08-23,0.0261,0.0272,0.0282,0.0297,21.0,25.0
2018-08-24,0.0263,0.0272,0.0282,0.0297,19.0,25.0
2018-08-27,0.0267,0.0274,0.0285,0.03,18.0,26.0
2018-08-28,0.0267,0.0277,0.0288,0.0303,21.0,26.0
2018-08-29,0.0267,0.0278,0.0289,0.0302,22.0,24.0
2018-08-30,0.0264,0.0275,0.0286,0.03,22.0,25.0
2018-08-31,0.0262,0.0274,0.0286,0.0302,24.0,28.0
2018-09-04,0.0266,0.0278,0.029,0.0307,24.0,29.0
2018-09-05,0.0266,0.0277,0.029,0.0308,24.0,31.0
2018-09-06,0.0264,0.0276,0.0288,0.0306,24.0,30.0
2018-09-07,0.0271,0.0282,0.0294,0.0311,23.0,29.0
2018-09-10,0.0273,0.0283,0.0294,0.0309,21.0,26.0
2018-09-11,0.0276,0.0287,0.0298,0.0313,22.0,26.0
2018-09-12,0.0274,0.0287,0.0297,0.0311,23.0,24.0
2018-09-13,0.0276,0.0287,0.0297,0.0311,21.0,24.0
2018-09-14,0.0278,0.029,0.0299,0.0313,21.0,23.0
2018-09-17,0.0278,0.0289,0.0299,0.0313,21.0,24.0
2018-09-18,0.0281,0.0294,0.0305,0.032,24.0,26.0
2018-09-19,0.0281,0.0296,0.0308,0.0323,27.0,27.0
2018-09-20,0.0281,0.0296,0.0307,0.0321,26.0,25.0
2018-09-21,0.0281,0.0295,0.0307,0.032,26.0,25.0
2018-09-24,0.0283,0.0296,0.0308,0.0321,25.0,25.0
2018-09-25,0.0283,0.0299,0.031,0.0323,27.0,24.0
2018-09-26,0.0283,0.0296,0.0306,0.0319,23.0,23.0
2018-09-27,0.0283,0.0296,0.0306,0.0319,23.0,23.0
2018-09-28,0.0281,0.0294,0.0305,0.0319,24.0,25.0
2018-10-01,0.0282,0.0296,0.0309,0.0324,27.0,28.0
2018-10-02,0.0282,0.0294,0.0305,0.032,23.0,26.0
2018-10-03,0.0285,0.0302,0.0315,0.033,30.0,28.0
2018-10-04,0.0287,0.0305,0.0319,0.0335,32.0,30.0
2018-10-05,0.0288,0.0307,0.0323,0.034,35.0,33.0
2018-10-09,0.0288,0.0305,0.0321,0.0337,33.0,32.0
2018-10-10,0.0288,0.0305,0.0322,0.0339,34.0,34.0
2018-10-11,0.0285,0.03,0.0314,0.0332,29.0,32.0
2018-10-12,0.0285,0.03,0.0315,0.0332,30.0,32.0
2018-10-15,0.0285,0.0301,0.0316,0.0334,31.0,33.0
2018-10-16,0.0287,0.0302,0.0316,0.0332,29.0,30.0
2018-10-17,0.0289,0.0304,0.0319,0.0335,30.0,31.0
2018-10-18,0.0287,0.0303,0.0317,0.0336,30.0,33.0
2018-10-19,0.0292,0.0305,0.032,0.0338,28.0,33.0
2018-10-22,0.0292,0.0305,0.032,0.0338,28.0,33.0
2018-10-23,0.0289,0.0301,0.0317,0.0337,28.0,36.0
2018-10-24,0.0284,0.0294,0.031,0.0333,26.0,39.0
2018-10-25,0.0286,0.0298,0.0314,0.0335,28.0,37.0
2018-10-26,0.0281,0.0291,0.0308,0.0332,27.0,41.0
2018-10-29,0.0281,0.0291,0.0308,0.0333,27.0,42.0
2018-10-30,0.0284,0.0294,0.0312,0.0336,28.0,42.0
2018-10-31,0.0287,0.0298,0.0315,0.0339,28.0,41.0
2018-11-01,0.0284,0.0296,0.0314,0.0338,30.0,42.0
2018-11-02,0.0291,0.0304,0.0322,0.0346,31.0,42.0
2018-11-05,0.0291,0.0303,0.032,0.0343,29.0,40.0
2018-11-06,0.0293,0.0305,0.0322,0.0343,29.0,38.0
2018-11-07,0.0296,0.0307,0.0322,0.0343,26.0,36.0
2018-11-08,0.0298,0.0309,0.0324,0.0343,26.0,34.0
2018-11-09,0.0294,0.0305,0.0319,0.034,25.0,35.0
2018-11-13,0.0289,0.0299,0.0314,0.0336,25.0,37.0
2018-11-14,0.0286,0.0295,0.0312,0.0335,26.0,40.0
2018-11-15,0.0286,0.0294,0.0311,0.0336,25.0,42.0
2018-11-16,0.0281,0.029,0.0308,0.0333,27.0,43.0
2018-11-19,0.0279,0.0287,0.0306,0.0332,27.0,45.0
2018-11-20,0.0279,0.0288,0.0306,0.0331,27.0,43.0
2018-11-21,0.0281,0.0289,0.0306,0.0331,25.0,42.0
2018-11-23,0.0281,0.0288,0.0305,0.0331,24.0,43.0
2018-11-26,0.0284,0.029,0.0307,0.0332,23.0,42.0
2018-11-27,0.0283,0.0289,0.0306,0.0332,23.0,43.0
2018-11-28,0.0281,0.0287,0.0306,0.0334,25.0,47.0
2018-11-29,0.0281,0.0285,0.0303,0.0333,22.0,48.0
2018-11-30,0.028,0.0284,0.0301,0.033,21.0,46.0
2018-12-03,0.0283,0.0283,0.0298,0.0327,15.0,44.0
2018-12-04,0.028,0.0279,0.0291,0.0316,11.0,37.0
2018-12-06,0.0275,0.0275,0.0287,0.0314,12.0,39.0
2018-12-07,0.0272,0.027,0.0285,0.0314,13.0,44.0
2018-12-10,0.0272,0.0271,0.0285,0.0313,13.0,42.0
2018-12-11,0.0278,0.0275,0.0289,0.0313,11.0,38.0
2018-12-12,0.0277,0.0277,0.0291,0.0315,14.0,38.0
2018-12-13,0.0275,0.0275,0.0291,0.0316,16.0,41.0
2018-12-14,0.0273,0.0273,0.0289,0.0314,16.0,41.0
2018-12-17,0.027,0.0269,0.0286,0.0311,16.0,42.0
2018-12-18,0.0265,0.0265,0.0282,0.0307,17.0,42.0
2018-12-19,0.0263,0.0262,0.0277,0.03,14.0,38.0
2018-12-20,0.0267,0.0265,0.0279,0.0302,12.0,37.0
2018-12-21,0.0263,0.0264,0.0279,0.0303,16.0,39.0
2018-12-24,0.0255,0.0258,0.0274,0.03,19.0,42.0
2018-12-26,0.0261,0.0267,0.0281,0.0306,20.0,39.0
2018-12-27,0.0256,0.026,0.0277,0.0305,21.0,45.0
2018-12-28,0.0252,0.0256,0.0272,0.0304,20.0,48.0
2018-12-31,0.0248,0.0251,0.0269,0.0302,21.0,51.0
2019-01-02,0.025,0.0249,0.0266,0.0297,16.0,48.0
2019-01-03,0.0239,0.0237,0.0256,0.0292,17.0,55.0
2019-01-04,0.025,0.0249,0.0267,0.0298,17.0,49.0
2019-01-07,0.0253,0.0253,0.027,0.0299,17.0,46.0
2019-01-08,0.0258,0.0258,0.0273,0.03,15.0,42.0
2019-01-09,0.0256,0.0257,0.0274,0.0303,18.0,46.0
2019-01-10,0.0256,0.0256,0.0274,0.0306,18.0,50.0
2019-01-11,0.0255,0.0252,0.0271,0.0304,16.0,52.0
2019-01-14,0.0253,0.0253,0.0271,0.0306,18.0,53.0
2019-01-15,0.0253,0.0253,0.0272,0.0308,19.0,55.0
2019-01-16,0.0255,0.0254,0.0273,0.0307,18.0,53.0
2019-01-17,0.0256,0.0258,0.0275,0.0307,19.0,49.0
2019-01-18,0.0262,0.0262,0.0279,0.0309,17.0,47.0
2019-01-22,0.0258,0.0257,0.0274,0.0306,16.0,49.0
2019-01-23,0.0258,0.0259,0.0276,0.0307,18.0,48.0
2019-01-24,0.0256,0.0255,0.0272,0.0304,16.0,49.0
2019-01-25,0.026,0.0259,0.0276,0.0306,16.0,47.0
2019-01-28,0.026,0.0258,0.0275,0.0306,15.0,48.0
2019-01-29,0.0256,0.0255,0.0272,0.0304,16.0,49.0
2019-01-30,0.0252,0.0249,0.027,0.0306,18.0,57.0
2019-01-31,0.0245,0.0243,0.0263,0.0299,18.0,56.0
2019-02-01,0.0252,0.0251,0.027,0.0303,18.0,52.0
2019-02-04,0.0253,0.0253,0.0273,0.0306,20.0,53.0
2019-02-05,0.0253,0.0251,0.0271,0.0303,18.0,52.0
2019-02-06,0.0252,0.025,0.027,0.0303,18.0,53.0
2019-02-07,0.0248,0.0246,0.0265,0.03,17.0,54.0
2019-02-08,0.0245,0.0244,0.0263,0.0297,18.0,53.0
2019-02-11,0.0248,0.0247,0.0265,0.03,17.0,53.0
2019-02-12,0.025,0.0249,0.0268,0.0302,18.0,53.0
2019-02-13,0.0253,0.0253,0.0271,0.0304,18.0,51.0
2019-02-14,0.025,0.0248,0.0266,0.0301,16.0,53.0
2019-02-15,0.0252,0.0249,0.0266,0.03,14.0,51.0
2019-02-19,0.025,0.0247,0.0265,0.0299,15.0,52.0
2019-02-20,0.025,0.0247,0.0265,0.03,15.0,53.0
2019-02-21,0.0253,0.0251,0.0269,0.0305,16.0,54.0
2019-02-22,0.0248,0.0247,0.0265,0.0302,17.0,55.0
2019-02-25,0.0251,0.0248,0.0267,0.0303,16.0,55.0
2019-02-26,0.0248,0.0245,0.0264,0.0301,16.0,56.0
2019-02-27,0.025,0.0249,0.0269,0.0307,19.0,58.0
2019-02-28,0.0252,0.0252,0.0273,0.0309,21.0,57.0
2019-03-01,0.0255,0.0256,0.0276,0.0313,21.0,57.0
2019-03-04,0.0255,0.0253,0.0272,0.0309,17.0,56.0
2019-03-05,0.0255,0.0253,0.0272,0.0308,17.0,55.0
2019-03-06,0.0252,0.0249,0.0269,0.0306,17.0,57.0
2019-03-07,0.0247,0.0244,0.0264,0.0303,17.0,59.0
2019-03-08,0.0245,0.0242,0.0262,0.03,17.0,58.0
2019-03-11,0.0247,0.0244,0.0264,0.0303,17.0,59.0
2019-03-12,0.0245,0.0241,0.0261,0.03,16.0,59.0
2019-03-13,0.0245,0.0242,0.0261,0.0302,16.0,60.0
2019-03-14,0.0246,0.0243,0.0263,0.0304,17.0,61.0
2019-03-15,0.0243,0.024,0.0259,0.0302,16.0,62.0
2019-03-18,0.0245,0.0242,0.026,0.0301,15.0,59.0
2019-03-19,0.0246,0.0242,0.0261,0.0302,15.0,60.0
2019-03-20,0.024,0.0234,0.0254,0.0298,14.0,64.0
2019-03-21,0.0241,0.0234,0.0254,0.0296,13.0,62.0
2019-03-22,0.0231,0.0224,0.0244,0.0288,13.0,64.0
2019-03-25,0.0226,0.0221,0.0243,0.0287,17.0,66.0
2019-03-26,0.0224,0.0218,0.0241,0.0286,17.0,68.0
2019-03-27,0.0222,0.0218,0.0239,0.0283,17.0,65.0
2019-03-28,0.0223,0.022,0.0239,0.0281,16.0,61.0
2019-03-29,0.0227,0.0223,0.0241,0.0281,14.0,58.0
2019-04-01,0.0233,0.0231,0.0249,0.0289,16.0,58.0
2019-04-02,0.023,0.0228,0.0248,0.0288,18.0,60.0
2019-04-03,0.0233,0.0232,0.0252,0.0293,19.0,61.0
2019-04-04,0.0233,0.0232,0.0251,0.0292,18.0,60.0
2019-04-05,0.0235,0.0231,0.025,0.0291,15.0,60.0
2019-04-08,0.0236,0.0233,0.0252,0.0293,16.0,60.0
2019-04-09,0.0235,0.0231,0.0251,0.0292,16.0,61.0
2019-04-10,0.0231,0.0228,0.0248,0.029,17.0,62.0
2019-04-11,0.0235,0.0231,0.0251,0.0294,16.0,63.0
2019-04-12,0.024,0.0238,0.0256,0.0297,16.0,59.0
2019-04-15,0.024,0.0237,0.0255,0.0296,15.0,59.0
2019-04-16,0.0241,0.0241,0.026,0.0299,19.0,58.0
2019-04-17,0.024,0.024,0.0259,0.0299,19.0,59.0
2019-04-18,0.0238,0.0238,0.0257,0.0296,19.0,58.0
2019-04-22,0.0238,0.0239,0.0259,0.0299,21.0,60.0
2019-04-23,0.0236,0.0236,0.0257,0.0298,21.0,62.0
2019-04-24,0.0232,0.0232,0.0253,0.0294,21.0,62.0
2019-04-25,0.0233,0.0233,0.0254,0.0294,21.0,61.0
2019-04-26,0.0228,0.0229,0.0251,0.0292,23.0,63.0
2019-04-29,0.023,0.0232,0.0254,0.0296,24.0,64.0
2019-04-30,0.0227,0.0228,0.0251,0.0293,24.0,65.0
2019-05-01,0.0231,0.0231,0.0252,0.0292,21.0,61.0
2019-05-02,0.0235,0.0234,0.0255,0.0294,20.0,60.0
2019-05-03,0.0233,0.0233,0.0254,0.0293,21.0,60.0
2019-05-06,0.0231,0.023,0.0251,0.0291,20.0,61.0
2019-05-07,0.0228,0.0225,0.0245,0.0286,17.0,61.0
2019-05-08,0.023,0.0228,0.0249,0.0289,19.0,61.0
2019-05-09,0.0226,0.0225,0.0245,0.0287,19.0,62.0
2019-05-10,0.0226,0.0226,0.0247,0.0289,21.0,63.0
2019-05-13,0.0218,0.0218,0.024,0.0283,22.0,65.0
2019-05-14,0.022,0.022,0.0242,0.0286,22.0,66.0
2019-05-15,0.0216,0.0215,0.0237,0.0282,21.0,67.0
2019-05-16,0.022,0.0218,0.024,0.0284,20.0,66.0
2019-05-17,0.022,0.0217,0.0239,0.0282,19.0,65.0
2019-05-20,0.0221,0.0221,0.0241,0.0283,20.0,62.0
2019-05-21,0.0226,0.0223,0.0243,0.0284,17.0,61.0
2019-05-22,0.0223,0.0219,0.0239,0.0282,16.0,63.0
2019-05-23,0.0212,0.0211,0.0231,0.0275,19.0,64.0
2019-05-24,0.0216,0.0212,0.0232,0.0275,16.0,63.0
2019-05-28,0.0212,0.0206,0.0226,0.027,14.0,64.0
2019-05-29,0.0209,0.0205,0.0225,0.0269,16.0,64.0
2019-05-30,0.0206,0.0203,0.0222,0.0265,16.0,62.0
2019-05-31,0.0195,0.0193,0.0214,0.0258,19.0,65.0
2019-06-03,0.0182,0.0183,0.0207,0.0253,25.0,70.0
2019-06-04,0.0188,0.0189,0.0212,0.026,24.0,71.0
2019-06-05,0.0183,0.0186,0.0212,0.0263,29.0,77.0
2019-06-06,0.0188,0.0188,0.0212,0.0262,24.0,74.0
2019-06-07,0.0185,0.0185,0.0209,0.0257,24.0,72.0
2019-06-10,0.019,0.0191,0.0215,0.0262,25.0,71.0
2019-06-11,0.0193,0.0192,0.0215,0.0262,22.0,70.0
2019-06-12,0.0188,0.0188,0.0213,0.0262,25.0,74.0
2019-06-13,0.0183,0.0184,0.021,0.0261,27.0,77.0
2019-06-14,0.0184,0.0185,0.0209,0.0259,25.0,74.0
2019-06-17,0.0186,0.0185,0.0209,0.0258,23.0,73.0
2019-06-18,0.0186,0.0183,0.0206,0.0255,20.0,72.0
2019-06-19,0.0174,0.0177,0.0203,0.0254,29.0,77.0
2019-06-20,0.0172,0.0174,0.0201,0.0253,29.0,79.0
2019-06-21,0.0177,0.018,0.0207,0.0259,30.0,79.0
2019-06-24,0.0172,0.0175,0.0202,0.0255,30.0,80.0
2019-06-25,0.0171,0.0173,0.02,0.0253,29.0,80.0
2019-06-26,0.0177,0.018,0.0205,0.0257,28.0,77.0
2019-06-27,0.0174,0.0176,0.0201,0.0252,27.0,76.0
2019-06-28,0.0175,0.0176,0.02,0.0252,25.0,76.0
2019-07-01,0.0178,0.0179,0.0203,0.0255,25.0,76.0
2019-07-02,0.0177,0.0175,0.0198,0.0251,21.0,76.0
2019-07-03,0.0177,0.0174,0.0196,0.0247,19.0,73.0
2019-07-05,0.0187,0.0184,0.0204,0.0254,17.0,70.0
2019-07-08,0.0188,0.0186,0.0205,0.0253,17.0,67.0
2019-07-09,0.0192,0.0188,0.0207,0.0254,15.0,66.0
2019-07-10,0.0182,0.0182,0.0207,0.0257,25.0,75.0
2019-07-11,0.0185,0.0188,0.0213,0.0265,28.0,77.0
2019-07-12,0.0184,0.0186,0.0212,0.0264,28.0,78.0
2019-07-15,0.0183,0.0184,0.0209,0.0261,26.0,77.0
2019-07-16,0.0187,0.0188,0.0213,0.0263,26.0,75.0
2019-07-17,0.0183,0.0183,0.0206,0.0257,23.0,74.0
2019-07-18,0.0177,0.0178,0.0204,0.0256,27.0,78.0
2019-07-19,0.018,0.018,0.0205,0.0257,25.0,77.0
2019-07-22,0.018,0.018,0.0205,0.0258,25.0,78.0
2019-07-23,0.0183,0.0183,0.0208,0.0261,25.0,78.0
2019-07-24,0.0183,0.0182,0.0205,0.0258,22.0,76.0
2019-07-25,0.0186,0.0185,0.0208,0.026,22.0,75.0
2019-07-26,0.0186,0.0185,0.0208,0.0259,22.0,74.0
2019-07-29,0.0185,0.0184,0.0206,0.0259,21.0,75.0
2019-07-30,0.0185,0.0184,0.0206,0.0258,21.0,74.0
2019-07-31,0.0189,0.0184,0.0202,0.0253,13.0,69.0
2019-08-01,0.0173,0.0168,0.019,0.0244,17.0,76.0
2019-08-02,0.0172,0.0166,0.0186,0.0239,14.0,73.0
2019-08-05,0.0159,0.0155,0.0175,0.023,16.0,75.0
2019-08-06,0.016,0.0153,0.0173,0.0225,13.0,72.0
2019-08-07,0.0159,0.0152,0.0171,0.0222,12.0,70.0
2019-08-08,0.0162,0.0154,0.0172,0.0225,10.0,71.0
2019-08-09,0.0163,0.0157,0.0174,0.0226,11.0,69.0
2019-08-12,0.0158,0.0149,0.0165,0.0214,7.0,65.0
2019-08-13,0.0166,0.0157,0.0168,0.0215,2.0,58.0
2019-08-14,0.0158,0.0151,0.0159,0.0203,1.0,52.0
2019-08-15,0.0148,0.0142,0.0152,0.0198,4.0,56.0
2019-08-16,0.0148,0.0142,0.0155,0.0201,7.0,59.0
2019-08-19,0.0153,0.0147,0.016,0.0208,7.0,61.0
2019-08-20,0.015,0.0142,0.0155,0.0204,5.0,62.0
2019-08-21,0.0156,0.0147,0.0159,0.0207,3.0,60.0
2019-08-22,0.0161,0.015,0.0162,0.0211,1.0,61.0
2019-08-23,0.0151,0.014,0.0152,0.0202,1.0,62.0
2019-08-26,0.0154,0.0143,0.0154,0.0204,0.0,61.0
2019-08-27,0.0153,0.014,0.0149,0.0197,-4.0,57.0
2019-08-28,0.015,0.0137,0.0147,0.0194,-3.0,57.0
2019-08-29,0.0153,0.014,0.015,0.0197,-3.0,57.0
2019-08-30,0.015,0.0139,0.015,0.0196,0.0,57.0
2019-09-03,0.0147,0.0135,0.0147,0.0195,0.0,60.0
2019-09-04,0.0143,0.0132,0.0147,0.0197,4.0,65.0
2019-09-05,0.0155,0.0143,0.0157,0.0206,2.0,63.0
2019-09-06,0.0153,0.0142,0.0155,0.0202,2.0,60.0
2019-09-09,0.0158,0.0149,0.0163,0.0211,5.0,62.0
2019-09-10,0.0167,0.0158,0.0172,0.0219,5.0,61.0
2019-09-11,0.0168,0.016,0.0175,0.0222,7.0,62.0
2019-09-12,0.0172,0.0165,0.0179,0.0222,7.0,57.0
2019-09-13,0.0179,0.0175,0.019,0.0237,11.0,62.0
2019-09-16,0.0174,0.0169,0.0184,0.0231,10.0,62.0
2019-09-17,0.0172,0.0166,0.0181,0.0227,9.0,61.0
2019-09-18,0.0177,0.0168,0.018,0.0225,3.0,57.0
2019-09-19,0.0174,0.0166,0.0179,0.0222,5.0,56.0
2019-09-20,0.0169,0.0161,0.0174,0.0217,5.0,56.0
2019-09-23,0.0168,0.0159,0.0172,0.0216,4.0,57.0
2019-09-24,0.016,0.0152,0.0164,0.0209,4.0,57.0
2019-09-25,0.0168,0.016,0.0173,0.0218,5.0,58.0
2019-09-26,0.0166,0.0159,0.017,0.0215,4.0,56.0
2019-09-27,0.0163,0.0156,0.0169,0.0213,6.0,57.0
2019-09-30,0.0163,0.0155,0.0168,0.0212,5.0,57.0
2019-10-01,0.0156,0.0151,0.0165,0.0211,9.0,60.0
2019-10-02,0.0148,0.0143,0.016,0.0209,12.0,66.0
2019-10-03,0.0139,0.0134,0.0154,0.0204,15.0,70.0
2019-10-04,0.014,0.0134,0.0152,0.0201,12.0,67.0
2019-10-07,0.0146,0.0138,0.0156,0.0205,10.0,67.0
2019-10-08,0.0142,0.0136,0.0154,0.0204,12.0,68.0
2019-10-09,0.0147,0.014,0.0159,0.0208,12.0,68.0
2019-10-10,0.0153,0.0148,0.0167,0.0216,14.0,68.0
2019-10-11,0.0163,0.0159,0.0176,0.0222,13.0,63.0
2019-10-15,0.0161,0.0159,0.0177,0.0223,16.0,64.0
2019-10-16,0.0158,0.0157,0.0175,0.0223,17.0,66.0
2019-10-17,0.016,0.0157,0.0176,0.0224,16.0,67.0
2019-10-18,0.0158,0.0156,0.0176,0.0225,18.0,69.0
2019-10-21,0.0162,0.0161,0.018,0.0228,18.0,67.0
2019-10-22,0.016,0.016,0.0178,0.0226,18.0,66.0
2019-10-23,0.0158,0.0158,0.0177,0.0225,19.0,67.0
2019-10-24,0.0158,0.0158,0.0177,0.0226,19.0,68.0
2019-10-25,0.0163,0.0162,0.018,0.0229,17.0,67.0
2019-10-28,0.0164,0.0166,0.0185,0.0234,21.0,68.0
2019-10-29,0.0164,0.0166,0.0184,0.0233,20.0,67.0
2019-10-30,0.0161,0.0161,0.0178,0.0226,17.0,65.0
2019-10-31,0.0152,0.0151,0.0169,0.0217,17.0,66.0
2019-11-01,0.0156,0.0155,0.0173,0.0221,17.0,66.0
2019-11-04,0.016,0.016,0.0179,0.0227,19.0,67.0
2019-11-05,0.0163,0.0166,0.0186,0.0234,23.0,68.0
2019-11-06,0.0161,0.0163,0.0181,0.023,20.0,67.0
2019-11-07,0.0168,0.0174,0.0192,0.024,24.0,66.0
2019-11-08,0.0168,0.0174,0.0194,0.0243,26.0,69.0
2019-11-12,0.0166,0.0173,0.0192,0.0239,26.0,66.0
2019-11-13,0.0163,0.0169,0.0188,0.0236,25.0,67.0
2019-11-14,0.0158,0.0163,0.0182,0.0231,24.0,68.0
2019-11-15,0.0161,0.0165,0.0184,0.0231,23.0,66.0
2019-11-18,0.016,0.0163,0.0181,0.023,21.0,67.0
2019-11-19,0.016,0.0163,0.0179,0.0226,19.0,63.0
2019-11-20,0.0156,0.0158,0.0173,0.022,17.0,62.0
2019-11-21,0.016,0.0162,0.0177,0.0224,17.0,62.0
2019-11-22,0.0161,0.0162,0.0177,0.0222,16.0,60.0
2019-11-25,0.0161,0.0162,0.0176,0.0221,15.0,59.0
2019-11-26,0.0158,0.0158,0.0174,0.0218,16.0,60.0
2019-11-27,0.0163,0.0163,0.0177,0.0219,14.0,56.0
2019-11-29,0.0161,0.0162,0.0178,0.0221,17.0,59.0
2019-12-02,0.0161,0.0165,0.0183,0.0228,22.0,63.0
2019-12-03,0.0153,0.0154,0.0172,0.0217,19.0,63.0
2019-12-04,0.0158,0.016,0.0177,0.0222,19.0,62.0
2019-12-05,0.0158,0.0162,0.018,0.0224,22.0,62.0
2019-12-06,0.0161,0.0167,0.0184,0.0229,23.0,62.0
2019-12-09,0.0163,0.0167,0.0183,0.0227,20.0,60.0
2019-12-10,0.0165,0.0168,0.0185,0.0226,20.0,58.0
2019-12-11,0.0161,0.0164,0.0179,0.0223,18.0,59.0
2019-12-12,0.0166,0.0173,0.019,0.0232,24.0,59.0
2019-12-13,0.0161,0.0166,0.0182,0.0226,21.0,60.0
2019-12-16,0.0165,0.0172,0.0189,0.023,24.0,58.0
2019-12-17,0.0163,0.0171,0.0189,0.0231,26.0,60.0
2019-12-18,0.0163,0.0174,0.0192,0.0235,29.0,61.0
2019-12-19,0.0162,0.0173,0.0192,0.0235,30.0,62.0
2019-12-20,0.0163,0.0173,0.0192,0.0234,29.0,61.0
2019-12-23,0.0164,0.0175,0.0193,0.0235,29.0,60.0
2019-12-24,0.0162,0.0172,0.019,0.0233,28.0,61.0
2019-12-26,0.0164,0.0172,0.019,0.0233,26.0,61.0
2019-12-27,0.0159,0.0168,0.0188,0.0232,29.0,64.0
2019-12-30,0.0158,0.0168,0.019,0.0234,32.0,66.0
2019-12-31,0.0158,0.0169,0.0192,0.0239,34.0,70.0
2020-01-02,0.0158,0.0167,0.0188,0.0233,30.0,66.0
2020-01-03,0.0153,0.0159,0.018,0.0226,27.0,67.0
2020-01-06,0.0154,0.0161,0.0181,0.0228,27.0,67.0
2020-01-07,0.0154,0.0162,0.0183,0.0231,29.0,69.0
2020-01-08,0.0158,0.0167,0.0187,0.0235,29.0,68.0
2020-01-09,0.0158,0.0165,0.0185,0.0238,27.0,73.0
2020-01-10,0.0156,0.0163,0.0183,0.0228,27.0,65.0
2020-01-13,0.0158,0.0165,0.0185,0.023,27.0,65.0
2020-01-14,0.0158,0.0163,0.0182,0.0227,24.0,64.0
2020-01-15,0.0156,0.016,0.0179,0.0223,23.0,63.0
2020-01-16,0.0158,0.0163,0.0181,0.0226,23.0,63.0
2020-01-17,0.0158,0.0163,0.0184,0.0229,26.0,66.0
2020-01-21,0.0153,0.0157,0.0178,0.0223,25.0,66.0
2020-01-22,0.0153,0.0157,0.0177,0.0222,24.0,65.0
2020-01-23,0.0151,0.0155,0.0174,0.0218,23.0,63.0
2020-01-24,0.0149,0.0151,0.017,0.0214,21.0,63.0
2020-01-27,0.0144,0.0144,0.0161,0.0205,17.0,61.0
2020-01-28,0.0145,0.0147,0.0165,0.021,20.0,63.0
2020-01-29,0.0142,0.0141,0.016,0.0205,18.0,64.0
2020-01-30,0.0141,0.0139,0.0157,0.0204,16.0,65.0
2020-01-31,0.0133,0.0132,0.0151,0.0199,18.0,67.0
2020-02-03,0.0136,0.0135,0.0154,0.0201,18.0,66.0
2020-02-04,0.0141,0.0142,0.0161,0.0208,20.0,66.0
2020-02-05,0.0144,0.0146,0.0166,0.0214,22.0,68.0
2020-02-06,0.0144,0.0145,0.0165,0.0211,21.0,66.0
2020-02-07,0.0141,0.0141,0.0159,0.0205,18.0,64.0
2020-02-10,0.0137,0.0138,0.0156,0.0203,19.0,65.0
2020-02-11,0.0141,0.014,0.0159,0.0205,18.0,65.0
2020-02-12,0.0144,0.0145,0.0162,0.0209,18.0,64.0
2020-02-13,0.0144,0.0143,0.0161,0.0207,17.0,64.0
2020-02-14,0.0142,0.0142,0.0159,0.0204,17.0,62.0
2020-02-18,0.0141,0.0139,0.0155,0.02,14.0,61.0
2020-02-19,0.0142,0.0141,0.0156,0.0201,14.0,60.0
2020-02-20,0.0139,0.0137,0.0152,0.0197,13.0,60.0
2020-02-21,0.0134,0.013,0.0146,0.019,12.0,60.0
2020-02-24,0.0126,0.0121,0.0138,0.0184,12.0,63.0
2020-02-25,0.012,0.0116,0.0133,0.018,13.0,64.0
2020-02-26,0.0116,0.0114,0.0133,0.0181,17.0,67.0
2020-02-27,0.0111,0.0111,0.013,0.0179,19.0,68.0
2020-02-28,0.0086,0.0089,0.0113,0.0165,27.0,76.0
2020-03-02,0.0084,0.0088,0.011,0.0166,26.0,78.0
2020-03-03,0.0071,0.0077,0.0102,0.0164,31.0,87.0
2020-03-04,0.0067,0.0075,0.0102,0.0167,35.0,92.0
2020-03-05,0.0059,0.0067,0.0092,0.0156,33.0,89.0
2020-03-06,0.0049,0.0058,0.0074,0.0125,25.0,67.0
2020-03-09,0.0038,0.0046,0.0054,0.0099,16.0,53.0
2020-03-10,0.005,0.0063,0.0076,0.0128,26.0,65.0
2020-03-11,0.005,0.0066,0.0082,0.013,32.0,64.0
2020-03-12,0.005,0.0066,0.0088,0.0149,38.0,83.0
2020-03-13,0.0049,0.007,0.0094,0.0156,45.0,86.0
2020-03-16,0.0036,0.0049,0.0073,0.0134,37.0,85.0
2020-03-17,0.0047,0.0066,0.0102,0.0163,55.0,97.0
2020-03-18,0.0054,0.0079,0.0118,0.0177,64.0,98.0
2020-03-19,0.0044,0.0066,0.0112,0.0178,68.0,112.0
2020-03-20,0.0037,0.0052,0.0092,0.0155,55.0,103.0
2020-03-23,0.0028,0.0038,0.0076,0.0133,48.0,95.0
2020-03-24,0.0038,0.0052,0.0084,0.0139,46.0,87.0
2020-03-25,0.0034,0.0056,0.0088,0.0145,54.0,89.0
2020-03-26,0.003,0.0051,0.0083,0.0142,53.0,91.0
2020-03-27,0.0025,0.0041,0.0072,0.0129,47.0,88.0
2020-03-30,0.0023,0.0039,0.007,0.0131,47.0,92.0
2020-03-31,0.0023,0.0037,0.007,0.0135,47.0,98.0
2020-04-01,0.0023,0.0037,0.0062,0.0127,39.0,90.0
2020-04-02,0.0023,0.0039,0.0063,0.0126,40.0,87.0
2020-04-03,0.0023,0.0039,0.0062,0.0124,39.0,85.0
2020-04-06,0.0027,0.0044,0.0067,0.0127,40.0,83.0
2020-04-07,0.0028,0.0048,0.0075,0.0132,47.0,84.0
2020-04-08,0.0027,0.0047,0.0077,0.0137,50.0,90.0
2020-04-09,0.0023,0.0041,0.0073,0.0135,50.0,94.0
2020-04-13,0.0025,0.0044,0.0076,0.0139,51.0,95.0
2020-04-14,0.0023,0.0042,0.0076,0.0141,53.0,99.0
2020-04-15,0.002,0.0034,0.0063,0.0127,43.0,93.0
2020-04-16,0.002,0.0035,0.0061,0.0121,41.0,86.0
2020-04-17,0.002,0.0036,0.0065,0.0127,45.0,91.0
2020-04-20,0.002,0.0035,0.0063,0.0123,43.0,88.0
2020-04-21,0.002,0.0034,0.0058,0.0117,38.0,83.0
2020-04-22,0.0022,0.0037,0.0063,0.0122,41.0,85.0
2020-04-23,0.0022,0.0037,0.0061,0.0118,39.0,81.0
2020-04-24,0.0022,0.0036,0.006,0.0117,38.0,81.0
2020-04-27,0.0024,0.0041,0.0067,0.0125,43.0,84.0
2020-04-28,0.002,0.0037,0.0062,0.012,42.0,83.0
2020-04-29,0.002,0.0036,0.0063,0.0124,43.0,88.0
2020-04-30,0.002,0.0036,0.0064,0.0128,44.0,92.0
2020-05-01,0.002,0.0036,0.0064,0.0127,44.0,91.0
2020-05-04,0.0019,0.0036,0.0064,0.0129,45.0,93.0
2020-05-05,0.0019,0.0036,0.0066,0.0132,47.0,96.0
2020-05-06,0.0017,0.0037,0.0072,0.0141,55.0,104.0
2020-05-07,0.0013,0.0029,0.0063,0.0131,50.0,102.0
2020-05-08,0.0016,0.0033,0.0069,0.0139,53.0,106.0
2020-05-11,0.0017,0.0036,0.0073,0.0143,56.0,107.0
2020-05-12,0.0017,0.0034,0.0069,0.0138,52.0,104.0
2020-05-13,0.0016,0.0031,0.0064,0.0135,48.0,104.0
2020-05-14,0.0016,0.0031,0.0063,0.013,47.0,99.0
2020-05-15,0.0016,0.0031,0.0064,0.0132,48.0,101.0
2020-05-18,0.0018,0.0038,0.0073,0.0144,55.0,106.0
2020-05-19,0.0017,0.0035,0.007,0.0143,53.0,108.0
2020-05-20,0.0016,0.0034,0.0068,0.014,52.0,106.0
2020-05-21,0.0017,0.0035,0.0068,0.014,51.0,105.0
2020-05-22,0.0017,0.0034,0.0066,0.0137,49.0,103.0
2020-05-26,0.0018,0.0035,0.0069,0.0143,51.0,108.0
2020-05-27,0.0019,0.0034,0.0068,0.0144,49.0,110.0
2020-05-28,0.0017,0.0034,0.007,0.0147,53.0,113.0
2020-05-29,0.0016,0.003,0.0065,0.0141,49.0,111.0
2020-06-01,0.0014,0.0031,0.0066,0.0146,52.0,115.0
2020-06-02,0.0017,0.0032,0.0068,0.0148,51.0,116.0
2020-06-03,0.0019,0.0038,0.0077,0.0156,58.0,118.0
2020-06-04,0.0019,0.004,0.0082,0.0161,63.0,121.0
2020-06-05,0.0022,0.0047,0.0091,0.0168,69.0,121.0
2020-06-08,0.0022,0.0045,0.0088,0.0165,66.0,120.0
2020-06-09,0.002,0.004,0.0084,0.0159,64.0,119.0
2020-06-10,0.0017,0.0033,0.0075,0.0153,58.0,120.0
2020-06-11,0.0019,0.0032,0.0066,0.0141,47.0,109.0
2020-06-12,0.0019,0.0033,0.0071,0.0145,52.0,112.0
2020-06-15,0.0019,0.0033,0.0071,0.0145,52.0,112.0
2020-06-16,0.0021,0.0034,0.0075,0.0154,54.0,120.0
2020-06-17,0.0019,0.0034,0.0074,0.0152,55.0,118.0
2020-06-18,0.0019,0.0034,0.0071,0.0147,52.0,113.0
2020-06-19,0.0019,0.0033,0.007,0.0147,51.0,114.0
2020-06-22,0.0019,0.0034,0.0071,0.0146,52.0,112.0
2020-06-23,0.0018,0.0033,0.0072,0.0149,54.0,116.0
2020-06-24,0.0019,0.0033,0.0069,0.0144,50.0,111.0
2020-06-25,0.0017,0.0032,0.0068,0.0143,51.0,111.0
2020-06-26,0.0017,0.003,0.0064,0.0137,47.0,107.0
2020-06-29,0.0016,0.0028,0.0064,0.0139,48.0,111.0
2020-06-30,0.0016,0.0029,0.0066,0.0141,50.0,112.0
2020-07-01,0.0017,0.0031,0.0069,0.0143,52.0,112.0
2020-07-02,0.0016,0.0029,0.0068,0.0143,52.0,114.0
2020-07-06,0.0016,0.0031,0.0069,0.0145,53.0,114.0
2020-07-07,0.0016,0.0029,0.0065,0.0138,49.0,109.0
2020-07-08,0.0016,0.003,0.0067,0.0139,51.0,109.0
2020-07-09,0.0016,0.0028,0.0062,0.0132,46.0,104.0
2020-07-10,0.0016,0.003,0.0065,0.0133,49.0,103.0
2020-07-13,0.0016,0.003,0.0064,0.0133,48.0,103.0
2020-07-14,0.0014,0.0028,0.0063,0.013,49.0,102.0
2020-07-15,0.0016,0.0028,0.0064,0.0133,48.0,105.0
2020-07-16,0.0016,0.0028,0.0062,0.0131,46.0,103.0
2020-07-17,0.0014,0.0029,0.0064,0.0133,50.0,104.0
2020-07-20,0.0016,0.0029,0.0062,0.0132,46.0,103.0
2020-07-21,0.0014,0.0027,0.0061,0.0131,47.0,104.0
2020-07-22,0.0014,0.0027,0.006,0.0129,46.0,102.0
2020-07-23,0.0016,0.0027,0.0059,0.0124,43.0,97.0
2020-07-24,0.0014,0.0027,0.0059,0.0123,45.0,96.0
2020-07-27,0.0015,0.003,0.0062,0.0125,47.0,95.0
2020-07-28,0.0014,0.0026,0.0059,0.0122,45.0,96.0
2020-07-29,0.0012,0.0025,0.0058,0.0124,46.0,99.0
2020-07-30,0.0011,0.0023,0.0055,0.012,44.0,97.0
2020-07-31,0.0011,0.0021,0.0055,0.012,44.0,99.0
2020-08-03,0.0011,0.0022,0.0056,0.0123,45.0,101.0
2020-08-04,0.0011,0.0019,0.0052,0.0119,41.0,100.0
2020-08-05,0.0011,0.0022,0.0055,0.0122,44.0,100.0
2020-08-06,0.0011,0.0021,0.0055,0.012,44.0,99.0
2020-08-07,0.0013,0.0023,0.0057,0.0123,44.0,100.0
2020-08-10,0.0014,0.0024,0.0059,0.0125,45.0,101.0
2020-08-11,0.0016,0.0027,0.0064,0.0132,48.0,105.0
2020-08-12,0.0016,0.003,0.0069,0.0137,53.0,107.0
2020-08-13,0.0016,0.0032,0.0071,0.0142,55.0,110.0
2020-08-14,0.0014,0.0029,0.0071,0.0145,57.0,116.0
2020-08-17,0.0014,0.0029,0.0069,0.0143,55.0,114.0
2020-08-18,0.0014,0.0027,0.0067,0.014,53.0,113.0
2020-08-19,0.0014,0.0029,0.0068,0.0142,54.0,113.0
2020-08-20,0.0013,0.0026,0.0065,0.0138,52.0,112.0
2020-08-21,0.0016,0.0027,0.0064,0.0135,48.0,108.0
2020-08-24,0.0014,0.0028,0.0065,0.0135,51.0,107.0
2020-08-25,0.0015,0.003,0.0069,0.0139,54.0,109.0
2020-08-26,0.0016,0.0028,0.0069,0.0141,53.0,113.0
2020-08-27,0.0016,0.0031,0.0074,0.015,58.0,119.0
2020-08-28,0.0014,0.0028,0.0074,0.0152,60.0,124.0
2020-08-31,0.0014,0.0028,0.0072,0.0149,58.0,121.0
2020-09-01,0.0013,0.0026,0.0068,0.0143,55.0,117.0
2020-09-02,0.0014,0.0026,0.0066,0.0138,52.0,112.0
2020-09-03,0.0013,0.0024,0.0063,0.0134,50.0,110.0
2020-09-04,0.0014,0.003,0.0072,0.0146,58.0,116.0
2020-09-08,0.0014,0.0028,0.0069,0.0143,55.0,115.0
2020-09-09,0.0014,0.0028,0.0071,0.0145,57.0,117.0
2020-09-10,0.0014,0.0026,0.0068,0.0143,54.0,117.0
2020-09-11,0.0013,0.0026,0.0067,0.0142,54.0,116.0
2020-09-14,0.0014,0.0027,0.0068,0.0142,54.0,115.0
2020-09-15,0.0014,0.0027,0.0068,0.0143,54.0,116.0
2020-09-16,0.0014,0.0028,0.0069,0.0145,55.0,117.0
2020-09-17,0.0013,0.0028,0.0069,0.0143,56.0,115.0
2020-09-18,0.0014,0.0029,0.007,0.0145,56.0,116.0
2020-09-21,0.0014,0.0027,0.0068,0.0143,54.0,116.0
2020-09-22,0.0013,0.0027,0.0068,0.0142,55.0,115.0
2020-09-23,0.0014,0.0028,0.0068,0.0142,54.0,114.0
2020-09-24,0.0014,0.0027,0.0067,0.014,53.0,113.0
2020-09-25,0.0012,0.0026,0.0066,0.014,54.0,114.0
2020-09-28,0.0014,0.0026,0.0067,0.0142,53.0,116.0
2020-09-29,0.0011,0.0024,0.0066,0.0141,55.0,117.0
2020-09-30,0.0013,0.0028,0.0069,0.0146,56.0,118.0
2020-10-01,0.0014,0.0027,0.0068,0.0145,54.0,118.0
2020-10-02,0.0013,0.0028,0.007,0.0148,57.0,120.0
2020-10-05,0.0014,0.0033,0.0078,0.0157,64.0,124.0
2020-10-06,0.0014,0.0032,0.0076,0.0156,62.0,124.0
2020-10-07,0.0016,0.0035,0.0081,0.016,65.0,125.0
2020-10-08,0.0013,0.0033,0.0078,0.0157,65.0,124.0
2020-10-09,0.0016,0.0034,0.0079,0.0158,63.0,124.0
2020-10-13,0.0016,0.0031,0.0074,0.0152,58.0,121.0
2020-10-14,0.0014,0.003,0.0073,0.015,59.0,120.0
2020-10-15,0.0014,0.0032,0.0074,0.0152,60.0,120.0
2020-10-16,0.0014,0.0032,0.0076,0.0152,62.0,120.0
2020-10-19,0.0016,0.0034,0.0078,0.0155,62.0,121.0
2020-10-20,0.0014,0.0034,0.0081,0.016,67.0,126.0
2020-10-21,0.0014,0.0036,0.0083,0.0162,69.0,126.0
2020-10-22,0.0016,0.0038,0.0087,0.0167,71.0,129.0
2020-10-23,0.0018,0.0037,0.0085,0.0164,67.0,127.0
2020-10-26,0.0016,0.0035,0.0081,0.0159,65.0,124.0
2020-10-27,0.0016,0.0034,0.0079,0.0157,63.0,123.0
2020-10-28,0.0016,0.0034,0.0079,0.0156,63.0,122.0
2020-10-29,0.0016,0.0038,0.0085,0.0162,69.0,124.0
2020-10-30,0.0014,0.0038,0.0088,0.0165,74.0,127.0
2020-11-02,0.0016,0.0038,0.0087,0.0163,71.0,125.0
2020-11-03,0.0017,0.0039,0.009,0.0166,73.0,127.0
2020-11-04,0.0014,0.0033,0.0078,0.0155,64.0,122.0
2020-11-05,0.0014,0.0033,0.0079,0.0154,65.0,121.0
2020-11-06,0.0016,0.0036,0.0083,0.016,67.0,124.0
2020-11-09,0.0017,0.0044,0.0096,0.0173,79.0,129.0
2020-11-10,0.0019,0.0046,0.0098,0.0175,79.0,129.0
2020-11-12,0.0017,0.004,0.0088,0.0164,71.0,124.0
2020-11-13,0.0017,0.0041,0.0089,0.0165,72.0,124.0
2020-11-16,0.0019,0.0041,0.0091,0.0166,72.0,125.0
2020-11-17,0.0018,0.0039,0.0087,0.0162,69.0,123.0
2020-11-18,0.0016,0.004,0.0088,0.0162,72.0,122.0
2020-11-19,0.0018,0.0039,0.0086,0.0158,68.0,119.0
2020-11-20,0.0016,0.0038,0.0083,0.0153,67.0,115.0
2020-11-23,0.0016,0.0039,0.0086,0.0156,70.0,117.0
2020-11-24,0.0016,0.0039,0.0088,0.016,72.0,121.0
2020-11-25,0.0017,0.0039,0.0088,0.0162,71.0,123.0
2020-11-27,0.0016,0.0037,0.0084,0.0157,68.0,120.0
2020-11-30,0.0016,0.0036,0.0084,0.0158,68.0,122.0
2020-12-01,0.0017,0.0042,0.0092,0.0166,75.0,124.0
2020-12-02,0.0016,0.0042,0.0095,0.017,79.0,128.0
2020-12-03,0.0016,0.004,0.0092,0.0167,76.0,127.0
2020-12-04,0.0016,0.0042,0.0097,0.0173,81.0,131.0
2020-12-07,0.0014,0.004,0.0094,0.0169,80.0,129.0
2020-12-08,0.0014,0.0039,0.0092,0.0167,78.0,128.0
2020-12-09,0.0016,0.0041,0.0095,0.0169,79.0,128.0
2020-12-10,0.0014,0.0039,0.0092,0.0165,78.0,126.0
2020-12-11,0.0011,0.0037,0.009,0.0163,79.0,126.0
2020-12-14,0.0013,0.0037,0.009,0.0163,77.0,126.0
2020-12-15,0.0011,0.0037,0.0092,0.0165,81.0,128.0
2020-12-16,0.0013,0.0037,0.0092,0.0166,79.0,129.0
2020-12-17,0.0013,0.0038,0.0094,0.0168,81.0,130.0
2020-12-18,0.0013,0.0039,0.0095,0.017,82.0,131.0
2020-12-21,0.0013,0.0039,0.0095,0.0168,82.0,129.0
2020-12-22,0.0013,0.0037,0.0093,0.0165,80.0,128.0
2020-12-23,0.0013,0.0038,0.0096,0.017,83.0,132.0
2020-12-24,0.0013,0.0037,0.0094,0.0166,81.0,129.0
2020-12-28,0.0013,0.0038,0.0094,0.0167,81.0,129.0
2020-12-29,0.0012,0.0037,0.0094,0.0167,82.0,130.0
2020-12-30,0.0012,0.0037,0.0093,0.0166,81.0,129.0
2020-12-31,0.0013,0.0036,0.0093,0.0165,80.0,129.0
2021-01-04,0.0011,0.0036,0.0093,0.0166,82.0,130.0
2021-01-05,0.0013,0.0038,0.0096,0.017,83.0,132.0
2021-01-06,0.0014,0.0043,0.0104,0.0181,90.0,138.0
2021-01-07,0.0014,0.0046,0.0108,0.0185,94.0,139.0
2021-01-08,0.0014,0.0049,0.0113,0.0187,99.0,138.0
2021-01-11,0.0014,0.005,0.0115,0.0188,101.0,138.0
2021-01-12,0.0014,0.005,0.0115,0.0188,101.0,138.0
2021-01-13,0.0014,0.0048,0.011,0.0182,96.0,134.0
2021-01-14,0.0016,0.0049,0.0115,0.0188,99.0,139.0
2021-01-15,0.0013,0.0046,0.0111,0.0185,98.0,139.0
2021-01-19,0.0014,0.0045,0.011,0.0184,96.0,139.0
2021-01-20,0.0013,0.0045,0.011,0.0184,97.0,139.0
2021-01-21,0.0013,0.0045,0.0112,0.0187,99.0,142.0
2021-01-22,0.0013,0.0044,0.011,0.0185,97.0,141.0
2021-01-25,0.0013,0.0042,0.0105,0.018,92.0,138.0
2021-01-26,0.0011,0.0042,0.0105,0.018,94.0,138.0
2021-01-27,0.0012,0.0041,0.0104,0.0179,92.0,138.0
2021-01-28,0.0012,0.0042,0.0107,0.0181,95.0,139.0
2021-01-29,0.0011,0.0045,0.0111,0.0187,100.0,142.0
2021-02-01,0.0011,0.0042,0.0109,0.0184,98.0,142.0
2021-02-02,0.0011,0.0045,0.0112,0.0187,101.0,142.0
2021-02-03,0.0011,0.0046,0.0115,0.0192,104.0,146.0
2021-02-04,0.0011,0.0046,0.0115,0.0193,104.0,147.0
2021-02-05,0.0009,0.0047,0.0119,0.0197,110.0,150.0
2021-02-08,0.0011,0.0048,0.0119,0.0196,108.0,148.0
2021-02-09,0.0011,0.0048,0.0118,0.0195,107.0,147.0
2021-02-10,0.0011,0.0046,0.0115,0.0192,104.0,146.0
2021-02-11,0.0011,0.0046,0.0116,0.0194,105.0,148.0
2021-02-12,0.0011,0.005,0.012,0.0201,109.0,151.0
2021-02-16,0.0013,0.0057,0.013,0.0208,117.0,151.0
2021-02-17,0.0011,0.0057,0.0129,0.0206,118.0,149.0
2021-02-18,0.0011,0.0056,0.0129,0.0208,118.0,152.0
2021-02-19,0.0011,0.0059,0.0134,0.0214,123.0,155.0
2021-02-22,0.0011,0.0061,0.0137,0.0219,126.0,158.0
2021-02-23,0.0011,0.0059,0.0137,0.0221,126.0,162.0
2021-02-24,0.0012,0.0062,0.0138,0.0224,126.0,162.0
2021-02-25,0.0017,0.0081,0.0154,0.0233,137.0,152.0
2021-02-26,0.0014,0.0075,0.0144,0.0217,130.0,142.0
2021-03-01,0.0013,0.0071,0.0145,0.0223,132.0,152.0
2021-03-02,0.0013,0.0067,0.0142,0.0221,129.0,154.0
2021-03-03,0.0014,0.0073,0.0147,0.0225,133.0,152.0
2021-03-04,0.0014,0.0077,0.0154,0.023,140.0,153.0
2021-03-05,0.0014,0.0079,0.0156,0.0228,142.0,149.0
2021-03-08,0.0017,0.0086,0.0159,0.0231,142.0,145.0
2021-03-09,0.0017,0.0083,0.0155,0.0226,138.0,143.0
2021-03-10,0.0016,0.008,0.0153,0.0224,137.0,144.0
2021-03-11,0.0014,0.0078,0.0154,0.0229,140.0,151.0
2021-03-12,0.0014,0.0085,0.0164,0.024,150.0,155.0
2021-03-15,0.0014,0.0084,0.0162,0.0237,148.0,153.0
2021-03-16,0.0015,0.0083,0.0162,0.0238,147.0,155.0
2021-03-17,0.0013,0.008,0.0163,0.0242,150.0,162.0
2021-03-18,0.0016,0.0086,0.0171,0.0245,155.0,159.0
2021-03-19,0.0016,0.009,0.0174,0.0245,158.0,155.0
2021-03-22,0.0015,0.0087,0.0169,0.0238,154.0,151.0
2021-03-23,0.0015,0.0083,0.0163,0.0234,148.0,151.0
2021-03-24,0.0014,0.0083,0.0162,0.0231,148.0,148.0
2021-03-25,0.0014,0.0082,0.0163,0.0234,149.0,152.0
2021-03-26,0.0014,0.0085,0.0167,0.0237,153.0,152.0
2021-03-29,0.0014,0.0089,0.0173,0.0243,159.0,154.0
2021-03-30,0.0016,0.009,0.0173,0.0238,157.0,148.0
2021-03-31,0.0016,0.0092,0.0174,0.0241,158.0,149.0
2021-04-01,0.0017,0.009,0.0169,0.0234,152.0,144.0
2021-04-02,0.0019,0.0097,0.0172,0.0235,153.0,138.0
2021-04-05,0.0017,0.0094,0.0173,0.0236,156.0,142.0
2021-04-06,0.0016,0.0088,0.0167,0.0232,151.0,144.0
2021-04-07,0.0016,0.0087,0.0168,0.0235,152.0,148.0
2021-04-08,0.0014,0.0085,0.0164,0.0232,150.0,147.0
2021-04-09,0.0016,0.0087,0.0167,0.0234,151.0,147.0
2021-04-12,0.0018,0.0089,0.0169,0.0234,151.0,145.0
2021-04-13,0.0016,0.0085,0.0164,0.0232,148.0,147.0
2021-04-14,0.0016,0.0087,0.0164,0.0232,148.0,145.0
2021-04-15,0.0016,0.0081,0.0156,0.0223,140.0,142.0
2021-04-16,0.0016,0.0084,0.0159,0.0226,143.0,142.0
2021-04-19,0.0016,0.0085,0.0161,0.0229,145.0,144.0
2021-04-20,0.0015,0.0081,0.0158,0.0227,143.0,146.0
2021-04-21,0.0015,0.0081,0.0157,0.0226,142.0,145.0
2021-04-22,0.0016,0.0081,0.0157,0.0224,141.0,143.0
2021-04-23,0.0016,0.0083,0.0158,0.0225,142.0,142.0
2021-04-26,0.0018,0.0085,0.0158,0.0224,140.0,139.0
2021-04-27,0.0017,0.0088,0.0163,0.0229,146.0,141.0
2021-04-28,0.0017,0.0086,0.0163,0.0229,146.0,143.0
2021-04-29,0.0016,0.0086,0.0165,0.0231,149.0,145.0
2021-04-30,0.0016,0.0086,0.0165,0.023,149.0,144.0
2021-05-03,0.0016,0.0084,0.0163,0.023,147.0,146.0
2021-05-04,0.0016,0.0082,0.0161,0.0227,145.0,145.0
2021-05-05,0.0016,0.008,0.0159,0.0225,143.0,145.0
2021-05-06,0.0016,0.0081,0.0158,0.0224,142.0,143.0
2021-05-07,0.0014,0.0077,0.016,0.0228,146.0,151.0
2021-05-10,0.0016,0.008,0.0163,0.0232,147.0,152.0
2021-05-11,0.0016,0.008,0.0164,0.0235,148.0,155.0
2021-05-12,0.0016,0.0087,0.0169,0.024,153.0,153.0
2021-05-13,0.0016,0.0084,0.0166,0.0239,150.0,155.0
2021-05-14,0.0016,0.0082,0.0163,0.0235,147.0,153.0
2021-05-17,0.0016,0.0084,0.0164,0.0236,148.0,152.0
2021-05-18,0.0016,0.0083,0.0164,0.0237,148.0,154.0
2021-05-19,0.0016,0.0087,0.0168,0.0238,152.0,151.0
2021-05-20,0.0015,0.0083,0.0163,0.0234,148.0,151.0
2021-05-21,0.0017,0.0084,0.0163,0.0233,146.0,149.0
2021-05-24,0.0015,0.0082,0.0161,0.0231,146.0,149.0
2021-05-25,0.0015,0.0079,0.0156,0.0226,141.0,147.0
2021-05-26,0.0014,0.008,0.0158,0.0227,144.0,147.0
2021-05-27,0.0014,0.0081,0.0161,0.0229,147.0,148.0
2021-05-28,0.0014,0.0079,0.0158,0.0226,144.0,147.0
2021-06-01,0.0016,0.0081,0.0162,0.023,146.0,149.0
2021-06-02,0.0013,0.008,0.0159,0.0228,146.0,148.0
2021-06-03,0.0016,0.0084,0.0163,0.023,147.0,146.0
2021-06-04,0.0014,0.0078,0.0156,0.0224,142.0,146.0
2021-06-07,0.0016,0.0079,0.0157,0.0225,141.0,146.0
2021-06-08,0.0014,0.0077,0.0153,0.0221,139.0,144.0
2021-06-09,0.0016,0.0075,0.015,0.0217,134.0,142.0
2021-06-10,0.0014,0.0073,0.0145,0.0215,131.0,142.0
2021-06-11,0.0016,0.0076,0.0147,0.0215,131.0,139.0
2021-06-14,0.0016,0.008,0.0151,0.0219,135.0,139.0
2021-06-15,0.0016,0.0079,0.0151,0.022,135.0,141.0
2021-06-16,0.0021,0.0089,0.0157,0.022,136.0,131.0
2021-06-17,0.0023,0.009,0.0152,0.0211,129.0,121.0
2021-06-18,0.0026,0.0089,0.0145,0.0201,119.0,112.0
2021-06-21,0.0027,0.009,0.015,0.0211,123.0,121.0
2021-06-22,0.0025,0.0087,0.0148,0.021,123.0,123.0
2021-06-23,0.0026,0.009,0.015,0.0211,124.0,121.0
2021-06-24,0.0026,0.009,0.0149,0.021,123.0,120.0
2021-06-25,0.0028,0.0092,0.0154,0.0216,126.0,124.0
2021-06-28,0.0025,0.009,0.0149,0.021,124.0,120.0
2021-06-29,0.0027,0.0089,0.0149,0.021,122.0,121.0
2021-06-30,0.0025,0.0087,0.0145,0.0206,120.0,119.0
2021-07-01,0.0025,0.0089,0.0148,0.0207,123.0,118.0
2021-07-02,0.0024,0.0086,0.0144,0.0205,120.0,119.0
2021-07-06,0.0022,0.0081,0.0137,0.02,115.0,119.0
2021-07-07,0.0022,0.0079,0.0133,0.0194,111.0,115.0
2021-07-08,0.0019,0.0074,0.013,0.0191,111.0,117.0
2021-07-09,0.0023,0.0079,0.0137,0.0199,114.0,120.0
2021-07-12,0.0023,0.0081,0.0138,0.02,115.0,119.0
2021-07-13,0.0026,0.0085,0.0142,0.0204,116.0,119.0
2021-07-14,0.0023,0.008,0.0137,0.0198,114.0,118.0
2021-07-15,0.0023,0.0078,0.0131,0.0192,108.0,114.0
2021-07-16,0.0025,0.0079,0.0131,0.0193,106.0,114.0
2021-07-19,0.0021,0.007,0.0119,0.0181,98.0,111.0
2021-07-20,0.002,0.0069,0.0123,0.0188,103.0,119.0
2021-07-21,0.0022,0.0074,0.013,0.0194,108.0,120.0
2021-07-22,0.002,0.0071,0.0127,0.019,107.0,119.0
2021-07-23,0.0022,0.0072,0.013,0.0192,108.0,120.0
2021-07-26,0.0022,0.0073,0.0129,0.0193,107.0,120.0
2021-07-27,0.002,0.0071,0.0125,0.0189,105.0,118.0
2021-07-28,0.002,0.0072,0.0126,0.019,106.0,118.0
2021-07-29,0.002,0.0073,0.0128,0.0191,108.0,118.0
2021-07-30,0.0019,0.0069,0.0124,0.0189,105.0,120.0
2021-08-02,0.0017,0.0066,0.012,0.0186,103.0,120.0
2021-08-03,0.0017,0.0065,0.0119,0.0185,102.0,120.0
2021-08-04,0.0017,0.0067,0.0119,0.0183,102.0,116.0
2021-08-05,0.0021,0.0072,0.0123,0.0186,102.0,114.0
2021-08-06,0.0021,0.0077,0.0131,0.0194,110.0,117.0
2021-08-09,0.0023,0.0079,0.0133,0.0196,110.0,117.0
2021-08-10,0.0024,0.0082,0.0136,0.0199,112.0,117.0
2021-08-11,0.0023,0.0081,0.0135,0.0199,112.0,118.0
2021-08-12,0.0023,0.0083,0.0136,0.0203,113.0,120.0
2021-08-13,0.0023,0.0079,0.0129,0.0194,106.0,115.0
2021-08-16,0.0021,0.0075,0.0126,0.0192,105.0,117.0
2021-08-17,0.0023,0.0077,0.0126,0.0192,103.0,115.0
2021-08-18,0.0023,0.0079,0.0127,0.0191,104.0,112.0
2021-08-19,0.0022,0.0078,0.0124,0.0188,102.0,110.0
2021-08-20,0.0023,0.008,0.0126,0.0187,103.0,107.0
2021-08-23,0.0023,0.0078,0.0125,0.0187,102.0,109.0
2021-08-24,0.0024,0.008,0.0129,0.0191,105.0,111.0
2021-08-25,0.0023,0.0084,0.0135,0.0196,112.0,112.0
2021-08-26,0.0025,0.0084,0.0134,0.0194,109.0,110.0
2021-08-27,0.0022,0.0079,0.0131,0.0191,109.0,112.0
2021-08-30,0.002,0.0077,0.0129,0.019,109.0,113.0
2021-08-31,0.002,0.0077,0.013,0.0192,110.0,115.0
2021-09-01,0.002,0.0078,0.0131,0.0192,111.0,114.0
2021-09-02,0.002,0.0078,0.0129,0.019,109.0,112.0
2021-09-03,0.0021,0.0078,0.0133,0.0194,112.0,116.0
2021-09-07,0.0022,0.0082,0.0138,0.0199,116.0,117.0
2021-09-08,0.0022,0.0081,0.0135,0.0195,113.0,114.0
2021-09-09,0.0023,0.0079,0.013,0.019,107.0,111.0
2021-09-10,0.0023,0.0082,0.0135,0.0194,112.0,112.0
2021-09-13,0.0021,0.0081,0.0133,0.0191,112.0,110.0
2021-09-14,0.0021,0.0079,0.0128,0.0185,107.0,106.0
2021-09-15,0.0021,0.0081,0.0131,0.0187,110.0,106.0
2021-09-16,0.0023,0.0084,0.0134,0.0188,111.0,104.0
2021-09-17,0.0023,0.0088,0.0137,0.0191,114.0,103.0
2021-09-20,0.0023,0.0083,0.0131,0.0185,108.0,102.0
2021-09-21,0.0022,0.0084,0.0133,0.0186,111.0,102.0
2021-09-22,0.0025,0.0086,0.0132,0.0184,107.0,98.0
2021-09-23,0.0027,0.0094,0.0141,0.0192,114.0,98.0
2021-09-24,0.0029,0.0097,0.0147,0.0199,118.0,102.0
2021-09-27,0.0031,0.0098,0.0148,0.0199,117.0,101.0
2021-09-28,0.0031,0.0102,0.0154,0.0207,123.0,105.0
2021-09-29,0.003,0.0101,0.0155,0.0209,125.0,108.0
2021-09-30,0.0028,0.0098,0.0152,0.0208,124.0,110.0
2021-10-01,0.0027,0.0093,0.0148,0.0204,121.0,111.0
2021-10-04,0.0027,0.0095,0.0149,0.0205,122.0,110.0
2021-10-05,0.0028,0.0098,0.0154,0.021,126.0,112.0
2021-10-06,0.003,0.0099,0.0153,0.0208,123.0,109.0
2021-10-07,0.0032,0.0102,0.0158,0.0213,126.0,111.0
2021-10-08,0.0032,0.0105,0.0161,0.0216,129.0,111.0
2021-10-12,0.0035,0.0108,0.0159,0.021,124.0,102.0
2021-10-13,0.0037,0.0109,0.0156,0.0205,119.0,96.0
2021-10-14,0.0036,0.0105,0.0152,0.0202,116.0,97.0
2021-10-15,0.0041,0.0113,0.0159,0.0205,118.0,92.0
2021-10-18,0.0044,0.0116,0.0159,0.0201,115.0,85.0
2021-10-19,0.0041,0.0117,0.0165,0.0209,124.0,92.0
2021-10-20,0.004,0.0116,0.0165,0.0212,125.0,96.0
2021-10-21,0.0045,0.0123,0.0168,0.0213,123.0,90.0
2021-10-22,0.0048,0.0122,0.0166,0.0208,118.0,86.0
2021-10-25,0.0047,0.0119,0.0164,0.0209,117.0,90.0
2021-10-26,0.0047,0.012,0.0163,0.0205,116.0,85.0
2021-10-27,0.005,0.0116,0.0154,0.0195,104.0,79.0
2021-10-28,0.005,0.0118,0.0157,0.0196,107.0,78.0
2021-10-29,0.0048,0.0118,0.0155,0.0193,107.0,75.0
2021-11-01,0.005,0.012,0.0158,0.0198,108.0,78.0
2021-11-02,0.0046,0.0115,0.0156,0.0196,110.0,81.0
2021-11-03,0.0047,0.0119,0.016,0.02,113.0,81.0
2021-11-04,0.0041,0.011,0.0153,0.0196,112.0,86.0
2021-11-05,0.0039,0.0104,0.0145,0.0187,106.0,83.0
2021-11-08,0.0045,0.0113,0.0151,0.0189,106.0,76.0
2021-11-09,0.0041,0.0108,0.0146,0.0183,105.0,75.0
2021-11-10,0.0051,0.0123,0.0156,0.0192,105.0,69.0
2021-11-12,0.0053,0.0124,0.0158,0.0195,105.0,71.0
2021-11-15,0.0053,0.0126,0.0163,0.0201,110.0,75.0
2021-11-16,0.0054,0.0127,0.0163,0.0202,109.0,75.0
2021-11-17,0.0052,0.0124,0.016,0.02,108.0,76.0
2021-11-18,0.0052,0.0122,0.0159,0.0197,107.0,75.0
2021-11-19,0.0052,0.0122,0.0154,0.0191,102.0,69.0
2021-11-22,0.0063,0.0133,0.0163,0.0198,100.0,65.0
2021-11-23,0.006,0.0133,0.0167,0.0202,107.0,69.0
2021-11-24,0.0064,0.0134,0.0164,0.0196,100.0,62.0
2021-11-26,0.005,0.0116,0.0148,0.0183,98.0,67.0
2021-11-29,0.0051,0.0118,0.0152,0.0187,101.0,69.0
2021-11-30,0.0052,0.0114,0.0143,0.0178,91.0,64.0
2021-12-01,0.0056,0.0115,0.0143,0.0177,87.0,62.0
2021-12-02,0.0063,0.0121,0.0144,0.0176,81.0,55.0
2021-12-03,0.006,0.0113,0.0135,0.0169,75.0,56.0
2021-12-06,0.0065,0.0121,0.0143,0.0175,78.0,54.0
2021-12-07,0.007,0.0126,0.0148,0.018,78.0,54.0
2021-12-08,0.0068,0.0127,0.0152,0.0187,84.0,60.0
2021-12-09,0.007,0.0126,0.0149,0.0187,79.0,61.0
2021-12-10,0.0067,0.0125,0.0148,0.0188,81.0,63.0
2021-12-13,0.0066,0.0121,0.0142,0.0181,76.0,60.0
2021-12-14,0.0067,0.0123,0.0144,0.0182,77.0,59.0
2021-12-15,0.0069,0.0126,0.0147,0.0186,78.0,60.0
2021-12-16,0.0064,0.0119,0.0144,0.0187,80.0,68.0
2021-12-17,0.0066,0.0118,0.0141,0.0182,75.0,64.0
2021-12-20,0.0065,0.0117,0.0143,0.0185,78.0,68.0
2021-12-21,0.007,0.0124,0.0148,0.0189,78.0,65.0
2021-12-22,0.0068,0.0123,0.0146,0.0186,78.0,63.0
2021-12-23,0.0071,0.0125,0.015,0.0191,79.0,66.0
2021-12-27,0.0076,0.0126,0.0148,0.0188,72.0,62.0
2021-12-28,0.0074,0.0127,0.0149,0.019,75.0,63.0
2021-12-29,0.0075,0.0129,0.0155,0.0196,80.0,67.0
2021-12-30,0.0073,0.0127,0.0152,0.0193,79.0,66.0
2021-12-31,0.0073,0.0126,0.0152,0.019,79.0,64.0
2022-01-03,0.0078,0.0137,0.0163,0.0201,85.0,64.0
2022-01-04,0.0077,0.0137,0.0166,0.0207,89.0,70.0
2022-01-05,0.0083,0.0143,0.0171,0.0209,88.0,66.0
2022-01-06,0.0088,0.0147,0.0173,0.0209,85.0,62.0
2022-01-07,0.0087,0.015,0.0176,0.0211,89.0,61.0
2022-01-10,0.0092,0.0153,0.0178,0.0211,86.0,58.0
2022-01-11,0.009,0.0151,0.0175,0.0208,85.0,57.0
2022-01-12,0.0092,0.015,0.0174,0.0208,82.0,58.0
2022-01-13,0.0091,0.0147,0.017,0.0205,79.0,58.0
2022-01-14,0.0099,0.0155,0.0178,0.0212,79.0,57.0
2022-01-18,0.0106,0.0165,0.0187,0.0218,81.0,53.0
2022-01-19,0.0104,0.0162,0.0183,0.0214,79.0,52.0
2022-01-20,0.0108,0.0162,0.0183,0.0214,75.0,52.0
2022-01-21,0.0101,0.0154,0.0175,0.0207,74.0,53.0
2022-01-24,0.0099,0.0153,0.0175,0.021,76.0,57.0
2022-01-25,0.0102,0.0156,0.0178,0.0212,76.0,56.0
2022-01-26,0.0113,0.0166,0.0185,0.0216,72.0,50.0
2022-01-27,0.0118,0.0166,0.0181,0.0209,63.0,43.0
2022-01-28,0.0115,0.0161,0.0178,0.0207,63.0,46.0
2022-01-31,0.0118,0.0162,0.0179,0.0211,61.0,49.0
2022-02-01,0.0118,0.0163,0.0181,0.0212,63.0,49.0
2022-02-02,0.0116,0.016,0.0178,0.0211,62.0,51.0
2022-02-03,0.0119,0.0166,0.0182,0.0214,63.0,48.0
2022-02-04,0.0131,0.0178,0.0193,0.0223,62.0,45.0
2022-02-07,0.013,0.0176,0.0192,0.0222,62.0,46.0
2022-02-08,0.0135,0.0181,0.0196,0.0225,61.0,44.0
2022-02-09,0.0136,0.0182,0.0194,0.0225,58.0,43.0
2022-02-10,0.0161,0.0196,0.0203,0.023,42.0,34.0
2022-02-11,0.015,0.0184,0.0192,0.0224,42.0,40.0
2022-02-14,0.0158,0.019,0.0198,0.0229,40.0,39.0
2022-02-15,0.0158,0.0194,0.0205,0.0237,47.0,43.0
2022-02-16,0.0152,0.019,0.0203,0.0234,51.0,44.0
2022-02-17,0.0149,0.0185,0.0197,0.0231,48.0,46.0
2022-02-18,0.0147,0.0182,0.0192,0.0224,45.0,42.0
2022-02-22,0.0156,0.0185,0.0194,0.0224,38.0,39.0
2022-02-23,0.0158,0.0189,0.0199,0.0229,41.0,40.0
2022-02-24,0.0154,0.0184,0.0196,0.0228,42.0,44.0
2022-02-25,0.0155,0.0186,0.0197,0.0229,42.0,43.0
2022-02-28,0.0144,0.0171,0.0183,0.0217,39.0,46.0
2022-03-01,0.0131,0.0156,0.0172,0.0211,41.0,55.0
2022-03-02,0.015,0.0174,0.0186,0.0224,36.0,50.0
2022-03-03,0.0153,0.0174,0.0186,0.0224,33.0,50.0
2022-03-04,0.015,0.0165,0.0174,0.0216,24.0,51.0
2022-03-07,0.0155,0.0171,0.0178,0.0219,23.0,48.0
2022-03-08,0.0163,0.018,0.0186,0.0224,23.0,44.0
2022-03-09,0.0168,0.0187,0.0194,0.0229,26.0,42.0
2022-03-10,0.0172,0.0192,0.0198,0.0238,26.0,46.0
2022-03-11,0.0175,0.0196,0.02,0.0236,25.0,40.0
2022-03-14,0.0187,0.021,0.0214,0.0247,27.0,37.0
2022-03-15,0.0185,0.021,0.0215,0.0249,30.0,39.0
2022-03-16,0.0195,0.0218,0.0219,0.0246,24.0,28.0
2022-03-17,0.0194,0.0217,0.022,0.025,26.0,33.0
2022-03-18,0.0197,0.0214,0.0214,0.0242,17.0,28.0
2022-03-21,0.0214,0.0233,0.0232,0.0255,18.0,22.0
2022-03-22,0.0218,0.0239,0.0238,0.026,20.0,21.0
2022-03-23,0.0213,0.0234,0.0232,0.0252,19.0,18.0
2022-03-24,0.0213,0.0237,0.0234,0.0251,21.0,14.0
2022-03-25,0.023,0.0255,0.0248,0.026,18.0,5.0
2022-03-28,0.0235,0.0254,0.0246,0.0257,11.0,3.0
2022-03-29,0.0235,0.0249,0.0241,0.0253,6.0,4.0
2022-03-30,0.0231,0.0244,0.0235,0.0248,4.0,4.0
2022-03-31,0.0228,0.0242,0.0232,0.0244,4.0,2.0
2022-04-01,0.0244,0.0255,0.0239,0.0244,-5.0,-11.0
2022-04-04,0.0243,0.0256,0.0242,0.0248,-1.0,-8.0
2022-04-05,0.0251,0.0269,0.0254,0.0257,3.0,-12.0
2022-04-06,0.025,0.027,0.0261,0.0263,11.0,-7.0
2022-04-07,0.0247,0.027,0.0266,0.0269,19.0,-1.0
2022-04-08,0.0253,0.0276,0.0272,0.0276,19.0,0.0
2022-04-11,0.025,0.0279,0.0279,0.0284,29.0,5.0
2022-04-12,0.0239,0.0266,0.0272,0.0282,33.0,16.0
2022-04-13,0.0237,0.0266,0.027,0.0281,33.0,15.0
2022-04-14,0.0247,0.0279,0.0283,0.0292,36.0,13.0
2022-04-18,0.0246,0.0279,0.0285,0.0295,39.0,16.0
2022-04-19,0.0261,0.0291,0.0293,0.0301,32.0,10.0
2022-04-20,0.026,0.0287,0.0285,0.029,25.0,3.0
2022-04-21,0.0268,0.0296,0.029,0.0294,22.0,-2.0
2022-04-22,0.0272,0.0294,0.029,0.0295,18.0,1.0
2022-04-25,0.0263,0.0284,0.0281,0.0288,18.0,4.0
2022-04-26,0.0254,0.0279,0.0277,0.0286,23.0,7.0
2022-04-27,0.0258,0.0281,0.0282,0.0291,24.0,10.0
2022-04-28,0.0263,0.0286,0.0285,0.0292,22.0,6.0
2022-04-29,0.027,0.0292,0.0289,0.0296,19.0,4.0
2022-05-02,0.0273,0.0301,0.0299,0.0307,26.0,6.0
2022-05-03,0.0278,0.0301,0.0297,0.0303,19.0,2.0
2022-05-04,0.0266,0.0293,0.0293,0.0301,27.0,8.0
2022-05-05,0.0271,0.0301,0.0305,0.0315,34.0,14.0
2022-05-06,0.0272,0.0306,0.0312,0.0323,40.0,17.0
2022-05-09,0.0261,0.0295,0.0305,0.0319,44.0,24.0
2022-05-10,0.0262,0.0291,0.0299,0.0312,37.0,21.0
2022-05-11,0.0266,0.0289,0.0291,0.0305,25.0,16.0
2022-05-12,0.0256,0.0281,0.0284,0.03,28.0,19.0
2022-05-13,0.0261,0.0289,0.0293,0.031,32.0,21.0
2022-05-16,0.0258,0.0283,0.0288,0.0309,30.0,26.0
2022-05-17,0.0271,0.0296,0.0298,0.0317,27.0,21.0
2022-05-18,0.0268,0.0289,0.0289,0.0307,21.0,18.0
2022-05-19,0.0263,0.0284,0.0284,0.0305,21.0,21.0
2022-05-20,0.026,0.028,0.0278,0.0299,18.0,19.0
2022-05-23,0.0265,0.0288,0.0286,0.0308,21.0,20.0
2022-05-24,0.025,0.0276,0.0276,0.0298,26.0,22.0
2022-05-25,0.0248,0.0271,0.0275,0.0297,27.0,26.0
2022-05-26,0.0246,0.027,0.0275,0.0299,29.0,29.0
2022-05-27,0.0247,0.0271,0.0274,0.0297,27.0,26.0
2022-05-31,0.0253,0.0281,0.0285,0.0307,32.0,26.0
2022-06-01,0.0266,0.0294,0.0294,0.0309,28.0,15.0
2022-06-02,0.0265,0.0292,0.0292,0.0309,27.0,17.0
2022-06-03,0.0266,0.0295,0.0296,0.0311,30.0,16.0
2022-06-06,0.0273,0.0303,0.0304,0.0319,31.0,16.0
2022-06-07,0.0275,0.0299,0.0298,0.0313,23.0,14.0
2022-06-08,0.0278,0.0303,0.0303,0.0318,25.0,15.0
2022-06-09,0.0283,0.0307,0.0304,0.0318,21.0,11.0
2022-06-10,0.0306,0.0325,0.0315,0.032,9.0,-5.0
2022-06-13,0.034,0.0356,0.0343,0.0342,3.0,-14.0
2022-06-14,0.0345,0.0361,0.0349,0.0345,4.0,-16.0
2022-06-15,0.032,0.0338,0.0333,0.0339,13.0,1.0
2022-06-16,0.0314,0.0335,0.0328,0.0335,14.0,0.0
2022-06-17,0.0317,0.0334,0.0325,0.033,8.0,-4.0
2022-06-21,0.0321,0.0338,0.0331,0.0339,10.0,1.0
2022-06-22,0.0306,0.0322,0.0316,0.0325,10.0,3.0
2022-06-23,0.0301,0.0314,0.0309,0.0321,8.0,7.0
2022-06-24,0.0304,0.0318,0.0313,0.0326,9.0,8.0
2022-06-27,0.0308,0.0324,0.032,0.0331,12.0,7.0
2022-06-28,0.031,0.0325,0.032,0.033,10.0,5.0
2022-06-29,0.0306,0.0315,0.031,0.0322,4.0,7.0
2022-06-30,0.0292,0.0301,0.0298,0.0314,6.0,13.0
2022-07-01,0.0284,0.0288,0.0288,0.0311,4.0,23.0
2022-07-05,0.0282,0.0282,0.0282,0.0305,0.0,23.0
2022-07-06,0.0297,0.0296,0.0293,0.0314,-4.0,18.0
2022-07-07,0.0303,0.0305,0.0301,0.032,-2.0,15.0
2022-07-08,0.0312,0.0313,0.0309,0.0327,-3.0,14.0
2022-07-11,0.0307,0.0305,0.0299,0.0318,-8.0,13.0
2022-07-12,0.0303,0.0301,0.0296,0.0313,-7.0,12.0
2022-07-13,0.0313,0.0302,0.0291,0.0308,-22.0,6.0
2022-07-14,0.0315,0.0306,0.0296,0.0311,-19.0,5.0
2022-07-15,0.0313,0.0305,0.0293,0.031,-20.0,5.0
2022-07-18,0.0315,0.0306,0.0296,0.0314,-19.0,8.0
2022-07-19,0.0323,0.0314,0.0301,0.0317,-22.0,3.0
2022-07-20,0.0325,0.0318,0.0304,0.0317,-21.0,-1.0
2022-07-21,0.031,0.03,0.0291,0.0308,-19.0,8.0
2022-07-22,0.0298,0.0287,0.0277,0.03,-21.0,13.0
2022-07-25,0.03,0.0289,0.0281,0.0304,-19.0,15.0
2022-07-26,0.0302,0.0289,0.0281,0.0303,-21.0,14.0
2022-07-27,0.0296,0.0282,0.0278,0.0303,-18.0,21.0
2022-07-28,0.0285,0.0269,0.0268,0.0302,-17.0,33.0
2022-07-29,0.0289,0.027,0.0267,0.03,-22.0,30.0
2022-08-01,0.029,0.0266,0.026,0.0292,-30.0,26.0
2022-08-02,0.0306,0.0285,0.0275,0.03,-31.0,15.0
2022-08-03,0.031,0.0286,0.0273,0.0296,-37.0,10.0
2022-08-04,0.0303,0.0276,0.0268,0.0297,-35.0,21.0
2022-08-05,0.0324,0.0297,0.0283,0.0306,-41.0,9.0
2022-08-08,0.0321,0.0291,0.0277,0.03,-44.0,9.0
2022-08-09,0.0328,0.0297,0.028,0.0301,-48.0,4.0
2022-08-10,0.0323,0.0293,0.0278,0.0304,-45.0,11.0
2022-08-11,0.0323,0.0298,0.0287,0.0315,-36.0,17.0
2022-08-12,0.0325,0.0297,0.0284,0.0312,-41.0,15.0
2022-08-15,0.032,0.0291,0.0279,0.031,-41.0,19.0
2022-08-16,0.0325,0.0295,0.0282,0.0311,-43.0,16.0
2022-08-17,0.0328,0.0304,0.0289,0.0315,-39.0,11.0
2022-08-18,0.0322,0.0302,0.0288,0.0314,-34.0,12.0
2022-08-19,0.0325,0.0311,0.0298,0.0322,-27.0,11.0
2022-08-22,0.0332,0.0317,0.0303,0.0324,-29.0,7.0
2022-08-23,0.0329,0.0318,0.0305,0.0326,-24.0,8.0
2022-08-24,0.0336,0.032,0.0311,0.0332,-25.0,12.0
2022-08-25,0.0335,0.0315,0.0303,0.0325,-32.0,10.0
2022-08-26,0.0337,0.032,0.0304,0.0321,-33.0,1.0
2022-08-29,0.0342,0.0327,0.0312,0.0325,-30.0,-2.0
2022-08-30,0.0346,0.0327,0.0311,0.0323,-35.0,-4.0
2022-08-31,0.0345,0.033,0.0315,0.0327,-30.0,-3.0
2022-09-01,0.0351,0.0339,0.0326,0.0337,-25.0,-2.0
2022-09-02,0.034,0.033,0.032,0.0335,-20.0,5.0
2022-09-06,0.035,0.0343,0.0333,0.0349,-17.0,6.0
2022-09-07,0.0345,0.0337,0.0327,0.0342,-18.0,5.0
2022-09-08,0.0348,0.0339,0.0329,0.0345,-19.0,6.0
2022-09-09,0.0356,0.0345,0.0333,0.0347,-23.0,2.0
2022-09-12,0.0358,0.0347,0.0337,0.0353,-21.0,6.0
2022-09-13,0.0375,0.0358,0.0342,0.0351,-33.0,-7.0
2022-09-14,0.0378,0.036,0.0341,0.0347,-37.0,-13.0
2022-09-15,0.0387,0.0366,0.0345,0.0348,-42.0,-18.0
2022-09-16,0.0385,0.0362,0.0345,0.0352,-40.0,-10.0
2022-09-19,0.0395,0.0369,0.0349,0.0352,-46.0,-17.0
2022-09-20,0.0396,0.0375,0.0357,0.0359,-39.0,-16.0
2022-09-21,0.0402,0.0374,0.0351,0.035,-51.0,-24.0
2022-09-22,0.0411,0.0391,0.037,0.0365,-41.0,-26.0
2022-09-23,0.042,0.0396,0.0369,0.0361,-51.0,-35.0
2022-09-26,0.0427,0.0415,0.0388,0.0372,-39.0,-43.0
2022-09-27,0.043,0.0421,0.0397,0.0387,-33.0,-34.0
2022-09-28,0.0407,0.0392,0.0372,0.037,-35.0,-22.0
2022-09-29,0.0416,0.0398,0.0376,0.0371,-40.0,-27.0
2022-09-30,0.0422,0.0406,0.0383,0.0379,-39.0,-27.0
2022-10-03,0.0412,0.039,0.0367,0.0373,-45.0,-17.0
2022-10-04,0.041,0.0384,0.0362,0.037,-48.0,-14.0
2022-10-05,0.0415,0.0396,0.0376,0.0378,-39.0,-18.0
2022-10-06,0.0423,0.0405,0.0383,0.0381,-40.0,-24.0
2022-10-07,0.043,0.0414,0.0389,0.0386,-41.0,-28.0
2022-10-11,0.043,0.0414,0.0393,0.0392,-37.0,-22.0
2022-10-12,0.0428,0.0412,0.0391,0.039,-37.0,-22.0
2022-10-13,0.0447,0.0421,0.0397,0.0397,-50.0,-24.0
2022-10-14,0.0448,0.0425,0.04,0.0399,-48.0,-26.0
2022-10-17,0.0445,0.0424,0.0402,0.0404,-43.0,-20.0
2022-10-18,0.0443,0.0421,0.0401,0.0404,-42.0,-17.0
2022-10-19,0.0455,0.0435,0.0414,0.0415,-41.0,-20.0
2022-10-20,0.0462,0.0445,0.0424,0.0424,-38.0,-21.0
2022-10-21,0.0449,0.0434,0.0421,0.0433,-28.0,-1.0
2022-10-24,0.045,0.0436,0.0425,0.044,-25.0,4.0
2022-10-25,0.0442,0.0425,0.041,0.0426,-32.0,1.0
2022-10-26,0.0439,0.042,0.0404,0.0419,-35.0,-1.0
2022-10-27,0.043,0.0409,0.0396,0.0412,-34.0,3.0
2022-10-28,0.0441,0.0419,0.0402,0.0415,-39.0,-4.0
2022-10-31,0.0451,0.0427,0.041,0.0422,-41.0,-5.0
2022-11-01,0.0454,0.0427,0.0407,0.0414,-47.0,-13.0
2022-11-02,0.0461,0.043,0.041,0.0415,-51.0,-15.0
2022-11-03,0.0471,0.0436,0.0414,0.0418,-57.0,-18.0
2022-11-04,0.0466,0.0433,0.0417,0.0427,-49.0,-6.0
2022-11-07,0.0472,0.0439,0.0422,0.0434,-50.0,-5.0
2022-11-08,0.0467,0.0431,0.0414,0.0428,-53.0,-3.0
2022-11-09,0.0461,0.0427,0.0412,0.0431,-49.0,4.0
2022-11-10,0.0434,0.0395,0.0382,0.0403,-52.0,8.0
2022-11-14,0.044,0.04,0.0388,0.0407,-52.0,7.0
2022-11-15,0.0437,0.0393,0.038,0.0398,-57.0,5.0
2022-11-16,0.0435,0.0383,0.0367,0.0385,-68.0,2.0
2022-11-17,0.0443,0.0393,0.0377,0.0389,-66.0,-4.0
2022-11-18,0.0451,0.0399,0.0382,0.0392,-69.0,-7.0
2022-11-21,0.0448,0.0397,0.0383,0.0391,-65.0,-6.0
2022-11-22,0.0447,0.0393,0.0376,0.0383,-71.0,-10.0
2022-11-23,0.0446,0.0388,0.0371,0.0374,-75.0,-14.0
2022-11-25,0.0442,0.0385,0.0368,0.0374,-74.0,-11.0
2022-11-28,0.0446,0.0388,0.0369,0.0374,-77.0,-14.0
2022-11-29,0.0448,0.0392,0.0375,0.0381,-73.0,-11.0
2022-11-30,0.0438,0.0382,0.0368,0.038,-70.0,-2.0
2022-12-01,0.0425,0.0368,0.0353,0.0364,-72.0,-4.0
2022-12-02,0.0428,0.0367,0.0351,0.0356,-77.0,-11.0
2022-12-05,0.0441,0.038,0.036,0.0362,-81.0,-18.0
2022-12-06,0.0434,0.0373,0.0351,0.0352,-83.0,-21.0
2022-12-07,0.0426,0.0362,0.0342,0.0342,-84.0,-20.0
2022-12-08,0.0431,0.0371,0.0348,0.0344,-83.0,-27.0
2022-12-09,0.0433,0.0375,0.0357,0.0356,-76.0,-19.0
2022-12-12,0.0439,0.038,0.0361,0.0357,-78.0,-23.0
2022-12-13,0.0422,0.0366,0.0351,0.0353,-71.0,-13.0
2022-12-14,0.0423,0.0364,0.0349,0.0352,-74.0,-12.0
2022-12-15,0.0423,0.0362,0.0344,0.0348,-79.0,-14.0
2022-12-16,0.0417,0.0361,0.0348,0.0353,-69.0,-8.0
2022-12-19,0.0425,0.037,0.0357,0.0362,-68.0,-8.0
2022-12-20,0.0425,0.0379,0.0369,0.0374,-56.0,-5.0
2022-12-21,0.0421,0.0378,0.0368,0.0374,-53.0,-4.0
2022-12-22,0.0424,0.0379,0.0367,0.0373,-57.0,-6.0
2022-12-23,0.0431,0.0386,0.0375,0.0382,-56.0,-4.0
2022-12-27,0.0432,0.0394,0.0384,0.0393,-48.0,-1.0
2022-12-28,0.0431,0.0397,0.0388,0.0398,-43.0,1.0
2022-12-29,0.0434,0.0394,0.0383,0.0392,-51.0,-2.0
2022-12-30,0.0441,0.0399,0.0388,0.0397,-53.0,-2.0
2023-01-03,0.044,0.0394,0.0379,0.0388,-61.0,-6.0
2023-01-04,0.0436,0.0385,0.0369,0.0381,-67.0,-4.0
2023-01-05,0.0445,0.039,0.0371,0.0378,-74.0,-12.0
2023-01-06,0.0424,0.0369,0.0355,0.0367,-69.0,-2.0
2023-01-09,0.0419,0.0366,0.0353,0.0366,-66.0,0.0
2023-01-10,0.0424,0.0372,0.0361,0.0374,-63.0,2.0
2023-01-11,0.042,0.0366,0.0354,0.0367,-66.0,1.0
2023-01-12,0.0412,0.0353,0.0343,0.0356,-69.0,3.0
2023-01-13,0.0422,0.036,0.0349,0.0361,-73.0,1.0
2023-01-17,0.0418,0.036,0.0353,0.0364,-65.0,4.0
2023-01-18,0.0406,0.0343,0.0337,0.0354,-69.0,11.0
2023-01-19,0.0409,0.0348,0.0339,0.0357,-70.0,9.0
2023-01-20,0.0414,0.0356,0.0348,0.0366,-66.0,10.0
2023-01-23,0.0421,0.0361,0.0352,0.0369,-69.0,8.0
2023-01-24,0.0412,0.0358,0.0346,0.0362,-66.0,4.0
2023-01-25,0.0411,0.0354,0.0346,0.0362,-65.0,8.0
2023-01-26,0.0417,0.0358,0.0349,0.0362,-68.0,4.0
2023-01-27,0.0419,0.0362,0.0352,0.0364,-67.0,2.0
2023-01-30,0.0425,0.0368,0.0355,0.0366,-70.0,-2.0
2023-01-31,0.0421,0.0363,0.0352,0.0365,-69.0,2.0
2023-02-01,0.0409,0.0348,0.0339,0.0355,-70.0,7.0
2023-02-02,0.0409,0.0349,0.034,0.0355,-69.0,6.0
2023-02-03,0.043,0.0367,0.0353,0.0363,-77.0,-4.0
2023-02-06,0.0444,0.0381,0.0363,0.0367,-81.0,-14.0
2023-02-07,0.0447,0.0385,0.0367,0.0372,-80.0,-13.0
2023-02-08,0.0445,0.0382,0.0363,0.037,-82.0,-12.0
2023-02-09,0.0448,0.0387,0.0367,0.0375,-81.0,-12.0
2023-02-10,0.045,0.0393,0.0374,0.0383,-76.0,-10.0
2023-02-13,0.0452,0.0393,0.0372,0.0379,-80.0,-14.0
2023-02-14,0.046,0.04,0.0377,0.0381,-83.0,-19.0
2023-02-15,0.0462,0.0404,0.0381,0.0385,-81.0,-19.0
2023-02-16,0.0462,0.0406,0.0386,0.0392,-76.0,-14.0
2023-02-17,0.046,0.0403,0.0382,0.0388,-78.0,-15.0
2023-02-21,0.0467,0.0416,0.0395,0.0398,-72.0,-18.0
2023-02-22,0.0466,0.0413,0.0393,0.0394,-73.0,-19.0
2023-02-23,0.0466,0.0409,0.0388,0.0388,-78.0,-21.0
2023-02-24,0.0478,0.0419,0.0395,0.0393,-83.0,-26.0
2023-02-27,0.0478,0.0417,0.0392,0.0393,-86.0,-24.0
2023-02-28,0.0481,0.0418,0.0392,0.0393,-89.0,-25.0
2023-03-01,0.0489,0.0427,0.0401,0.0397,-88.0,-30.0
2023-03-02,0.0489,0.0432,0.0408,0.0403,-81.0,-29.0
2023-03-03,0.0486,0.0426,0.0397,0.039,-89.0,-36.0
2023-03-06,0.0489,0.0427,0.0398,0.0392,-91.0,-35.0
2023-03-07,0.05,0.0431,0.0397,0.0388,-103.0,-43.0
2023-03-08,0.0505,0.0434,0.0398,0.0388,-107.0,-46.0
2023-03-09,0.049,0.0422,0.0393,0.0388,-97.0,-34.0
2023-03-10,0.046,0.0396,0.037,0.037,-90.0,-26.0
2023-03-13,0.0403,0.0368,0.0355,0.037,-48.0,2.0
2023-03-14,0.042,0.0378,0.0364,0.0377,-56.0,-1.0
2023-03-15,0.0393,0.0359,0.0351,0.037,-42.0,11.0
2023-03-16,0.0414,0.0372,0.0356,0.0371,-58.0,-1.0
2023-03-17,0.0381,0.0344,0.0339,0.036,-42.0,16.0
2023-03-20,0.0392,0.0356,0.0347,0.0365,-45.0,9.0
2023-03-21,0.0417,0.0373,0.0359,0.0373,-58.0,0.0
2023-03-22,0.0396,0.0354,0.0348,0.0368,-48.0,14.0
2023-03-23,0.0376,0.0339,0.0338,0.0366,-38.0,27.0
2023-03-24,0.0376,0.0341,0.0338,0.0364,-38.0,23.0
2023-03-27,0.0394,0.0359,0.0353,0.0377,-41.0,18.0
2023-03-28,0.0402,0.0363,0.0355,0.0377,-47.0,14.0
2023-03-29,0.0408,0.0367,0.0357,0.0378,-51.0,11.0
2023-03-30,0.041,0.0366,0.0355,0.0374,-55.0,8.0
2023-03-31,0.0406,0.036,0.0348,0.0367,-58.0,7.0
2023-04-03,0.0397,0.0352,0.0343,0.0364,-54.0,12.0
2023-04-04,0.0384,0.0339,0.0335,0.036,-49.0,21.0
2023-04-05,0.0379,0.0336,0.033,0.0356,-49.0,20.0
2023-04-06,0.0382,0.0337,0.033,0.0354,-52.0,17.0
2023-04-07,0.0397,0.0349,0.0339,0.0361,-58.0,12.0
2023-04-10,0.04,0.0352,0.0341,0.0362,-59.0,10.0
2023-04-11,0.0403,0.0354,0.0343,0.0362,-60.0,8.0
2023-04-12,0.0395,0.0346,0.0341,0.0364,-54.0,18.0
2023-04-13,0.0396,0.0351,0.0345,0.0369,-51.0,18.0
2023-04-14,0.0408,0.036,0.0352,0.0374,-56.0,14.0
2023-04-17,0.0418,0.0369,0.036,0.0381,-58.0,12.0
2023-04-18,0.0419,0.0369,0.0358,0.0379,-61.0,10.0
2023-04-19,0.0424,0.0371,0.036,0.0379,-64.0,8.0
2023-04-20,0.0414,0.0363,0.0354,0.0375,-60.0,12.0
2023-04-21,0.0417,0.0366,0.0357,0.0378,-60.0,12.0
2023-04-24,0.0412,0.036,0.0352,0.0373,-60.0,13.0
2023-04-25,0.0386,0.0343,0.034,0.0365,-46.0,22.0
2023-04-26,0.039,0.0346,0.0343,0.037,-47.0,24.0
2023-04-27,0.0407,0.036,0.0353,0.0376,-54.0,16.0
2023-04-28,0.0404,0.0351,0.0344,0.0367,-60.0,16.0
2023-05-01,0.0414,0.0364,0.0359,0.0384,-55.0,20.0
2023-05-02,0.0397,0.0346,0.0344,0.0372,-53.0,26.0
2023-05-03,0.0389,0.0337,0.0338,0.037,-51.0,33.0
2023-05-04,0.0375,0.0329,0.0337,0.0373,-38.0,44.0
2023-05-05,0.0392,0.0341,0.0344,0.0376,-48.0,35.0
2023-05-08,0.04,0.0349,0.0352,0.0384,-48.0,35.0
2023-05-09,0.0401,0.0351,0.0353,0.0385,-48.0,34.0
2023-05-10,0.039,0.0337,0.0343,0.038,-47.0,43.0
2023-05-11,0.0389,0.0336,0.0339,0.0373,-50.0,37.0
2023-05-12,0.0398,0.0345,0.0346,0.0378,-52.0,33.0
2023-05-15,0.0399,0.0346,0.035,0.0384,-49.0,38.0
2023-05-16,0.0406,0.0352,0.0354,0.0387,-52.0,35.0
2023-05-17,0.0412,0.0358,0.0357,0.0388,-55.0,30.0
2023-05-18,0.0424,0.0369,0.0365,0.0391,-59.0,22.0
2023-05-19,0.0428,0.0376,0.037,0.0395,-58.0,19.0
2023-05-22,0.0429,0.0377,0.0372,0.0397,-57.0,20.0
2023-05-23,0.0426,0.0376,0.037,0.0396,-56.0,20.0
2023-05-24,0.0431,0.0375,0.0373,0.0397,-58.0,22.0
2023-05-25,0.045,0.039,0.0383,0.0401,-67.0,11.0
2023-05-26,0.0454,0.0392,0.038,0.0396,-74.0,4.0
2023-05-30,0.0446,0.0381,0.0369,0.039,-77.0,9.0
2023-05-31,0.044,0.0374,0.0364,0.0385,-76.0,11.0
2023-06-01,0.0433,0.037,0.0361,0.0384,-72.0,14.0
2023-06-02,0.045,0.0384,0.0369,0.0388,-81.0,4.0
2023-06-05,0.0446,0.0382,0.0369,0.0389,-77.0,7.0
2023-06-06,0.0451,0.0385,0.037,0.0387,-81.0,2.0
2023-06-07,0.0456,0.0393,0.0379,0.0395,-77.0,2.0
2023-06-08,0.0452,0.0387,0.0373,0.0389,-79.0,2.0
2023-06-09,0.0459,0.0392,0.0375,0.0389,-84.0,-3.0
2023-06-12,0.0455,0.0389,0.0373,0.0387,-82.0,-2.0
2023-06-13,0.0467,0.0401,0.0384,0.0394,-83.0,-7.0
2023-06-14,0.0474,0.0406,0.0383,0.039,-91.0,-16.0
2023-06-15,0.0462,0.0391,0.0372,0.0385,-90.0,-6.0
2023-06-16,0.047,0.0399,0.0377,0.0386,-93.0,-13.0
2023-06-20,0.0468,0.0396,0.0374,0.0383,-94.0,-13.0
2023-06-21,0.0468,0.0395,0.0372,0.0381,-96.0,-14.0
2023-06-22,0.0477,0.0403,0.038,0.0388,-97.0,-15.0
2023-06-23,0.0471,0.0399,0.0374,0.0382,-97.0,-17.0
2023-06-26,0.0465,0.0396,0.0372,0.0383,-93.0,-13.0
2023-06-27,0.0474,0.0402,0.0377,0.0384,-97.0,-18.0
2023-06-28,0.0471,0.0397,0.0371,0.0381,-100.0,-16.0
2023-06-29,0.0487,0.0414,0.0385,0.0392,-102.0,-22.0
2023-06-30,0.0487,0.0413,0.0381,0.0385,-106.0,-28.0
2023-07-03,0.0494,0.0419,0.0386,0.0387,-108.0,-32.0
2023-07-05,0.0494,0.0425,0.0395,0.0395,-99.0,-30.0
2023-07-06,0.0499,0.0437,0.0405,0.0401,-94.0,-36.0
2023-07-07,0.0494,0.0435,0.0406,0.0405,-88.0,-30.0
2023-07-10,0.0485,0.0425,0.0401,0.0405,-84.0,-20.0
2023-07-11,0.0488,0.0424,0.0399,0.0403,-89.0,-21.0
2023-07-12,0.0472,0.0407,0.0386,0.0396,-86.0,-11.0
2023-07-13,0.0459,0.0393,0.0376,0.039,-83.0,-3.0
2023-07-14,0.0474,0.0404,0.0383,0.0393,-91.0,-11.0
2023-07-17,0.0474,0.0402,0.0381,0.0394,-93.0,-8.0
2023-07-18,0.0474,0.04,0.038,0.0391,-94.0,-9.0
2023-07-19,0.0474,0.0398,0.0375,0.0384,-99.0,-14.0
2023-07-20,0.048,0.0408,0.0385,0.0391,-95.0,-17.0
2023-07-21,0.0482,0.0409,0.0384,0.0391,-98.0,-18.0
2023-07-24,0.0481,0.0413,0.0386,0.0392,-95.0,-21.0
2023-07-25,0.0485,0.0415,0.0391,0.0395,-94.0,-20.0
2023-07-26,0.0482,0.0409,0.0386,0.0394,-96.0,-15.0
2023-07-27,0.0491,0.0424,0.0401,0.0406,-90.0,-18.0
2023-07-28,0.0487,0.0418,0.0396,0.0403,-91.0,-15.0
2023-07-31,0.0488,0.0418,0.0397,0.0402,-91.0,-16.0
2023-08-01,0.0492,0.0424,0.0405,0.0411,-87.0,-13.0
2023-08-02,0.0488,0.0424,0.0408,0.0417,-80.0,-7.0
2023-08-03,0.049,0.043,0.042,0.0432,-70.0,2.0
2023-08-04,0.0478,0.0415,0.0405,0.0421,-73.0,6.0
2023-08-07,0.0476,0.0416,0.0409,0.0427,-67.0,11.0
2023-08-08,0.0474,0.041,0.0402,0.042,-72.0,10.0
2023-08-09,0.0479,0.0412,0.04,0.0418,-79.0,6.0
2023-08-10,0.0482,0.0421,0.0409,0.0424,-73.0,3.0
2023-08-11,0.0489,0.0431,0.0416,0.0427,-73.0,-4.0
2023-08-14,0.0496,0.0436,0.0419,0.0429,-77.0,-7.0
2023-08-15,0.0492,0.0436,0.0421,0.0432,-71.0,-4.0
2023-08-16,0.0497,0.0442,0.0428,0.0438,-69.0,-4.0
2023-08-17,0.0494,0.0442,0.043,0.0441,-64.0,-1.0
2023-08-18,0.0492,0.0438,0.0426,0.0438,-66.0,0.0
2023-08-21,0.0497,0.0446,0.0434,0.0445,-63.0,-1.0
2023-08-22,0.0502,0.0449,0.0434,0.0442,-68.0,-7.0
2023-08-23,0.0495,0.0436,0.0419,0.0427,-76.0,-9.0
2023-08-24,0.0498,0.0439,0.0423,0.043,-75.0,-9.0
2023-08-25,0.0503,0.0444,0.0425,0.043,-78.0,-14.0
2023-08-28,0.0498,0.0438,0.042,0.0429,-78.0,-9.0
2023-08-29,0.0487,0.0426,0.0412,0.0423,-75.0,-3.0
2023-08-30,0.049,0.0427,0.0412,0.0423,-78.0,-4.0
2023-08-31,0.0485,0.0423,0.0409,0.042,-76.0,-3.0
2023-09-01,0.0487,0.0429,0.0418,0.0429,-69.0,0.0
2023-09-05,0.0494,0.0437,0.0427,0.0438,-67.0,1.0
2023-09-06,0.0501,0.0444,0.043,0.0437,-71.0,-7.0
2023-09-07,0.0494,0.0438,0.0427,0.0436,-67.0,-2.0
2023-09-08,0.0498,0.0439,0.0426,0.0433,-72.0,-6.0
2023-09-11,0.0497,0.044,0.0429,0.0437,-68.0,-3.0
2023-09-12,0.0498,0.0441,0.0427,0.0435,-71.0,-6.0
2023-09-13,0.0496,0.0439,0.0425,0.0434,-71.0,-5.0
2023-09-14,0.05,0.0442,0.0429,0.0439,-71.0,-3.0
2023-09-15,0.0502,0.0445,0.0433,0.0442,-69.0,-3.0
2023-09-18,0.0505,0.0446,0.0432,0.044,-73.0,-6.0
2023-09-19,0.0508,0.0451,0.0437,0.0443,-71.0,-8.0
2023-09-20,0.0512,0.0452,0.0435,0.044,-77.0,-12.0
2023-09-21,0.0512,0.0461,0.0449,0.0456,-63.0,-5.0
2023-09-22,0.051,0.0457,0.0444,0.0453,-66.0,-4.0
2023-09-25,0.0509,0.0462,0.0455,0.0467,-54.0,5.0
2023-09-26,0.0504,0.0462,0.0456,0.047,-48.0,8.0
2023-09-27,0.051,0.0467,0.0461,0.0473,-49.0,6.0
2023-09-28,0.0504,0.0462,0.0459,0.0471,-45.0,9.0
2023-09-29,0.0503,0.046,0.0459,0.0473,-44.0,13.0
2023-10-02,0.0512,0.0472,0.0469,0.0481,-43.0,9.0
2023-10-03,0.0515,0.048,0.0481,0.0495,-34.0,15.0
2023-10-04,0.0505,0.0472,0.0473,0.0487,-32.0,15.0
2023-10-05,0.0503,0.0468,0.0472,0.0489,-31.0,21.0
2023-10-06,0.0508,0.0475,0.0478,0.0495,-30.0,20.0
2023-10-10,0.0496,0.0462,0.0466,0.0485,-30.0,23.0
2023-10-11,0.0499,0.0459,0.0458,0.0473,-41.0,14.0
2023-10-12,0.0506,0.0469,0.047,0.0486,-36.0,17.0
2023-10-13,0.0504,0.0465,0.0463,0.0478,-41.0,13.0
2023-10-16,0.0509,0.0472,0.0471,0.0487,-38.0,15.0
2023-10-17,0.0519,0.0486,0.0483,0.0494,-36.0,8.0
2023-10-18,0.0519,0.0492,0.0491,0.05,-28.0,8.0
2023-10-19,0.0514,0.0495,0.0498,0.0511,-16.0,16.0
2023-10-20,0.0507,0.0486,0.0493,0.0509,-14.0,23.0
2023-10-23,0.0505,0.0481,0.0486,0.0501,-19.0,20.0
2023-10-24,0.0502,0.0482,0.0483,0.0496,-19.0,14.0
2023-10-25,0.0508,0.0489,0.0495,0.0509,-13.0,20.0
2023-10-26,0.0502,0.0479,0.0486,0.0501,-16.0,22.0
2023-10-27,0.0499,0.0476,0.0484,0.0503,-15.0,27.0
2023-10-30,0.0503,0.048,0.0488,0.0504,-15.0,24.0
2023-10-31,0.0507,0.0482,0.0488,0.0504,-19.0,22.0
2023-11-01,0.0495,0.0467,0.0477,0.0496,-18.0,29.0
2023-11-02,0.0498,0.0465,0.0467,0.0482,-31.0,17.0
2023-11-03,0.0483,0.0449,0.0457,0.0477,-26.0,28.0
2023-11-06,0.0493,0.046,0.0467,0.0484,-26.0,24.0
2023-11-07,0.0491,0.0453,0.0458,0.0475,-33.0,22.0
2023-11-08,0.0493,0.0451,0.0449,0.0464,-44.0,13.0
2023-11-09,0.0503,0.0465,0.0462,0.0477,-41.0,12.0
2023-11-10,0.0504,0.0465,0.0461,0.0473,-43.0,8.0
2023-11-13,0.0502,0.0466,0.0463,0.0475,-39.0,9.0
2023-11-14,0.048,0.0442,0.0444,0.0461,-36.0,19.0
2023-11-15,0.049,0.0452,0.0453,0.0468,-37.0,16.0
2023-11-16,0.0483,0.0443,0.0445,0.0463,-38.0,20.0
2023-11-17,0.0488,0.0445,0.0444,0.0459,-44.0,14.0
2023-11-20,0.0489,0.0444,0.0442,0.0457,-47.0,13.0
2023-11-21,0.0486,0.0441,0.0441,0.0457,-45.0,16.0
2023-11-22,0.0489,0.0444,0.0442,0.0455,-47.0,11.0
2023-11-24,0.0492,0.0449,0.0447,0.046,-45.0,11.0
2023-11-27,0.0484,0.0438,0.0439,0.0453,-45.0,15.0
2023-11-28,0.0473,0.0429,0.0434,0.0452,-39.0,23.0
2023-11-29,0.0464,0.0422,0.0427,0.0444,-37.0,22.0
2023-11-30,0.0473,0.0431,0.0437,0.0454,-36.0,23.0
2023-12-01,0.0456,0.0414,0.0422,0.044,-34.0,26.0
2023-12-04,0.0464,0.0423,0.0428,0.0443,-36.0,20.0
2023-12-05,0.0457,0.0414,0.0418,0.043,-39.0,16.0
2023-12-06,0.046,0.0412,0.0412,0.0422,-48.0,10.0
2023-12-07,0.0458,0.0411,0.0414,0.0425,-44.0,14.0
2023-12-08,0.0471,0.0424,0.0423,0.0431,-48.0,7.0
2023-12-11,0.0471,0.0425,0.0423,0.0432,-48.0,7.0
2023-12-12,0.0473,0.0423,0.042,0.043,-53.0,7.0
2023-12-13,0.0446,0.04,0.0404,0.0419,-42.0,19.0
2023-12-14,0.0437,0.039,0.0392,0.0403,-45.0,13.0
2023-12-15,0.0444,0.0391,0.0391,0.04,-53.0,9.0
2023-12-18,0.0443,0.0394,0.0395,0.0405,-48.0,11.0
2023-12-19,0.0441,0.0394,0.0393,0.0403,-48.0,9.0
2023-12-20,0.0434,0.0386,0.0386,0.0398,-48.0,12.0
2023-12-21,0.0433,0.0387,0.0389,0.0403,-44.0,16.0
2023-12-22,0.0431,0.0387,0.039,0.0405,-41.0,18.0
2023-12-26,0.0426,0.0389,0.0389,0.0404,-37.0,15.0
2023-12-27,0.042,0.0378,0.0379,0.0395,-41.0,17.0
2023-12-28,0.0426,0.0383,0.0384,0.0398,-42.0,15.0
2023-12-29,0.0423,0.0384,0.0388,0.0403,-35.0,19.0
2024-01-02,0.0433,0.0393,0.0395,0.0408,-38.0,15.0
2024-01-03,0.0433,0.039,0.0391,0.0405,-42.0,15.0
2024-01-04,0.0438,0.0397,0.0399,0.0413,-39.0,16.0
2024-01-05,0.044,0.0402,0.0405,0.0421,-35.0,19.0
2024-01-08,0.0436,0.0397,0.0401,0.0417,-35.0,20.0
2024-01-09,0.0436,0.0397,0.0402,0.0418,-34.0,21.0
2024-01-10,0.0437,0.0399,0.0404,0.042,-33.0,21.0
2024-01-11,0.0426,0.039,0.0398,0.0418,-28.0,28.0
2024-01-12,0.0414,0.0384,0.0396,0.042,-18.0,36.0
2024-01-16,0.0422,0.0395,0.0407,0.043,-15.0,35.0
2024-01-17,0.0434,0.0402,0.041,0.0431,-24.0,29.0
2024-01-18,0.0434,0.0404,0.0414,0.0437,-20.0,33.0
2024-01-19,0.0439,0.0408,0.0415,0.0436,-24.0,28.0
2024-01-22,0.0437,0.0403,0.0411,0.0432,-26.0,29.0
2024-01-23,0.0431,0.0406,0.0414,0.0438,-17.0,32.0
2024-01-24,0.0434,0.0406,0.0418,0.0441,-16.0,35.0
2024-01-25,0.0428,0.0401,0.0414,0.0438,-14.0,37.0
2024-01-26,0.0434,0.0404,0.0415,0.0438,-19.0,34.0
2024-01-29,0.0429,0.0397,0.0408,0.0431,-21.0,34.0
2024-01-30,0.0436,0.04,0.0406,0.0428,-30.0,28.0
2024-01-31,0.0427,0.0391,0.0399,0.0422,-28.0,31.0
2024-02-01,0.042,0.038,0.0387,0.041,-33.0,30.0
2024-02-02,0.0436,0.0399,0.0403,0.0422,-33.0,23.0
2024-02-05,0.0446,0.0413,0.0417,0.0435,-29.0,22.0
2024-02-06,0.0439,0.0403,0.0409,0.0429,-30.0,26.0
2024-02-07,0.0441,0.0406,0.0409,0.0431,-32.0,25.0
2024-02-08,0.0446,0.0412,0.0415,0.0436,-31.0,24.0
2024-02-09,0.0448,0.0414,0.0417,0.0437,-31.0,23.0
2024-02-12,0.0446,0.0413,0.0417,0.0437,-29.0,24.0
2024-02-13,0.0464,0.0431,0.0431,0.0446,-33.0,15.0
2024-02-14,0.0456,0.0425,0.0427,0.0445,-29.0,20.0
2024-02-15,0.0456,0.0422,0.0424,0.0442,-32.0,20.0
2024-02-16,0.0464,0.0429,0.043,0.0445,-34.0,16.0
2024-02-20,0.0459,0.0425,0.0427,0.0444,-32.0,19.0
2024-02-21,0.0464,0.043,0.0432,0.0449,-32.0,19.0
2024-02-22,0.0469,0.0433,0.0433,0.0447,-36.0,14.0
2024-02-23,0.0467,0.0428,0.0426,0.0437,-41.0,9.0
2024-02-26,0.0469,0.0429,0.0428,0.044,-41.0,11.0
2024-02-27,0.047,0.0432,0.0431,0.0444,-39.0,12.0
2024-02-28,0.0464,0.0426,0.0427,0.044,-37.0,14.0
2024-02-29,0.0464,0.0426,0.0425,0.0438,-39.0,12.0
2024-03-01,0.0454,0.0417,0.0419,0.0433,-35.0,16.0
2024-03-04,0.0461,0.0421,0.0422,0.0436,-39.0,15.0
2024-03-05,0.0454,0.0413,0.0413,0.0427,-41.0,14.0
2024-03-06,0.0455,0.0412,0.0411,0.0424,-44.0,12.0
2024-03-07,0.045,0.0407,0.0409,0.0425,-41.0,18.0
2024-03-08,0.0448,0.0406,0.0409,0.0426,-39.0,20.0
2024-03-11,0.0451,0.0408,0.041,0.0426,-41.0,18.0
2024-03-12,0.0458,0.0415,0.0416,0.0431,-42.0,16.0
2024-03-13,0.0461,0.0419,0.0419,0.0435,-42.0,16.0
2024-03-14,0.0468,0.0429,0.0429,0.0444,-39.0,15.0
2024-03-15,0.0472,0.0433,0.0431,0.0443,-41.0,10.0
2024-03-18,0.0473,0.0436,0.0434,0.0446,-39.0,10.0
2024-03-19,0.0468,0.0431,0.043,0.0444,-38.0,13.0
2024-03-20,0.0459,0.0425,0.0427,0.0445,-32.0,20.0
2024-03-21,0.0462,0.0426,0.0427,0.0444,-35.0,18.0
2024-03-22,0.0459,0.042,0.0422,0.0439,-37.0,19.0
2024-03-25,0.0454,0.0423,0.0425,0.0442,-29.0,19.0
2024-03-26,0.0456,0.0422,0.0424,0.044,-32.0,18.0
2024-03-27,0.0454,0.0418,0.042,0.0436,-34.0,18.0
2024-03-28,0.0459,0.0421,0.042,0.0434,-39.0,13.0
2024-04-01,0.0472,0.0434,0.0433,0.0447,-39.0,13.0
2024-04-02,0.047,0.0435,0.0436,0.0451,-34.0,16.0
2024-04-03,0.0468,0.0434,0.0436,0.0451,-32.0,17.0
2024-04-04,0.0465,0.043,0.0431,0.0447,-34.0,17.0
2024-04-05,0.0473,0.0438,0.0439,0.0454,-34.0,16.0
2024-04-08,0.0478,0.0443,0.0442,0.0455,-36.0,12.0
2024-04-09,0.0474,0.0437,0.0436,0.045,-38.0,13.0
2024-04-10,0.0497,0.0461,0.0455,0.0464,-42.0,3.0
2024-04-11,0.0493,0.0461,0.0456,0.0465,-37.0,4.0
2024-04-12,0.0488,0.0454,0.045,0.0461,-38.0,7.0
2024-04-15,0.0493,0.0465,0.0463,0.0474,-30.0,9.0
2024-04-16,0.0497,0.0469,0.0467,0.0477,-30.0,8.0
2024-04-17,0.0493,0.0462,0.0459,0.0471,-34.0,9.0
2024-04-18,0.0498,0.0468,0.0464,0.0474,-34.0,6.0
2024-04-19,0.0497,0.0466,0.0462,0.0472,-35.0,6.0
2024-04-22,0.0497,0.0466,0.0462,0.0472,-35.0,6.0
2024-04-23,0.0486,0.0463,0.0461,0.0473,-25.0,10.0
2024-04-24,0.0489,0.0464,0.0465,0.0478,-24.0,14.0
2024-04-25,0.0496,0.047,0.047,0.0482,-26.0,12.0
2024-04-26,0.0496,0.0468,0.0467,0.0478,-29.0,10.0
2024-04-29,0.0497,0.0465,0.0463,0.0475,-34.0,10.0
2024-04-30,0.0504,0.0472,0.0469,0.0479,-35.0,7.0
2024-05-01,0.0496,0.0464,0.0463,0.0474,-33.0,10.0
2024-05-02,0.0487,0.0457,0.0458,0.0472,-29.0,15.0
2024-05-03,0.0481,0.0448,0.045,0.0466,-31.0,18.0
2024-05-06,0.0482,0.0448,0.0449,0.0464,-33.0,16.0
2024-05-07,0.0482,0.0448,0.0447,0.0461,-35.0,13.0
2024-05-08,0.0484,0.045,0.0448,0.0464,-36.0,14.0
2024-05-09,0.048,0.0447,0.0445,0.046,-35.0,13.0
2024-05-10,0.0487,0.0452,0.045,0.0464,-37.0,12.0
2024-05-13,0.0485,0.045,0.0448,0.0463,-37.0,13.0
2024-05-14,0.0481,0.0446,0.0445,0.0459,-36.0,13.0
2024-05-15,0.0473,0.0435,0.0436,0.0452,-37.0,17.0
2024-05-16,0.0478,0.044,0.0438,0.0452,-40.0,12.0
2024-05-17,0.0483,0.0444,0.0442,0.0456,-41.0,12.0
2024-05-20,0.0482,0.0446,0.0444,0.0458,-38.0,12.0
2024-05-21,0.0482,0.0443,0.0441,0.0455,-41.0,12.0
2024-05-22,0.0486,0.0447,0.0443,0.0455,-43.0,8.0
2024-05-23,0.0491,0.0452,0.0447,0.0458,-44.0,6.0
2024-05-24,0.0493,0.0453,0.0446,0.0457,-47.0,4.0
2024-05-28,0.0494,0.0456,0.0454,0.0466,-40.0,10.0
2024-05-29,0.0496,0.0463,0.0461,0.0474,-35.0,11.0
2024-05-30,0.0492,0.0457,0.0455,0.0469,-37.0,12.0
2024-05-31,0.0489,0.0452,0.0451,0.0465,-38.0,13.0
2024-06-03,0.0482,0.0442,0.0441,0.0455,-41.0,13.0
2024-06-04,0.0477,0.0435,0.0433,0.0448,-44.0,13.0
2024-06-05,0.0472,0.0431,0.0429,0.0444,-43.0,13.0
2024-06-06,0.0472,0.0429,0.0428,0.0443,-44.0,14.0
2024-06-07,0.0487,0.0446,0.0443,0.0455,-44.0,9.0
2024-06-10,0.0487,0.0448,0.0447,0.0459,-40.0,11.0
2024-06-11,0.0481,0.0441,0.0439,0.0453,-42.0,12.0
2024-06-12,0.0475,0.0432,0.0431,0.0447,-44.0,15.0
2024-06-13,0.0468,0.0424,0.0424,0.044,-44.0,16.0
2024-06-14,0.0467,0.0422,0.042,0.0434,-47.0,12.0
2024-06-17,0.0475,0.043,0.0428,0.044,-47.0,10.0
2024-06-18,0.0469,0.0424,0.0422,0.0436,-47.0,12.0
2024-06-20,0.047,0.0426,0.0425,0.0439,-45.0,13.0
2024-06-21,0.047,0.0426,0.0425,0.0439,-45.0,13.0
2024-06-24,0.0471,0.0427,0.0425,0.0438,-46.0,11.0
2024-06-25,0.0465,0.0425,0.0423,0.0436,-42.0,11.0
2024-06-26,0.0471,0.0432,0.0432,0.0445,-39.0,13.0
2024-06-27,0.047,0.0429,0.0429,0.0443,-41.0,14.0
2024-06-28,0.0471,0.0433,0.0436,0.0451,-35.0,18.0
2024-07-01,0.0477,0.0444,0.0448,0.0464,-29.0,20.0
2024-07-02,0.0474,0.0439,0.0443,0.046,-31.0,21.0
2024-07-03,0.0471,0.0433,0.0436,0.0453,-35.0,20.0
2024-07-05,0.046,0.0422,0.0428,0.0447,-32.0,25.0
2024-07-08,0.0462,0.0423,0.0428,0.0446,-34.0,23.0
2024-07-09,0.0462,0.0424,0.043,0.0449,-32.0,25.0
2024-07-10,0.0462,0.0424,0.0428,0.0447,-34.0,23.0
2024-07-11,0.045,0.0413,0.042,0.0441,-30.0,28.0
2024-07-12,0.0445,0.041,0.0418,0.0439,-27.0,29.0
2024-07-15,0.0444,0.0413,0.0423,0.0446,-21.0,33.0
2024-07-16,0.0443,0.0409,0.0417,0.0438,-26.0,29.0
2024-07-17,0.0442,0.0407,0.0416,0.0437,-26.0,30.0
2024-07-18,0.0446,0.0411,0.042,0.0441,-26.0,30.0
2024-07-19,0.0449,0.0416,0.0425,0.0445,-24.0,29.0
2024-07-22,0.045,0.0417,0.0426,0.0448,-24.0,31.0
2024-07-23,0.044,0.0415,0.0425,0.0448,-15.0,33.0
2024-07-24,0.0437,0.0412,0.0428,0.0454,-9.0,42.0
2024-07-25,0.0441,0.0413,0.0427,0.045,-14.0,37.0
2024-07-26,0.0436,0.0406,0.042,0.0445,-16.0,39.0
2024-07-29,0.0436,0.0405,0.0417,0.0442,-19.0,37.0
2024-07-30,0.0435,0.0403,0.0415,0.044,-20.0,37.0
2024-07-31,0.0429,0.0397,0.0409,0.0435,-20.0,38.0
2024-08-01,0.0416,0.0384,0.0399,0.0427,-17.0,43.0
2024-08-02,0.0388,0.0362,0.038,0.0411,-8.0,49.0
2024-08-05,0.0389,0.0362,0.0378,0.0406,-11.0,44.0
2024-08-06,0.0399,0.0373,0.039,0.0418,-9.0,45.0
2024-08-07,0.04,0.0379,0.0396,0.0426,-4.0,47.0
2024-08-08,0.0404,0.0383,0.0399,0.0428,-5.0,45.0
2024-08-09,0.0405,0.038,0.0394,0.0423,-11.0,43.0
2024-08-12,0.0401,0.0375,0.039,0.0419,-11.0,44.0
2024-08-13,0.0393,0.0368,0.0385,0.0416,-8.0,48.0
2024-08-14,0.0394,0.0367,0.0383,0.0412,-11.0,45.0
2024-08-15,0.0408,0.0379,0.0392,0.0418,-16.0,39.0
2024-08-16,0.0406,0.0377,0.0389,0.0415,-17.0,38.0
2024-08-19,0.0406,0.0375,0.0386,0.0411,-20.0,36.0
2024-08-20,0.0399,0.037,0.0382,0.0407,-17.0,37.0
2024-08-21,0.0392,0.0364,0.0379,0.0406,-13.0,42.0
2024-08-22,0.0399,0.0372,0.0386,0.0413,-13.0,41.0
2024-08-23,0.039,0.0365,0.0381,0.041,-9.0,45.0
2024-08-26,0.0391,0.0366,0.0382,0.0411,-9.0,45.0
2024-08-27,0.0383,0.0366,0.0383,0.0413,0.0,47.0
2024-08-28,0.0383,0.0363,0.0384,0.0413,1.0,50.0
2024-08-29,0.0387,0.0366,0.0387,0.0415,0.0,49.0
2024-08-30,0.0391,0.0371,0.0391,0.042,0.0,49.0
2024-09-03,0.0388,0.0365,0.0384,0.0413,-4.0,48.0
2024-09-04,0.0376,0.0356,0.0377,0.0406,1.0,50.0
2024-09-05,0.0375,0.0354,0.0373,0.0402,-2.0,48.0
2024-09-06,0.0366,0.035,0.0372,0.0403,6.0,53.0
2024-09-09,0.0368,0.0349,0.037,0.04,2.0,51.0
2024-09-10,0.0359,0.0343,0.0365,0.0397,6.0,54.0
2024-09-11,0.0362,0.0345,0.0365,0.0396,3.0,51.0
2024-09-12,0.0364,0.0347,0.0368,0.04,4.0,53.0
2024-09-13,0.0357,0.0343,0.0366,0.0398,9.0,55.0
2024-09-16,0.0356,0.0341,0.0363,0.0394,7.0,53.0
2024-09-17,0.0359,0.0344,0.0365,0.0396,6.0,52.0
2024-09-18,0.0361,0.0347,0.037,0.0403,9.0,56.0
2024-09-19,0.0359,0.0349,0.0373,0.0406,14.0,57.0
2024-09-20,0.0355,0.0348,0.0373,0.0407,18.0,59.0
2024-09-23,0.0357,0.0351,0.0375,0.0409,18.0,58.0
2024-09-24,0.0349,0.0347,0.0374,0.0409,25.0,62.0
2024-09-25,0.0353,0.0352,0.0379,0.0414,26.0,62.0
2024-09-26,0.036,0.0355,0.0379,0.0412,19.0,57.0
2024-09-27,0.0355,0.035,0.0375,0.041,20.0,60.0
2024-09-30,0.0366,0.0358,0.0381,0.0414,15.0,56.0
2024-10-01,0.0361,0.0351,0.0374,0.0408,13.0,57.0
2024-10-02,0.0363,0.0355,0.0379,0.0414,16.0,59.0
2024-10-03,0.037,0.0362,0.0385,0.0418,15.0,56.0
2024-10-04,0.0393,0.0381,0.0398,0.0426,5.0,45.0
2024-10-07,0.0399,0.0386,0.0403,0.043,4.0,44.0
2024-10-08,0.0398,0.0386,0.0404,0.0432,6.0,46.0
2024-10-09,0.0399,0.0391,0.0406,0.0434,7.0,43.0
2024-10-10,0.0398,0.0391,0.0409,0.0438,11.0,47.0
2024-10-11,0.0395,0.0388,0.0408,0.0439,13.0,51.0
2024-10-15,0.0395,0.0386,0.0403,0.0432,8.0,46.0
2024-10-16,0.0393,0.0384,0.0402,0.043,9.0,46.0
2024-10-17,0.0396,0.039,0.0409,0.0439,13.0,49.0
2024-10-18,0.0395,0.0388,0.0408,0.0438,13.0,50.0
2024-10-21,0.0402,0.0398,0.0419,0.0449,17.0,51.0
2024-10-22,0.0403,0.04,0.042,0.0449,17.0,49.0
2024-10-23,0.0407,0.0405,0.0424,0.0451,17.0,46.0
2024-10-24,0.0407,0.0403,0.0421,0.0447,14.0,44.0
2024-10-25,0.0411,0.0407,0.0425,0.0451,14.0,44.0
2024-10-28,0.0412,0.0411,0.0428,0.0453,16.0,42.0
2024-10-29,0.0411,0.0411,0.0428,0.0452,17.0,41.0
2024-10-30,0.0415,0.0414,0.0429,0.0449,14.0,35.0
2024-10-31,0.0416,0.0415,0.0428,0.0447,12.0,32.0
2024-11-01,0.0421,0.0422,0.0437,0.0457,16.0,35.0
2024-11-04,0.0417,0.0417,0.0431,0.045,14.0,33.0
2024-11-05,0.0419,0.0416,0.0426,0.0444,7.0,28.0
2024-11-06,0.0427,0.0427,0.0442,0.046,15.0,33.0
2024-11-07,0.0421,0.0417,0.0431,0.0452,10.0,35.0
2024-11-08,0.0426,0.042,0.043,0.0447,4.0,27.0
2024-11-12,0.0434,0.0432,0.0443,0.0458,9.0,26.0
2024-11-13,0.0427,0.043,0.0444,0.0463,17.0,33.0
2024-11-14,0.0434,0.0432,0.0443,0.0458,9.0,26.0
2024-11-15,0.0431,0.043,0.0443,0.046,12.0,30.0
2024-11-18,0.0429,0.0428,0.0442,0.0461,13.0,33.0
2024-11-19,0.0427,0.0425,0.0439,0.0457,12.0,32.0
2024-11-20,0.0431,0.0428,0.0441,0.0459,10.0,31.0
2024-11-21,0.0434,0.043,0.0443,0.0461,9.0,31.0
2024-11-22,0.0437,0.043,0.0441,0.046,4.0,30.0
2024-11-25,0.0421,0.0417,0.0427,0.0445,6.0,28.0
2024-11-26,0.0421,0.0417,0.043,0.0448,9.0,31.0
2024-11-27,0.0419,0.0411,0.0425,0.0444,6.0,33.0
2024-11-29,0.0413,0.0405,0.0418,0.0436,5.0,31.0
2024-12-02,0.0417,0.0408,0.0419,0.0436,2.0,28.0
2024-12-03,0.0417,0.0411,0.0423,0.044,6.0,29.0
2024-12-04,0.0413,0.0407,0.0419,0.0435,6.0,28.0
2024-12-05,0.0415,0.0407,0.0417,0.0433,2.0,26.0
2024-12-06,0.041,0.0403,0.0415,0.0434,5.0,31.0
2024-12-09,0.0413,0.0407,0.042,0.0439,7.0,32.0
2024-12-10,0.0415,0.0409,0.0422,0.0441,7.0,32.0
2024-12-11,0.0415,0.0413,0.0426,0.0448,11.0,35.0
2024-12-12,0.0418,0.0418,0.0432,0.0455,14.0,37.0
2024-12-13,0.0425,0.0425,0.044,0.0461,15.0,36.0
2024-12-16,0.0425,0.0425,0.0439,0.046,14.0,35.0
2024-12-17,0.0425,0.0426,0.044,0.0459,15.0,33.0
2024-12-18,0.0435,0.044,0.045,0.0465,15.0,25.0
2024-12-19,0.0432,0.0443,0.0457,0.0474,25.0,31.0
2024-12-20,0.043,0.0437,0.0452,0.0472,22.0,35.0
2024-12-23,0.043,0.0444,0.0459,0.0478,29.0,34.0
2024-12-24,0.0429,0.0443,0.0459,0.0476,30.0,33.0
2024-12-26,0.043,0.0442,0.0458,0.0476,28.0,34.0
2024-12-27,0.0431,0.0445,0.0462,0.0482,31.0,37.0
2024-12-30,0.0424,0.0437,0.0455,0.0477,31.0,40.0
2024-12-31,0.0425,0.0438,0.0458,0.0478,33.0,40.0
2025-01-02,0.0425,0.0438,0.0457,0.0479,32.0,41.0
2025-01-03,0.0428,0.0441,0.046,0.0482,32.0,41.0
2025-01-06,0.0428,0.0442,0.0462,0.0485,34.0,43.0
2025-01-07,0.043,0.0446,0.0467,0.0491,37.0,45.0
2025-01-08,0.0428,0.0445,0.0467,0.0491,39.0,46.0
2025-01-09,0.0427,0.0446,0.0468,0.0492,41.0,46.0
2025-01-10,0.044,0.0459,0.0477,0.0496,37.0,37.0
2025-01-13,0.044,0.0461,0.0479,0.0497,39.0,36.0
2025-01-14,0.0437,0.0459,0.0478,0.0498,41.0,39.0
2025-01-15,0.0427,0.0445,0.0466,0.0488,39.0,43.0
2025-01-16,0.0423,0.0439,0.0461,0.0484,38.0,45.0
2025-01-17,0.0427,0.0442,0.0461,0.0484,34.0,42.0
2025-01-21,0.0429,0.044,0.0457,0.048,28.0,40.0
2025-01-22,0.0429,0.0443,0.046,0.0482,31.0,39.0
2025-01-23,0.0429,0.0445,0.0465,0.0487,36.0,42.0
2025-01-24,0.0427,0.0443,0.0463,0.0485,36.0,42.0
2025-01-27,0.0417,0.0432,0.0453,0.0476,36.0,44.0
2025-01-28,0.0419,0.0433,0.0455,0.0478,36.0,45.0
2025-01-29,0.0421,0.0435,0.0455,0.0479,34.0,44.0
2025-01-30,0.0418,0.0431,0.0452,0.0476,34.0,45.0
2025-01-31,0.0422,0.0436,0.0458,0.0483,36.0,47.0
2025-02-03,0.0426,0.0435,0.0454,0.0477,28.0,42.0
2025-02-04,0.0421,0.0431,0.0452,0.0475,31.0,44.0
2025-02-05,0.0417,0.0424,0.0443,0.0464,26.0,40.0
2025-02-06,0.0421,0.0428,0.0445,0.0465,24.0,37.0
2025-02-07,0.0429,0.0434,0.0449,0.0469,20.0,35.0
2025-02-10,0.0428,0.0434,0.0451,0.0471,23.0,37.0
2025-02-11,0.0429,0.0437,0.0454,0.0475,25.0,38.0
2025-02-12,0.0436,0.0448,0.0462,0.0483,26.0,35.0
2025-02-13,0.0431,0.0439,0.0452,0.0472,21.0,33.0
2025-02-14,0.0426,0.0433,0.0447,0.0469,21.0,36.0
2025-02-18,0.0429,0.044,0.0455,0.0477,26.0,37.0
2025-02-19,0.0428,0.0437,0.0453,0.0476,25.0,39.0
2025-02-20,0.0428,0.0434,0.045,0.0474,22.0,40.0
2025-02-21,0.0419,0.0426,0.0442,0.0467,23.0,41.0
2025-02-24,0.0413,0.0423,0.044,0.0466,27.0,43.0
2025-02-25,0.0407,0.0412,0.043,0.0455,23.0,43.0
2025-02-26,0.0405,0.0406,0.0425,0.0451,20.0,45.0
2025-02-27,0.0407,0.0409,0.0429,0.0456,22.0,47.0
2025-02-28,0.0399,0.0403,0.0424,0.0451,25.0,48.0
2025-03-03,0.0396,0.0397,0.0416,0.0445,20.0,48.0
2025-03-04,0.0396,0.0401,0.0422,0.0453,26.0,52.0
2025-03-05,0.0399,0.0408,0.0428,0.0457,29.0,49.0
2025-03-06,0.0396,0.0406,0.0429,0.0458,33.0,52.0
2025-03-07,0.0399,0.0409,0.0432,0.0462,33.0,53.0
2025-03-10,0.0389,0.0398,0.0422,0.0454,33.0,56.0
2025-03-11,0.0394,0.0403,0.0428,0.0459,34.0,56.0
2025-03-12,0.0401,0.0409,0.0432,0.0463,31.0,54.0
2025-03-13,0.0394,0.0402,0.0427,0.0459,33.0,57.0
2025-03-14,0.0402,0.0409,0.0431,0.0462,29.0,53.0
2025-03-17,0.0406,0.0411,0.0431,0.046,25.0,49.0
2025-03-18,0.0404,0.0407,0.0429,0.0458,25.0,51.0
2025-03-19,0.0399,0.0403,0.0425,0.0456,26.0,53.0
2025-03-20,0.0395,0.0401,0.0424,0.0455,29.0,54.0
2025-03-21,0.0394,0.04,0.0425,0.0459,31.0,59.0
2025-03-24,0.0404,0.0409,0.0434,0.0466,30.0,57.0
2025-03-25,0.0396,0.0407,0.0431,0.0465,35.0,58.0
2025-03-26,0.0398,0.0408,0.0435,0.0469,37.0,61.0
2025-03-27,0.0397,0.0409,0.0438,0.0473,41.0,64.0
2025-03-28,0.0389,0.0398,0.0427,0.0464,38.0,66.0
2025-03-31,0.0389,0.0396,0.0423,0.0459,34.0,63.0
2025-04-01,0.0387,0.0391,0.0417,0.0452,30.0,61.0
2025-04-02,0.0391,0.0395,0.042,0.0454,29.0,59.0
2025-04-03,0.0371,0.0375,0.0406,0.0449,35.0,74.0
2025-04-04,0.0368,0.0372,0.0401,0.0441,33.0,69.0
2025-04-07,0.0373,0.0382,0.0415,0.0458,42.0,76.0
2025-04-08,0.0371,0.0388,0.0426,0.0471,55.0,83.0
2025-04-09,0.0391,0.0406,0.0434,0.0472,43.0,66.0
2025-04-10,0.0384,0.0404,0.044,0.0486,56.0,82.0
2025-04-11,0.0396,0.0415,0.0448,0.0485,52.0,70.0
2025-04-14,0.0384,0.0402,0.0438,0.048,54.0,78.0
2025-04-15,0.0384,0.0398,0.0435,0.0479,51.0,81.0
2025-04-16,0.0377,0.0391,0.0429,0.0474,52.0,83.0
2025-04-17,0.0381,0.0395,0.0434,0.048,53.0,85.0
2025-04-21,0.0375,0.0397,0.0442,0.0491,67.0,94.0
2025-04-22,0.0376,0.0398,0.0441,0.0488,65.0,90.0
2025-04-23,0.0381,0.04,0.044,0.0483,59.0,83.0
2025-04-24,0.0377,0.0391,0.0432,0.0477,55.0,86.0
2025-04-25,0.0374,0.0388,0.0429,0.0474,55.0,86.0
2025-04-28,0.0367,0.0381,0.0423,0.0469,56.0,88.0
2025-04-29,0.0365,0.0377,0.0419,0.0464,54.0,87.0
2025-04-30,0.036,0.0372,0.0417,0.0466,57.0,94.0
2025-05-01,0.037,0.0381,0.0425,0.0474,55.0,93.0
2025-05-02,0.0383,0.0392,0.0433,0.0479,50.0,87.0
2025-05-05,0.0383,0.0395,0.0436,0.0483,53.0,88.0
2025-05-06,0.0378,0.039,0.043,0.0481,52.0,91.0
2025-05-07,0.0378,0.0387,0.0426,0.0477,48.0,90.0
2025-05-08,0.039,0.04,0.0437,0.0483,47.0,83.0
2025-05-09,0.0388,0.04,0.0437,0.0483,49.0,83.0
2025-05-12,0.0398,0.0409,0.0445,0.0489,47.0,80.0
2025-05-13,0.0402,0.0412,0.0449,0.0494,47.0,82.0
2025-05-14,0.0405,0.0417,0.0453,0.0497,48.0,80.0
2025-05-15,0.0396,0.0407,0.0445,0.0491,49.0,84.0
2025-05-16,0.0398,0.0406,0.0443,0.0489,45.0,83.0
2025-05-19,0.0397,0.0407,0.0446,0.0492,49.0,85.0
2025-05-20,0.0397,0.0407,0.0448,0.0496,51.0,89.0
2025-05-21,0.04,0.0415,0.0458,0.0508,58.0,93.0
2025-05-22,0.04,0.0411,0.0454,0.0505,54.0,94.0
2025-05-23,0.04,0.0408,0.0451,0.0504,51.0,96.0
2025-05-27,0.0392,0.0404,0.0443,0.0494,51.0,90.0
2025-05-28,0.0396,0.0405,0.0447,0.0497,51.0,92.0
2025-05-29,0.0392,0.04,0.0443,0.0492,51.0,92.0
2025-05-30,0.0389,0.0396,0.0441,0.0492,52.0,96.0
2025-06-02,0.0394,0.0401,0.0446,0.0499,52.0,98.0
2025-06-03,0.0396,0.0404,0.0446,0.0498,50.0,94.0
2025-06-04,0.0387,0.0393,0.0437,0.0489,50.0,96.0
2025-06-05,0.0392,0.0399,0.044,0.0488,48.0,89.0
2025-06-06,0.0404,0.0413,0.0451,0.0497,47.0,84.0
2025-06-09,0.0401,0.0409,0.0449,0.0495,48.0,86.0
2025-06-10,0.0401,0.0408,0.0447,0.0493,46.0,85.0
2025-06-11,0.0394,0.0402,0.0441,0.0491,47.0,89.0
2025-06-12,0.039,0.0397,0.0436,0.0484,46.0,87.0
2025-06-13,0.0396,0.0402,0.0441,0.049,45.0,88.0
2025-06-16,0.0397,0.0404,0.0446,0.0496,49.0,92.0
2025-06-17,0.0394,0.0399,0.0439,0.0488,45.0,89.0
2025-06-18,0.0394,0.0398,0.0438,0.0488,44.0,90.0
2025-06-20,0.039,0.0396,0.0438,0.0489,48.0,93.0
2025-06-23,0.0384,0.0391,0.0434,0.0487,50.0,96.0
2025-06-24,0.0375,0.0386,0.043,0.0483,55.0,97.0
2025-06-25,0.0374,0.0383,0.0429,0.0483,55.0,100.0
2025-06-26,0.037,0.0379,0.0426,0.0481,56.0,102.0
2025-06-27,0.0373,0.0383,0.0429,0.0485,56.0,102.0
2025-06-30,0.0372,0.0379,0.0424,0.0478,52.0,99.0
2025-07-01,0.0378,0.0384,0.0426,0.0478,48.0,94.0
2025-07-02,0.0378,0.0387,0.043,0.0482,52.0,95.0
2025-07-03,0.0388,0.0394,0.0435,0.0486,47.0,92.0
2025-07-07,0.039,0.0396,0.044,0.0492,50.0,96.0
2025-07-08,0.039,0.0399,0.0442,0.0494,52.0,95.0
2025-07-09,0.0386,0.0392,0.0434,0.0487,48.0,95.0
2025-07-10,0.0386,0.0393,0.0435,0.0486,49.0,93.0
2025-07-11,0.039,0.0399,0.0443,0.0496,53.0,97.0
2025-07-14,0.039,0.0398,0.0443,0.0497,53.0,99.0
2025-07-15,0.0395,0.0405,0.045,0.0501,55.0,96.0
2025-07-16,0.0388,0.0399,0.0446,0.0501,58.0,102.0
2025-07-17,0.0391,0.0401,0.0447,0.0501,56.0,100.0
2025-07-18,0.0388,0.0396,0.0444,0.05,56.0,104.0
2025-07-21,0.0385,0.0391,0.0438,0.0494,53.0,103.0
2025-07-22,0.0383,0.0388,0.0435,0.049,52.0,102.0
2025-07-23,0.0388,0.0394,0.044,0.0495,52.0,101.0
2025-07-24,0.0391,0.0398,0.0443,0.0496,52.0,98.0
2025-07-25,0.0391,0.0395,0.044,0.0492,49.0,97.0
2025-07-28,0.0391,0.0396,0.0442,0.0496,51.0,100.0
2025-07-29,0.0386,0.039,0.0434,0.0486,48.0,96.0
2025-07-30,0.0394,0.0396,0.0438,0.0489,44.0,93.0
2025-07-31,0.0394,0.0396,0.0437,0.0489,43.0,93.0
2025-08-01,0.0369,0.0377,0.0423,0.0481,54.0,104.0
2025-08-04,0.0369,0.0375,0.0422,0.048,53.0,105.0
2025-08-05,0.0372,0.0377,0.0422,0.0478,50.0,101.0
2025-08-06,0.0369,0.0377,0.0422,0.0481,53.0,104.0
2025-08-07,0.0372,0.0379,0.0423,0.0481,51.0,102.0
2025-08-08,0.0376,0.0384,0.0427,0.0485,51.0,101.0
2025-08-11,0.0376,0.0383,0.0427,0.0484,51.0,101.0
2025-08-12,0.0372,0.0383,0.0429,0.0488,57.0,105.0
2025-08-13,0.0367,0.0377,0.0424,0.0483,57.0,106.0
2025-08-14,0.0374,0.0382,0.0429,0.0488,55.0,106.0
2025-08-15,0.0375,0.0385,0.0433,0.0492,58.0,107.0
2025-08-18,0.0377,0.0386,0.0434,0.0494,57.0,108.0
2025-08-19,0.0375,0.0382,0.043,0.049,55.0,108.0
2025-08-20,0.0374,0.0381,0.0429,0.0489,55.0,108.0
2025-08-21,0.0379,0.0386,0.0433,0.0492,54.0,106.0
2025-08-22,0.0368,0.0376,0.0426,0.0488,58.0,112.0
2025-08-25,0.0373,0.038,0.0428,0.0489,55.0,109.0
2025-08-26,0.0361,0.0375,0.0426,0.049,65.0,115.0
2025-08-27,0.0359,0.0369,0.0424,0.0491,65.0,122.0
2025-08-28,0.0362,0.0369,0.0422,0.0488,60.0,119.0
2025-08-29,0.0359,0.0368,0.0423,0.0492,64.0,124.0
2025-09-02,0.0366,0.0374,0.0428,0.0497,62.0,123.0
2025-09-03,0.0361,0.0369,0.0422,0.049,61.0,121.0
2025-09-04,0.0359,0.0365,0.0417,0.0486,58.0,121.0
2025-09-05,0.0351,0.0359,0.041,0.0478,59.0,119.0
2025-09-08,0.0349,0.0357,0.0405,0.0469,56.0,112.0
2025-09-09,0.0354,0.0361,0.0408,0.0472,54.0,111.0
2025-09-10,0.0354,0.0359,0.0404,0.0469,50.0,110.0
2025-09-11,0.0352,0.0359,0.0401,0.0465,49.0,106.0
2025-09-12,0.0356,0.0363,0.0406,0.0468,50.0,105.0
2025-09-15,0.0354,0.0361,0.0405,0.0466,51.0,105.0
2025-09-16,0.0351,0.0359,0.0404,0.0465,53.0,106.0
2025-09-17,0.0352,0.0362,0.0406,0.0466,54.0,104.0
2025-09-18,0.0357,0.0367,0.0411,0.0472,54.0,105.0
2025-09-19,0.0357,0.0368,0.0414,0.0475,57.0,107.0
2025-09-22,0.0361,0.0371,0.0415,0.0477,54.0,106.0
2025-09-23,0.0353,0.0368,0.0412,0.0473,59.0,105.0
2025-09-24,0.0357,0.037,0.0416,0.0476,59.0,106.0
2025-09-25,0.0364,0.0375,0.0418,0.0475,54.0,100.0
2025-09-26,0.0363,0.0376,0.042,0.0477,57.0,101.0
2025-09-29,0.0363,0.0374,0.0415,0.0471,52.0,97.0
2025-09-30,0.036,0.0374,0.0416,0.0473,56.0,99.0
2025-10-01,0.0355,0.0368,0.0412,0.0472,57.0,104.0
2025-10-02,0.0355,0.0367,0.041,0.0469,55.0,102.0
2025-10-03,0.0358,0.0372,0.0413,0.0471,55.0,99.0
2025-10-06,0.036,0.0375,0.0418,0.0476,58.0,101.0
2025-10-07,0.0357,0.0371,0.0414,0.0473,57.0,102.0
2025-10-08,0.0358,0.0372,0.0413,0.0472,55.0,100.0
2025-10-09,0.036,0.0374,0.0414,0.0472,54.0,98.0
2025-10-10,0.0352,0.0365,0.0405,0.0463,53.0,98.0
2025-10-14,0.0348,0.036,0.0403,0.0462,55.0,102.0
2025-10-15,0.035,0.0363,0.0405,0.0464,55.0,101.0
2025-10-16,0.0341,0.0355,0.0399,0.0458,58.0,103.0
2025-10-17,0.0346,0.0359,0.0402,0.046,56.0,101.0
2025-10-20,0.0346,0.0358,0.04,0.0458,54.0,100.0
2025-10-21,0.0345,0.0356,0.0398,0.0455,53.0,99.0
2025-10-22,0.0345,0.0356,0.0397,0.0454,52.0,98.0
2025-10-23,0.0348,0.0361,0.0401,0.0458,53.0,97.0
2025-10-24,0.0348,0.0361,0.0402,0.0459,54.0,98.0
2025-10-27,0.0348,0.0361,0.0401,0.0457,53.0,96.0
2025-10-28,0.0347,0.036,0.0399,0.0455,52.0,95.0
2025-10-29,0.0359,0.037,0.0408,0.0461,49.0,91.0
2025-10-30,0.0361,0.0372,0.0411,0.0465,50.0,93.0
2025-10-31,0.036,0.0371,0.0411,0.0467,51.0,96.0
2025-11-03,0.036,0.0372,0.0413,0.0469,53.0,97.0
2025-11-04,0.0358,0.0369,0.041,0.0467,52.0,98.0
2025-11-05,0.0363,0.0376,0.0417,0.0474,54.0,98.0
2025-11-06,0.0357,0.0369,0.0411,0.0469,54.0,100.0
2025-11-07,0.0355,0.0367,0.0411,0.047,56.0,103.0
2025-11-10,0.0358,0.0372,0.0413,0.0471,55.0,99.0
2025-11-12,0.0356,0.0368,0.0408,0.0467,52.0,99.0
2025-11-13,0.0358,0.0371,0.0411,0.047,53.0,99.0
2025-11-14,0.0362,0.0374,0.0414,0.0474,52.0,100.0
2025-11-17,0.036,0.0372,0.0413,0.0473,53.0,101.0
2025-11-18,0.0358,0.037,0.0412,0.0474,54.0,104.0
2025-11-19,0.0358,0.0371,0.0413,0.0475,55.0,104.0
2025-11-20,0.0355,0.0368,0.041,0.0473,55.0,105.0
2025-11-21,0.0351,0.0362,0.0406,0.0471,55.0,109.0
2025-11-24,0.0346,0.0361,0.0404,0.0468,58.0,107.0
2025-11-25,0.0343,0.0355,0.0401,0.0467,58.0,112.0
2025-11-26,0.0345,0.0356,0.04,0.0464,55.0,108.0
2025-11-28,0.0347,0.0359,0.0402,0.0467,55.0,108.0
2025-12-01,0.0354,0.0367,0.0409,0.0474,55.0,107.0
2025-12-02,0.0351,0.0366,0.0409,0.0474,58.0,108.0
2025-12-03,0.0349,0.0362,0.0406,0.0473,57.0,111.0
2025-12-04,0.0352,0.0368,0.0411,0.0476,59.0,108.0
2025-12-05,0.0356,0.0372,0.0414,0.0479,58.0,107.0
2025-12-08,0.0357,0.0375,0.0417,0.0481,60.0,106.0
2025-12-09,0.0361,0.0378,0.0418,0.048,57.0,102.0
2025-12-10,0.0354,0.0372,0.0413,0.0478,59.0,106.0
2025-12-11,0.0352,0.0372,0.0414,0.0479,62.0,107.0
2025-12-12,0.0352,0.0375,0.0419,0.0485,67.0,110.0
2025-12-15,0.0351,0.0373,0.0418,0.0484,67.0,111.0
2025-12-16,0.0348,0.0369,0.0415,0.0482,67.0,113.0
2025-12-17,0.0349,0.037,0.0416,0.0483,67.0,113.0
2025-12-18,0.0346,0.0366,0.0412,0.048,66.0,114.0
2025-12-19,0.0348,0.037,0.0416,0.0482,68.0,112.0
2025-12-22,0.0344,0.0371,0.0417,0.0484,73.0,113.0
2025-12-23,0.0348,0.0372,0.0418,0.0483,70.0,111.0
2025-12-24,0.0347,0.037,0.0415,0.0479,68.0,109.0
2025-12-26,0.0346,0.0368,0.0414,0.0481,68.0,113.0
2025-12-29,0.0345,0.0367,0.0412,0.048,67.0,113.0
2025-12-30,0.0345,0.0368,0.0414,0.0481,69.0,113.0
2025-12-31,0.0347,0.0373,0.0418,0.0484,71.0,111.0
2026-01-02,0.0347,0.0374,0.0419,0.0486,72.0,112.0
2026-01-05,0.0346,0.0371,0.0417,0.0485,71.0,114.0
2026-01-06,0.0347,0.0372,0.0418,0.0486,71.0,114.0
2026-01-07,0.0347,0.037,0.0415,0.0482,68.0,112.0
2026-01-08,0.0349,0.0374,0.0419,0.0485,70.0,111.0
2026-01-09,0.0354,0.0375,0.0418,0.0482,64.0,107.0
2026-01-12,0.0354,0.0377,0.0419,0.0483,65.0,106.0
2026-01-13,0.0353,0.0375,0.0418,0.0483,65.0,108.0
2026-01-14,0.0351,0.0372,0.0415,0.0479,64.0,107.0
2026-01-15,0.0356,0.0377,0.0417,0.0479,61.0,102.0
2026-01-16,0.0359,0.0382,0.0424,0.0483,65.0,101.0
2026-01-20,0.036,0.0386,0.043,0.0491,70.0,105.0
2026-01-21,0.036,0.0383,0.0426,0.0487,66.0,104.0
2026-01-22,0.0361,0.0385,0.0426,0.0484,65.0,99.0
2026-01-23,0.036,0.0384,0.0424,0.0482,64.0,98.0
2026-01-26,0.0356,0.0382,0.0422,0.048,66.0,98.0
2026-01-27,0.0353,0.0381,0.0424,0.0483,71.0,102.0
2026-01-28,0.0356,0.0383,0.0426,0.0485,70.0,102.0
2026-01-29,0.0353,0.038,0.0424,0.0485,71.0,105.0
2026-01-30,0.0352,0.0379,0.0426,0.0487,74.0,108.0
2026-02-02,0.0357,0.0383,0.0429,0.049,72.0,107.0
2026-02-03,0.0357,0.0383,0.0428,0.049,71.0,107.0
2026-02-04,0.0357,0.0383,0.0429,0.0491,72.0,108.0
2026-02-05,0.0347,0.0374,0.0421,0.0485,74.0,111.0
2026-02-06,0.035,0.0376,0.0422,0.0485,72.0,109.0
2026-02-09,0.0348,0.0375,0.0422,0.0485,74.0,110.0
2026-02-10,0.0345,0.037,0.0416,0.0478,71.0,108.0
2026-02-11,0.0352,0.0375,0.0418,0.0482,66.0,107.0
2026-02-12,0.0347,0.0367,0.0409,0.0472,62.0,105.0
2026-02-13,0.034,0.0361,0.0404,0.0469,64.0,108.0
2026-02-17,0.0343,0.0363,0.0405,0.0468,62.0,105.0
2026-02-18,0.0347,0.0366,0.0409,0.0471,62.0,105.0
2026-02-19,0.0347,0.0365,0.0408,0.047,61.0,105.0
2026-02-20,0.0348,0.0365,0.0408,0.0472,60.0,107.0
2026-02-23,0.0343,0.0359,0.0403,0.047,60.0,111.0
2026-02-24,0.0343,0.0361,0.0404,0.047,61.0,109.0
2026-02-25,0.0345,0.0361,0.0405,0.047,60.0,109.0
2026-02-26,0.0342,0.0357,0.0402,0.0467,60.0,110.0
2026-02-27,0.0338,0.0351,0.0397,0.0464,59.0,113.0
2026-03-02,0.0347,0.0362,0.0405,0.047,58.0,108.0
2026-03-03,0.0351,0.0363,0.0406,0.047,55.0,107.0
2026-03-04,0.0354,0.0367,0.0409,0.0472,55.0,105.0
2026-03-05,0.0357,0.0372,0.0413,0.0474,56.0,102.0
2026-03-06,0.0356,0.0372,0.0415,0.0477,59.0,105.0
2026-03-09,0.0356,0.0371,0.0412,0.0472,56.0,101.0
2026-03-10,0.0357,0.0373,0.0415,0.0478,58.0,105.0
2026-03-11,0.0364,0.0379,0.0421,0.0486,57.0,107.0
2026-03-12,0.0376,0.0388,0.0427,0.0488,51.0,100.0
2026-03-13,0.0373,0.0387,0.0428,0.049,55.0,103.0
2026-03-16,0.0368,0.038,0.0423,0.0486,55.0,106.0
2026-03-17,0.0368,0.0379,0.042,0.0485,52.0,106.0
2026-03-18,0.0376,0.0387,0.0426,0.0488,50.0,101.0
2026-03-19,0.0379,0.0388,0.0425,0.0483,46.0,95.0
2026-03-20,0.0388,0.0401,0.0439,0.0496,51.0,95.0
2026-03-23,0.0383,0.0395,0.0434,0.0491,51.0,96.0
2026-03-24,0.039,0.0403,0.0439,0.0494,49.0,91.0
2026-03-25,0.0384,0.0396,0.0433,0.0489,49.0,93.0
2026-03-26,0.0396,0.0408,0.0442,0.0493,46.0,85.0
2026-03-27,0.0388,0.0406,0.0444,0.0498,56.0,92.0
2026-03-30,0.0382,0.0397,0.0435,0.0491,53.0,94.0
2026-03-31,0.0379,0.0392,0.043,0.0488,51.0,96.0
2026-04-01,0.0381,0.0397,0.0433,0.0491,52.0,94.0
2026-04-02,0.0379,0.0394,0.0431,0.0488,52.0,94.0
2026-04-03,0.0384,0.0399,0.0435,0.0491,51.0,92.0
2026-04-06,0.0384,0.0398,0.0434,0.0489,50.0,91.0
2026-04-07,0.0381,0.0395,0.0433,0.049,52.0,95.0
2026-04-08,0.0379,0.0392,0.0429,0.0489,50.0,97.0
2026-04-09,0.0378,0.0391,0.0429,0.049,51.0,99.0
2026-04-10,0.0381,0.0394,0.0431,0.0491,50.0,97.0
2026-04-13,0.0378,0.0392,0.043,0.049,52.0,98.0
2026-04-14,0.0376,0.0387,0.0426,0.0487,50.0,100.0
2026-04-15,0.0376,0.039,0.0429,0.0489,53.0,99.0
2026-04-16,0.0378,0.0391,0.0432,0.0493,54.0,102.0
2026-04-17,0.0371,0.0384,0.0426,0.0488,55.0,104.0
2026-04-20,0.0372,0.0386,0.0426,0.0488,54.0,102.0
2026-04-21,0.0378,0.0391,0.043,0.0489,52.0,98.0
2026-04-22,0.0379,0.0391,0.043,0.049,51.0,99.0
2026-04-23,0.0383,0.0396,0.0434,0.0492,51.0,96.0
2026-04-24,0.0378,0.0392,0.0431,0.0491,53.0,99.0
2026-04-27,0.0378,0.0394,0.0435,0.0494,57.0,100.0
2026-04-28,0.0384,0.0397,0.0436,0.0494,52.0,97.0
2026-04-29,0.0392,0.0405,0.0442,0.0498,50.0,93.0
2026-04-30,0.0388,0.0402,0.044,0.0498,52.0,96.0
2026-05-01,0.0388,0.0402,0.0439,0.0497,51.0,95.0
2026-05-04,0.0395,0.0408,0.0445,0.0502,50.0,94.0
2026-05-05,0.0393,0.0408,0.0443,0.0498,50.0,90.0
2026-05-06,0.0387,0.0399,0.0436,0.0494,49.0,95.0
2026-05-07,0.0392,0.0404,0.0441,0.0497,49.0,93.0
2026-05-08,0.039,0.0402,0.0438,0.0495,48.0,93.0
2026-05-11,0.0395,0.0407,0.0442,0.0498,47.0,91.0
2026-05-12,0.04,0.0412,0.0446,0.0503,46.0,91.0
2026-05-13,0.0398,0.0412,0.0446,0.0503,48.0,91.0
2026-05-14,0.04,0.0413,0.0447,0.0502,47.0,89.0
2026-05-15,0.0409,0.0426,0.0459,0.0512,50.0,86.0
2026-05-18,0.0407,0.0427,0.0461,0.0514,54.0,87.0
2026-05-19,0.0413,0.0432,0.0467,0.0518,54.0,86.0
2026-05-20,0.0404,0.0422,0.0457,0.0511,53.0,89.0
2026-05-21,0.0408,0.0425,0.0457,0.051,49.0,85.0
2026-05-22,0.0413,0.0427,0.0456,0.0507,43.0,80.0
2026-05-26,0.0401,0.0419,0.045,0.0503,49.0,84.0
2026-05-27,0.04,0.0417,0.0448,0.0501,48.0,84.0
2026-05-28,0.0399,0.0415,0.0445,0.0498,46.0,83.0
2026-05-29,0.0398,0.0413,0.0445,0.0499,47.0,86.0
2026-06-01,0.0405,0.0418,0.0447,0.0499,42.0,81.0
2026-06-02,0.0405,0.0417,0.0446,0.0497,41.0,80.0
2026-06-03,0.0408,0.0421,0.0449,0.0499,41.0,78.0
2026-06-04,0.0405,0.0418,0.0447,0.0497,42.0,79.0
2026-06-05,0.0417,0.0429,0.0455,0.0501,38.0,72.0
2026-06-08,0.0415,0.0429,0.0456,0.0503,41.0,74.0
2026-06-09,0.0413,0.0426,0.0453,0.0501,40.0,75.0
2026-06-10,0.0413,0.0427,0.0455,0.0503,42.0,76.0
2026-06-11,0.0405,0.0418,0.0445,0.0495,40.0,77.0
2026-06-12,0.0409,0.0421,0.0448,0.0497,39.0,76.0
2026-06-15,0.0407,0.0418,0.0447,0.0497,40.0,79.0
2026-06-16,0.0405,0.0416,0.0443,0.0493,38.0,77.0
2026-06-17,0.042,0.0427,0.0449,0.0493,29.0,66.0
2026-06-18,0.0419,0.0423,0.0446,0.049,27.0,67.0
2026-06-22,0.0424,0.0429,0.0451,0.0495,27.0,66.0
2026-06-23,0.0416,0.0427,0.045,0.0494,34.0,67.0
2026-06-24,0.0411,0.0417,0.0441,0.0486,30.0,69.0
2026-06-25,0.0409,0.0415,0.044,0.0486,31.0,71.0
2026-06-26,0.0407,0.0412,0.0438,0.0487,31.0,75.0
2026-06-29,0.041,0.0414,0.0438,0.0486,28.0,72.0
2026-06-30,0.0414,0.0419,0.0444,0.0491,30.0,72.0
2026-07-01,0.0417,0.0424,0.0448,0.0497,31.0,73.0
2026-07-02,0.0414,0.0423,0.0449,0.0498,35.0,75.0
2026-07-06,0.0413,0.0421,0.0448,0.0499,35.0,78.0
2026-07-07,0.0419,0.0427,0.0455,0.0505,36.0,78.0
2026-07-08,0.0421,0.0431,0.0456,0.0506,35.0,75.0
2026-07-09,0.0416,0.0427,0.0454,0.0505,38.0,78.0
2026-07-10,0.0421,0.043,0.0456,0.0506,35.0,76.0
2026-07-13,0.0426,0.0437,0.0462,0.051,36.0,73.0
2026-07-14,0.0418,0.0431,0.0458,0.0508,40.0,77.0
2026-07-15,0.0413,0.0426,0.0455,0.0508,42.0,82.0
2026-07-16,0.0416,0.0428,0.0457,0.0509,41.0,81.0
2026-07-17,0.0418,0.0428,0.0455,0.0506,37.0,78.0
2026-07-20,0.0421,0.0433,0.046,0.0511,39.0,78.0
2026-07-21,0.0426,0.0437,0.0463,0.0513,37.0,76.0
2026-07-22,0.0431,0.0441,0.0467,0.0515,36.0,74.0
2026-07-23,0.0437,0.0446,0.0471,0.0517,34.0,71.0
2026-07-24,0.0433,0.0443,0.0469,0.0516,36.0,73.0
2026-07-27,0.0431,0.044,0.0465,0.0512,34.0,72.0
2026-07-28,0.0426,0.0435,0.0461,0.0509,35.0,74.0
2026-07-29,0.0422,0.0437,0.0467,0.052,45.0,83.0
2026-07-30,0.0423,0.0438,0.0468,0.0521,45.0,83.0
2026-07-31,0.0428,0.0445,0.0475,0.0527,47.0,82.0
2026-08-03,0.0425,0.044,0.047,0.0523,45.0,83.0
2026-08-04,0.042,0.0433,0.0463,0.0518,43.0,85.0
2026-08-05,0.0418,0.0433,0.0463,0.0517,45.0,84.0
2026-08-06,0.0425,0.044,0.0469,0.0522,44.0,82.0
2026-08-07,0.0419,0.0435,0.0465,0.0519,46.0,84.0
2026-08-10,0.0425,0.0441,0.0472,0.0525,47.0,84.0
2026-08-11,0.0422,0.0439,0.047,0.0524,48.0,85.0
2026-08-12,0.042,0.0438,0.0468,0.0524,48.0,86.0
2026-08-13,0.0415,0.0432,0.0463,0.0521,48.0,89.0
2026-08-14,0.0417,0.0436,0.0468,0.0525,51.0,89.0
2026-08-17,0.0419,0.0438,0.0472,0.0531,53.0,93.0
2026-08-18,0.0419,0.0437,0.0471,0.0528,52.0,91.0
2026-08-19,0.0419,0.0435,0.0465,0.0519,46.0,84.0
2026-08-20,0.0419,0.0439,0.0469,0.0523,50.0,84.0
2026-08-21,0.0424,0.0443,0.0474,0.0527,50.0,84.0
2026-08-24,0.0424,0.0441,0.047,0.0523,46.0,82.0
2026-08-25,0.0417,0.0435,0.0464,0.0517,47.0,82.0
2026-08-26,0.0419,0.0437,0.0466,0.0518,47.0,81.0
2026-08-27,0.042,0.0438,0.0467,0.0519,47.0,81.0
2026-08-28,0.0434,0.0448,0.0473,0.0522,39.0,74.0
2026-08-31,0.0434,0.0449,0.0475,0.0525,41.0,76.0
2026-09-01,0.0439,0.0455,0.0479,0.0527,40.0,72.0
2026-09-02,0.0439,0.0454,0.0479,0.0527,40.0,73.0
2026-09-03,0.0434,0.0452,0.0477,0.0525,43.0,73.0
2026-09-04,0.0437,0.0454,0.0478,0.0524,41.0,70.0
2026-09-08,0.0439,0.0457,0.048,0.0525,41.0,68.0
2026-09-09,0.0443,0.0461,0.0483,0.0528,40.0,67.0
2026-09-10,0.0456,0.0475,0.0495,0.0537,39.0,62.0
